lecture,slide_id,concepts_single,concepts_multi,concept_coverage_loss,concept_jaccard_single_vs_multi,triples_single,triples_multi,triple_coverage_loss,triple_jaccard_single_vs_multi
Lecture 1,Slide1,2,5,0.6,0.4,1,1,0.0,1.0
Lecture 1,Slide10,1,4,0.75,0.25,4,5,0.2,0.8
Lecture 1,Slide11,6,9,0.3333333333333333,0.6666666666666666,3,4,0.25,0.75
Lecture 1,Slide12,5,8,0.375,0.625,3,5,0.4,0.6
Lecture 1,Slide13,7,9,0.2222222222222222,0.7777777777777778,1,2,0.5,0.5
Lecture 1,Slide14,1,4,0.75,0.25,1,1,0.0,1.0
Lecture 1,Slide15,5,7,0.2857142857142857,0.7142857142857143,1,2,0.5,0.5
Lecture 1,Slide16,1,4,0.75,0.25,1,2,0.5,0.5
Lecture 1,Slide17,5,7,0.2857142857142857,0.7142857142857143,1,1,0.0,1.0
Lecture 1,Slide18,6,9,0.3333333333333333,0.6666666666666666,0,0,0.0,1.0
Lecture 1,Slide19,4,7,0.42857142857142855,0.5714285714285714,0,0,0.0,1.0
Lecture 1,Slide2,1,4,0.75,0.25,1,2,0.5,0.5
Lecture 1,Slide20,2,13,0.8461538461538461,0.15384615384615385,0,0,0.0,1.0
Lecture 1,Slide21,5,11,0.5454545454545454,0.45454545454545453,1,1,0.0,1.0
Lecture 1,Slide22,3,7,0.5714285714285714,0.42857142857142855,3,3,0.0,1.0
Lecture 1,Slide23,1,13,0.9230769230769231,0.07692307692307693,1,2,0.5,0.5
Lecture 1,Slide24,5,11,0.5454545454545454,0.45454545454545453,1,1,0.0,1.0
Lecture 1,Slide25,4,8,0.5,0.5,1,1,0.0,1.0
Lecture 1,Slide26,2,4,0.5,0.5,2,3,0.3333333333333333,0.6666666666666666
Lecture 1,Slide27,3,5,0.4,0.6,1,1,0.0,1.0
Lecture 1,Slide28,0,0,0.0,1.0,0,0,0.0,1.0
Lecture 1,Slide29,4,13,0.6923076923076923,0.3076923076923077,0,0,0.0,1.0
Lecture 1,Slide3,6,8,0.25,0.75,1,1,0.0,1.0
Lecture 1,Slide30,6,9,0.3333333333333333,0.6666666666666666,1,2,0.5,0.5
Lecture 1,Slide31,2,4,0.5,0.5,2,2,0.0,1.0
Lecture 1,Slide32,1,7,0.8571428571428571,0.14285714285714285,1,1,0.0,1.0
Lecture 1,Slide33,1,11,0.9090909090909091,0.09090909090909091,2,2,0.0,1.0
Lecture 1,Slide34,6,9,0.3333333333333333,0.6666666666666666,1,3,0.6666666666666666,0.3333333333333333
Lecture 1,Slide35,6,11,0.45454545454545453,0.5454545454545454,1,1,0.0,1.0
Lecture 1,Slide36,5,14,0.6428571428571429,0.35714285714285715,0,1,1.0,0.0
Lecture 1,Slide37,1,6,0.8333333333333334,0.16666666666666666,1,2,0.5,0.5
Lecture 1,Slide38,9,12,0.25,0.75,1,2,0.5,0.5
Lecture 1,Slide39,10,12,0.16666666666666666,0.8333333333333334,0,1,1.0,0.0
Lecture 1,Slide4,3,10,0.7,0.3,1,2,0.5,0.5
Lecture 1,Slide40,1,4,0.75,0.25,1,2,0.5,0.5
Lecture 1,Slide41,1,4,0.75,0.25,1,3,0.6666666666666666,0.3333333333333333
Lecture 1,Slide42,1,4,0.75,0.25,1,2,0.5,0.5
Lecture 1,Slide43,9,9,0.0,1.0,1,2,0.5,0.5
Lecture 1,Slide44,3,4,0.25,0.75,3,5,0.4,0.6
Lecture 1,Slide45,6,10,0.4,0.6,1,1,0.0,1.0
Lecture 1,Slide46,7,9,0.2222222222222222,0.7777777777777778,1,1,0.0,1.0
Lecture 1,Slide47,3,7,0.5714285714285714,0.42857142857142855,0,0,0.0,1.0
Lecture 1,Slide48,9,12,0.25,0.75,2,2,0.0,1.0
Lecture 1,Slide49,6,9,0.3333333333333333,0.6666666666666666,1,1,0.0,1.0
Lecture 1,Slide5,1,4,0.75,0.25,2,2,0.0,1.0
Lecture 1,Slide50,6,15,0.6,0.4,2,2,0.0,1.0
Lecture 1,Slide6,6,8,0.25,0.75,1,2,0.5,0.5
Lecture 1,Slide7,1,4,0.75,0.25,1,2,0.5,0.5
Lecture 1,Slide8,7,16,0.5625,0.4375,2,3,0.3333333333333333,0.6666666666666666
Lecture 1,Slide9,8,18,0.5555555555555556,0.4444444444444444,1,1,0.0,1.0
Lecture 10,Slide1,0,5,1.0,0.0,2,2,0.0,1.0
Lecture 10,Slide10,0,3,1.0,0.0,0,0,0.0,1.0
Lecture 10,Slide11,0,2,1.0,0.0,1,2,0.5,0.5
Lecture 10,Slide12,0,3,1.0,0.0,0,0,0.0,1.0
Lecture 10,Slide13,0,12,1.0,0.0,1,2,0.5,0.5
Lecture 10,Slide14,0,14,1.0,0.0,0,2,1.0,0.0
Lecture 10,Slide15,0,11,1.0,0.0,1,1,0.0,1.0
Lecture 10,Slide16,0,2,1.0,0.0,0,0,0.0,1.0
Lecture 10,Slide17,0,8,1.0,0.0,0,1,1.0,0.0
Lecture 10,Slide18,0,3,1.0,0.0,0,0,0.0,1.0
Lecture 10,Slide19,0,3,1.0,0.0,0,1,1.0,0.0
Lecture 10,Slide2,0,1,1.0,0.0,0,0,0.0,1.0
Lecture 10,Slide20,0,3,1.0,0.0,1,1,0.0,1.0
Lecture 10,Slide21,0,3,1.0,0.0,0,0,0.0,1.0
Lecture 10,Slide22,0,13,1.0,0.0,0,0,0.0,1.0
Lecture 10,Slide23,0,5,1.0,0.0,1,4,0.75,0.25
Lecture 10,Slide24,0,3,1.0,0.0,0,2,1.0,0.0
Lecture 10,Slide25,0,3,1.0,0.0,1,1,0.0,1.0
Lecture 10,Slide26,0,3,1.0,0.0,1,1,0.0,1.0
Lecture 10,Slide27,0,2,1.0,0.0,3,4,0.25,0.75
Lecture 10,Slide28,0,3,1.0,0.0,0,0,0.0,1.0
Lecture 10,Slide29,0,4,1.0,0.0,1,1,0.0,1.0
Lecture 10,Slide3,0,6,1.0,0.0,0,2,1.0,0.0
Lecture 10,Slide30,0,7,1.0,0.0,0,1,1.0,0.0
Lecture 10,Slide31,0,13,1.0,0.0,0,0,0.0,1.0
Lecture 10,Slide32,0,3,1.0,0.0,0,0,0.0,1.0
Lecture 10,Slide33,0,7,1.0,0.0,0,0,0.0,1.0
Lecture 10,Slide34,0,9,1.0,0.0,1,1,0.0,1.0
Lecture 10,Slide35,0,4,1.0,0.0,0,1,1.0,0.0
Lecture 10,Slide36,0,3,1.0,0.0,0,1,1.0,0.0
Lecture 10,Slide37,0,5,1.0,0.0,1,2,0.5,0.5
Lecture 10,Slide38,0,2,1.0,0.0,1,2,0.5,0.5
Lecture 10,Slide39,0,3,1.0,0.0,0,0,0.0,1.0
Lecture 10,Slide4,0,7,1.0,0.0,1,1,0.0,1.0
Lecture 10,Slide40,0,3,1.0,0.0,0,1,1.0,0.0
Lecture 10,Slide41,0,3,1.0,0.0,0,1,1.0,0.0
Lecture 10,Slide42,0,3,1.0,0.0,0,2,1.0,0.0
Lecture 10,Slide43,0,3,1.0,0.0,3,3,0.0,1.0
Lecture 10,Slide44,0,3,1.0,0.0,1,1,0.0,1.0
Lecture 10,Slide45,0,8,1.0,0.0,0,0,0.0,1.0
Lecture 10,Slide46,6,12,0.5,0.5,1,1,0.0,1.0
Lecture 10,Slide47,0,3,1.0,0.0,0,1,1.0,0.0
Lecture 10,Slide48,0,2,1.0,0.0,1,1,0.0,1.0
Lecture 10,Slide49,0,5,1.0,0.0,1,2,0.5,0.5
Lecture 10,Slide5,0,3,1.0,0.0,1,1,0.0,1.0
Lecture 10,Slide50,9,12,0.25,0.75,1,1,0.0,1.0
Lecture 10,Slide6,0,3,1.0,0.0,1,2,0.5,0.5
Lecture 10,Slide7,0,3,1.0,0.0,0,0,0.0,1.0
Lecture 10,Slide8,0,3,1.0,0.0,0,0,0.0,1.0
Lecture 10,Slide9,0,3,1.0,0.0,0,0,0.0,1.0
Lecture 11,Slide1,1,6,0.8333333333333334,0.16666666666666666,1,1,0.0,1.0
Lecture 11,Slide10,4,9,0.5555555555555556,0.4444444444444444,2,2,0.0,1.0
Lecture 11,Slide11,3,9,0.6666666666666666,0.3333333333333333,0,1,1.0,0.0
Lecture 11,Slide12,5,6,0.16666666666666666,0.8333333333333334,1,1,0.0,1.0
Lecture 11,Slide13,1,10,0.9,0.1,1,1,0.0,1.0
Lecture 11,Slide14,8,16,0.5,0.5,2,4,0.5,0.5
Lecture 11,Slide15,1,9,0.8888888888888888,0.1111111111111111,1,2,0.5,0.5
Lecture 11,Slide16,1,9,0.8888888888888888,0.1111111111111111,1,3,0.6666666666666666,0.3333333333333333
Lecture 11,Slide17,5,5,0.0,1.0,0,2,1.0,0.0
Lecture 11,Slide18,1,4,0.75,0.25,1,3,0.6666666666666666,0.3333333333333333
Lecture 11,Slide19,6,8,0.25,0.75,2,2,0.0,1.0
Lecture 11,Slide2,0,6,1.0,0.0,0,0,0.0,1.0
Lecture 11,Slide20,5,12,0.5833333333333334,0.4166666666666667,0,1,1.0,0.0
Lecture 11,Slide21,7,10,0.3,0.7,1,1,0.0,1.0
Lecture 11,Slide22,7,13,0.46153846153846156,0.5384615384615384,0,0,0.0,1.0
Lecture 11,Slide23,1,4,0.75,0.25,1,3,0.6666666666666666,0.3333333333333333
Lecture 11,Slide24,6,10,0.4,0.6,0,0,0.0,1.0
Lecture 11,Slide25,1,4,0.75,0.25,2,3,0.3333333333333333,0.6666666666666666
Lecture 11,Slide26,1,4,0.75,0.25,1,2,0.5,0.5
Lecture 11,Slide27,9,11,0.18181818181818182,0.8181818181818182,4,5,0.2,0.8
Lecture 11,Slide28,3,7,0.5714285714285714,0.42857142857142855,1,3,0.6666666666666666,0.3333333333333333
Lecture 11,Slide29,1,4,0.75,0.25,1,3,0.6666666666666666,0.3333333333333333
Lecture 11,Slide3,8,9,0.1111111111111111,0.8888888888888888,1,1,0.0,1.0
Lecture 11,Slide30,3,5,0.4,0.6,1,2,0.5,0.5
Lecture 11,Slide31,10,11,0.09090909090909091,0.9090909090909091,2,2,0.0,1.0
Lecture 11,Slide32,1,4,0.75,0.25,1,2,0.5,0.5
Lecture 11,Slide33,1,4,0.75,0.25,1,3,0.6666666666666666,0.3333333333333333
Lecture 11,Slide34,4,6,0.3333333333333333,0.6666666666666666,0,1,1.0,0.0
Lecture 11,Slide35,1,4,0.75,0.25,3,3,0.0,1.0
Lecture 11,Slide36,1,4,0.75,0.25,4,6,0.3333333333333333,0.6666666666666666
Lecture 11,Slide37,6,8,0.25,0.75,1,3,0.6666666666666666,0.3333333333333333
Lecture 11,Slide38,9,9,0.0,1.0,0,1,1.0,0.0
Lecture 11,Slide39,1,4,0.75,0.25,1,2,0.5,0.5
Lecture 11,Slide4,1,4,0.75,0.25,1,4,0.75,0.25
Lecture 11,Slide40,7,9,0.2222222222222222,0.7777777777777778,1,2,0.5,0.5
Lecture 11,Slide41,1,4,0.75,0.25,1,4,0.75,0.25
Lecture 11,Slide42,1,3,0.6666666666666666,0.3333333333333333,1,2,0.5,0.5
Lecture 11,Slide43,9,11,0.18181818181818182,0.8181818181818182,0,0,0.0,1.0
Lecture 11,Slide44,7,9,0.2222222222222222,0.7777777777777778,1,2,0.5,0.5
Lecture 11,Slide45,6,12,0.5,0.5,1,2,0.5,0.5
Lecture 11,Slide46,4,7,0.42857142857142855,0.5714285714285714,1,1,0.0,1.0
Lecture 11,Slide47,9,12,0.25,0.75,2,3,0.3333333333333333,0.6666666666666666
Lecture 11,Slide48,1,9,0.8888888888888888,0.1111111111111111,2,4,0.5,0.5
Lecture 11,Slide49,1,4,0.75,0.25,3,5,0.4,0.6
Lecture 11,Slide5,1,4,0.75,0.25,2,4,0.5,0.5
Lecture 11,Slide50,7,9,0.2222222222222222,0.7777777777777778,1,1,0.0,1.0
Lecture 11,Slide51,1,3,0.6666666666666666,0.3333333333333333,1,2,0.5,0.5
Lecture 11,Slide52,5,6,0.16666666666666666,0.8333333333333334,1,2,0.5,0.5
Lecture 11,Slide53,1,3,0.6666666666666666,0.3333333333333333,1,3,0.6666666666666666,0.3333333333333333
Lecture 11,Slide54,5,7,0.2857142857142857,0.7142857142857143,1,2,0.5,0.5
Lecture 11,Slide55,4,7,0.42857142857142855,0.5714285714285714,1,2,0.5,0.5
Lecture 11,Slide56,5,7,0.2857142857142857,0.7142857142857143,1,2,0.5,0.5
Lecture 11,Slide57,5,13,0.6153846153846154,0.38461538461538464,1,2,0.5,0.5
Lecture 11,Slide58,9,14,0.35714285714285715,0.6428571428571429,1,2,0.5,0.5
Lecture 11,Slide59,1,4,0.75,0.25,1,2,0.5,0.5
Lecture 11,Slide6,4,6,0.3333333333333333,0.6666666666666666,1,2,0.5,0.5
Lecture 11,Slide60,9,12,0.25,0.75,2,4,0.5,0.5
Lecture 11,Slide61,8,9,0.1111111111111111,0.8888888888888888,1,3,0.6666666666666666,0.3333333333333333
Lecture 11,Slide62,6,10,0.4,0.6,2,3,0.3333333333333333,0.6666666666666666
Lecture 11,Slide63,1,4,0.75,0.25,3,4,0.25,0.75
Lecture 11,Slide64,4,11,0.6363636363636364,0.36363636363636365,4,6,0.3333333333333333,0.6666666666666666
Lecture 11,Slide7,5,7,0.2857142857142857,0.7142857142857143,2,5,0.6,0.4
Lecture 11,Slide8,1,8,0.875,0.125,1,3,0.6666666666666666,0.3333333333333333
Lecture 11,Slide9,1,8,0.875,0.125,2,3,0.3333333333333333,0.6666666666666666
Lecture 12,Slide1,8,11,0.2727272727272727,0.7272727272727273,1,1,0.0,1.0
Lecture 12,Slide10,5,14,0.6428571428571429,0.35714285714285715,1,1,0.0,1.0
Lecture 12,Slide11,2,6,0.6666666666666666,0.3333333333333333,0,0,0.0,1.0
Lecture 12,Slide12,9,12,0.25,0.75,1,1,0.0,1.0
Lecture 12,Slide13,10,12,0.16666666666666666,0.8333333333333334,3,4,0.25,0.75
Lecture 12,Slide14,6,9,0.3333333333333333,0.6666666666666666,0,3,1.0,0.0
Lecture 12,Slide15,4,7,0.42857142857142855,0.5714285714285714,1,3,0.6666666666666666,0.3333333333333333
Lecture 12,Slide16,1,4,0.75,0.25,1,2,0.5,0.5
Lecture 12,Slide17,9,11,0.18181818181818182,0.8181818181818182,1,2,0.5,0.5
Lecture 12,Slide18,1,4,0.75,0.25,1,4,0.75,0.25
Lecture 12,Slide19,1,4,0.75,0.25,1,2,0.5,0.5
Lecture 12,Slide2,1,10,0.9,0.1,0,0,0.0,1.0
Lecture 12,Slide20,9,12,0.25,0.75,3,5,0.4,0.6
Lecture 12,Slide21,5,11,0.5454545454545454,0.45454545454545453,2,3,0.3333333333333333,0.6666666666666666
Lecture 12,Slide22,1,3,0.6666666666666666,0.3333333333333333,1,3,0.6666666666666666,0.3333333333333333
Lecture 12,Slide23,1,8,0.875,0.125,1,2,0.5,0.5
Lecture 12,Slide24,1,10,0.9,0.1,1,2,0.5,0.5
Lecture 12,Slide25,7,9,0.2222222222222222,0.7777777777777778,3,4,0.25,0.75
Lecture 12,Slide26,8,10,0.2,0.8,1,1,0.0,1.0
Lecture 12,Slide27,1,4,0.75,0.25,1,3,0.6666666666666666,0.3333333333333333
Lecture 12,Slide28,1,4,0.75,0.25,2,3,0.3333333333333333,0.6666666666666666
Lecture 12,Slide29,8,11,0.2727272727272727,0.7272727272727273,2,3,0.3333333333333333,0.6666666666666666
Lecture 12,Slide3,5,7,0.2857142857142857,0.7142857142857143,1,3,0.6666666666666666,0.3333333333333333
Lecture 12,Slide30,1,4,0.75,0.25,1,2,0.5,0.5
Lecture 12,Slide31,8,10,0.2,0.8,1,2,0.5,0.5
Lecture 12,Slide32,1,10,0.9,0.1,1,3,0.6666666666666666,0.3333333333333333
Lecture 12,Slide33,7,10,0.3,0.7,1,3,0.6666666666666666,0.3333333333333333
Lecture 12,Slide34,1,4,0.75,0.25,1,3,0.6666666666666666,0.3333333333333333
Lecture 12,Slide35,1,4,0.75,0.25,3,5,0.4,0.6
Lecture 12,Slide36,6,8,0.25,0.75,0,1,1.0,0.0
Lecture 12,Slide37,1,2,0.5,0.5,1,4,0.75,0.25
Lecture 12,Slide38,1,4,0.75,0.25,1,2,0.5,0.5
Lecture 12,Slide39,6,8,0.25,0.75,1,3,0.6666666666666666,0.3333333333333333
Lecture 12,Slide4,6,7,0.14285714285714285,0.8571428571428571,2,2,0.0,1.0
Lecture 12,Slide40,1,4,0.75,0.25,3,5,0.4,0.6
Lecture 12,Slide41,1,4,0.75,0.25,1,2,0.5,0.5
Lecture 12,Slide42,11,12,0.08333333333333333,0.9166666666666666,1,2,0.5,0.5
Lecture 12,Slide43,1,4,0.75,0.25,4,5,0.2,0.8
Lecture 12,Slide44,9,15,0.4,0.6,1,1,0.0,1.0
Lecture 12,Slide45,1,4,0.75,0.25,1,2,0.5,0.5
Lecture 12,Slide46,6,9,0.3333333333333333,0.6666666666666666,1,2,0.5,0.5
Lecture 12,Slide47,9,11,0.18181818181818182,0.8181818181818182,4,4,0.0,1.0
Lecture 12,Slide48,8,12,0.3333333333333333,0.6666666666666666,1,2,0.5,0.5
Lecture 12,Slide49,9,10,0.1,0.9,1,1,0.0,1.0
Lecture 12,Slide5,6,10,0.4,0.6,1,1,0.0,1.0
Lecture 12,Slide50,0,3,1.0,0.0,1,1,0.0,1.0
Lecture 12,Slide6,1,4,0.75,0.25,1,3,0.6666666666666666,0.3333333333333333
Lecture 12,Slide7,1,14,0.9285714285714286,0.07142857142857142,2,5,0.6,0.4
Lecture 12,Slide8,1,3,0.6666666666666666,0.3333333333333333,1,2,0.5,0.5
Lecture 12,Slide9,6,8,0.25,0.75,0,0,0.0,1.0
Lecture 13,Slide1,0,8,1.0,0.0,0,1,1.0,0.0
Lecture 13,Slide10,0,3,1.0,0.0,0,1,1.0,0.0
Lecture 13,Slide11,0,2,1.0,0.0,0,0,0.0,1.0
Lecture 13,Slide12,0,3,1.0,0.0,0,2,1.0,0.0
Lecture 13,Slide13,0,9,1.0,0.0,0,0,0.0,1.0
Lecture 13,Slide14,0,9,1.0,0.0,0,1,1.0,0.0
Lecture 13,Slide15,0,3,1.0,0.0,0,0,0.0,1.0
Lecture 13,Slide16,0,3,1.0,0.0,0,1,1.0,0.0
Lecture 13,Slide17,0,3,1.0,0.0,0,1,1.0,0.0
Lecture 13,Slide18,0,3,1.0,0.0,0,2,1.0,0.0
Lecture 13,Slide19,0,3,1.0,0.0,0,1,1.0,0.0
Lecture 13,Slide2,0,13,1.0,0.0,0,1,1.0,0.0
Lecture 13,Slide20,0,11,1.0,0.0,0,1,1.0,0.0
Lecture 13,Slide21,0,3,1.0,0.0,0,0,0.0,1.0
Lecture 13,Slide22,0,9,1.0,0.0,0,1,1.0,0.0
Lecture 13,Slide23,0,3,1.0,0.0,0,1,1.0,0.0
Lecture 13,Slide24,0,3,1.0,0.0,0,0,0.0,1.0
Lecture 13,Slide25,0,13,1.0,0.0,0,0,0.0,1.0
Lecture 13,Slide26,0,9,1.0,0.0,0,0,0.0,1.0
Lecture 13,Slide27,0,2,1.0,0.0,0,1,1.0,0.0
Lecture 13,Slide28,0,9,1.0,0.0,0,0,0.0,1.0
Lecture 13,Slide29,0,2,1.0,0.0,0,0,0.0,1.0
Lecture 13,Slide3,0,6,1.0,0.0,0,1,1.0,0.0
Lecture 13,Slide30,0,3,1.0,0.0,0,1,1.0,0.0
Lecture 13,Slide31,0,12,1.0,0.0,0,0,0.0,1.0
Lecture 13,Slide32,0,11,1.0,0.0,0,1,1.0,0.0
Lecture 13,Slide33,0,7,1.0,0.0,0,0,0.0,1.0
Lecture 13,Slide34,0,3,1.0,0.0,0,1,1.0,0.0
Lecture 13,Slide35,0,3,1.0,0.0,0,2,1.0,0.0
Lecture 13,Slide36,0,10,1.0,0.0,0,1,1.0,0.0
Lecture 13,Slide37,0,8,1.0,0.0,0,2,1.0,0.0
Lecture 13,Slide38,0,13,1.0,0.0,0,0,0.0,1.0
Lecture 13,Slide39,0,6,1.0,0.0,0,1,1.0,0.0
Lecture 13,Slide4,0,2,1.0,0.0,0,3,1.0,0.0
Lecture 13,Slide40,0,10,1.0,0.0,0,1,1.0,0.0
Lecture 13,Slide41,0,7,1.0,0.0,0,0,0.0,1.0
Lecture 13,Slide42,0,12,1.0,0.0,0,2,1.0,0.0
Lecture 13,Slide43,0,7,1.0,0.0,0,0,0.0,1.0
Lecture 13,Slide44,0,4,1.0,0.0,0,1,1.0,0.0
Lecture 13,Slide45,0,11,1.0,0.0,0,1,1.0,0.0
Lecture 13,Slide46,0,9,1.0,0.0,0,1,1.0,0.0
Lecture 13,Slide47,0,4,1.0,0.0,0,1,1.0,0.0
Lecture 13,Slide48,0,3,1.0,0.0,0,0,0.0,1.0
Lecture 13,Slide49,0,3,1.0,0.0,0,2,1.0,0.0
Lecture 13,Slide5,0,8,1.0,0.0,0,0,0.0,1.0
Lecture 13,Slide50,0,7,1.0,0.0,0,1,1.0,0.0
Lecture 13,Slide6,0,4,1.0,0.0,0,2,1.0,0.0
Lecture 13,Slide7,0,3,1.0,0.0,0,1,1.0,0.0
Lecture 13,Slide8,0,9,1.0,0.0,0,1,1.0,0.0
Lecture 13,Slide9,0,2,1.0,0.0,0,1,1.0,0.0
Lecture 14,Slide1,2,6,0.6666666666666666,0.3333333333333333,0,1,1.0,0.0
Lecture 14,Slide10,5,11,0.5454545454545454,0.45454545454545453,1,1,0.0,1.0
Lecture 14,Slide11,1,4,0.75,0.25,1,1,0.0,1.0
Lecture 14,Slide12,5,8,0.375,0.625,0,0,0.0,1.0
Lecture 14,Slide13,7,9,0.2222222222222222,0.7777777777777778,1,1,0.0,1.0
Lecture 14,Slide14,8,11,0.2727272727272727,0.7272727272727273,1,1,0.0,1.0
Lecture 14,Slide15,1,6,0.8333333333333334,0.16666666666666666,2,4,0.5,0.5
Lecture 14,Slide16,5,7,0.2857142857142857,0.7142857142857143,2,3,0.3333333333333333,0.6666666666666666
Lecture 14,Slide17,7,14,0.5,0.5,2,2,0.0,1.0
Lecture 14,Slide18,1,10,0.9,0.1,2,2,0.0,1.0
Lecture 14,Slide19,6,12,0.5,0.5,1,1,0.0,1.0
Lecture 14,Slide2,4,5,0.2,0.8,1,2,0.5,0.5
Lecture 14,Slide20,7,10,0.3,0.7,1,1,0.0,1.0
Lecture 14,Slide21,8,10,0.2,0.8,2,3,0.3333333333333333,0.6666666666666666
Lecture 14,Slide22,6,10,0.4,0.6,2,2,0.0,1.0
Lecture 14,Slide23,8,11,0.2727272727272727,0.7272727272727273,1,3,0.6666666666666666,0.3333333333333333
Lecture 14,Slide24,6,8,0.25,0.75,3,4,0.25,0.75
Lecture 14,Slide25,8,10,0.2,0.8,3,4,0.25,0.75
Lecture 14,Slide26,1,4,0.75,0.25,1,2,0.5,0.5
Lecture 14,Slide27,1,4,0.75,0.25,1,2,0.5,0.5
Lecture 14,Slide28,1,3,0.6666666666666666,0.3333333333333333,1,3,0.6666666666666666,0.3333333333333333
Lecture 14,Slide29,5,15,0.6666666666666666,0.3333333333333333,1,1,0.0,1.0
Lecture 14,Slide3,5,7,0.2857142857142857,0.7142857142857143,0,1,1.0,0.0
Lecture 14,Slide30,1,14,0.9285714285714286,0.07142857142857142,1,2,0.5,0.5
Lecture 14,Slide31,5,9,0.4444444444444444,0.5555555555555556,1,3,0.6666666666666666,0.3333333333333333
Lecture 14,Slide32,1,4,0.75,0.25,1,2,0.5,0.5
Lecture 14,Slide33,1,4,0.75,0.25,1,2,0.5,0.5
Lecture 14,Slide34,6,9,0.3333333333333333,0.6666666666666666,1,3,0.6666666666666666,0.3333333333333333
Lecture 14,Slide35,1,3,0.6666666666666666,0.3333333333333333,0,1,1.0,0.0
Lecture 14,Slide36,1,4,0.75,0.25,1,2,0.5,0.5
Lecture 14,Slide37,1,5,0.8,0.2,2,3,0.3333333333333333,0.6666666666666666
Lecture 14,Slide38,5,8,0.375,0.625,0,3,1.0,0.0
Lecture 14,Slide39,1,4,0.75,0.25,0,1,1.0,0.0
Lecture 14,Slide4,8,12,0.3333333333333333,0.6666666666666666,1,3,0.6666666666666666,0.3333333333333333
Lecture 14,Slide40,1,10,0.9,0.1,1,2,0.5,0.5
Lecture 14,Slide41,1,12,0.9166666666666666,0.08333333333333333,1,4,0.75,0.25
Lecture 14,Slide42,1,3,0.6666666666666666,0.3333333333333333,1,2,0.5,0.5
Lecture 14,Slide43,10,11,0.09090909090909091,0.9090909090909091,1,2,0.5,0.5
Lecture 14,Slide44,1,4,0.75,0.25,1,3,0.6666666666666666,0.3333333333333333
Lecture 14,Slide45,1,8,0.875,0.125,0,0,0.0,1.0
Lecture 14,Slide46,1,4,0.75,0.25,2,4,0.5,0.5
Lecture 14,Slide47,5,11,0.5454545454545454,0.45454545454545453,0,2,1.0,0.0
Lecture 14,Slide48,5,15,0.6666666666666666,0.3333333333333333,1,1,0.0,1.0
Lecture 14,Slide49,1,4,0.75,0.25,2,3,0.3333333333333333,0.6666666666666666
Lecture 14,Slide5,1,8,0.875,0.125,1,2,0.5,0.5
Lecture 14,Slide50,3,3,0.0,1.0,0,1,1.0,0.0
Lecture 14,Slide51,8,10,0.2,0.8,2,3,0.3333333333333333,0.6666666666666666
Lecture 14,Slide52,7,9,0.2222222222222222,0.7777777777777778,0,2,1.0,0.0
Lecture 14,Slide53,6,9,0.3333333333333333,0.6666666666666666,2,2,0.0,1.0
Lecture 14,Slide54,1,2,0.5,0.5,3,4,0.25,0.75
Lecture 14,Slide55,4,10,0.6,0.4,2,3,0.3333333333333333,0.6666666666666666
Lecture 14,Slide56,1,3,0.6666666666666666,0.3333333333333333,1,3,0.6666666666666666,0.3333333333333333
Lecture 14,Slide57,4,8,0.5,0.5,2,3,0.3333333333333333,0.6666666666666666
Lecture 14,Slide58,1,7,0.8571428571428571,0.14285714285714285,1,1,0.0,1.0
Lecture 14,Slide59,7,10,0.3,0.7,2,2,0.0,1.0
Lecture 14,Slide6,1,11,0.9090909090909091,0.09090909090909091,2,3,0.3333333333333333,0.6666666666666666
Lecture 14,Slide60,1,3,0.6666666666666666,0.3333333333333333,2,2,0.0,1.0
Lecture 14,Slide7,5,6,0.16666666666666666,0.8333333333333334,1,3,0.6666666666666666,0.3333333333333333
Lecture 14,Slide8,1,4,0.75,0.25,1,3,0.6666666666666666,0.3333333333333333
Lecture 14,Slide9,1,13,0.9230769230769231,0.07692307692307693,1,2,0.5,0.5
Lecture 15,Slide1,6,8,0.25,0.75,1,2,0.5,0.5
Lecture 15,Slide10,1,4,0.75,0.25,1,2,0.5,0.5
Lecture 15,Slide11,5,9,0.4444444444444444,0.5555555555555556,1,2,0.5,0.5
Lecture 15,Slide12,1,7,0.8571428571428571,0.14285714285714285,1,2,0.5,0.5
Lecture 15,Slide13,1,4,0.75,0.25,2,3,0.3333333333333333,0.6666666666666666
Lecture 15,Slide14,7,9,0.2222222222222222,0.7777777777777778,1,2,0.5,0.5
Lecture 15,Slide15,1,4,0.75,0.25,1,1,0.0,1.0
Lecture 15,Slide16,5,10,0.5,0.5,1,2,0.5,0.5
Lecture 15,Slide17,8,14,0.42857142857142855,0.5714285714285714,2,2,0.0,1.0
Lecture 15,Slide18,1,11,0.9090909090909091,0.09090909090909091,1,2,0.5,0.5
Lecture 15,Slide19,1,4,0.75,0.25,1,2,0.5,0.5
Lecture 15,Slide2,7,10,0.3,0.7,4,4,0.0,1.0
Lecture 15,Slide20,1,10,0.9,0.1,1,1,0.0,1.0
Lecture 15,Slide21,8,12,0.3333333333333333,0.6666666666666666,2,4,0.5,0.5
Lecture 15,Slide22,1,10,0.9,0.1,1,2,0.5,0.5
Lecture 15,Slide23,7,10,0.3,0.7,1,3,0.6666666666666666,0.3333333333333333
Lecture 15,Slide24,1,11,0.9090909090909091,0.09090909090909091,1,1,0.0,1.0
Lecture 15,Slide25,1,9,0.8888888888888888,0.1111111111111111,1,3,0.6666666666666666,0.3333333333333333
Lecture 15,Slide26,7,11,0.36363636363636365,0.6363636363636364,3,4,0.25,0.75
Lecture 15,Slide27,6,11,0.45454545454545453,0.5454545454545454,0,1,1.0,0.0
Lecture 15,Slide28,1,14,0.9285714285714286,0.07142857142857142,2,3,0.3333333333333333,0.6666666666666666
Lecture 15,Slide29,5,10,0.5,0.5,2,2,0.0,1.0
Lecture 15,Slide3,8,8,0.0,1.0,2,4,0.5,0.5
Lecture 15,Slide30,7,7,0.0,1.0,1,2,0.5,0.5
Lecture 15,Slide4,6,9,0.3333333333333333,0.6666666666666666,2,2,0.0,1.0
Lecture 15,Slide5,1,4,0.75,0.25,1,2,0.5,0.5
Lecture 15,Slide6,7,11,0.36363636363636365,0.6363636363636364,0,3,1.0,0.0
Lecture 15,Slide7,7,9,0.2222222222222222,0.7777777777777778,1,2,0.5,0.5
Lecture 15,Slide8,8,13,0.38461538461538464,0.6153846153846154,0,0,0.0,1.0
Lecture 15,Slide9,4,6,0.3333333333333333,0.6666666666666666,1,2,0.5,0.5
Lecture 16,Slide1,4,14,0.7142857142857143,0.2857142857142857,1,1,0.0,1.0
Lecture 16,Slide10,1,3,0.6666666666666666,0.3333333333333333,1,4,0.75,0.25
Lecture 16,Slide11,1,3,0.6666666666666666,0.3333333333333333,2,4,0.5,0.5
Lecture 16,Slide12,3,6,0.5,0.5,2,2,0.0,1.0
Lecture 16,Slide13,6,8,0.25,0.75,1,2,0.5,0.5
Lecture 16,Slide14,1,4,0.75,0.25,1,1,0.0,1.0
Lecture 16,Slide15,7,10,0.3,0.7,0,1,1.0,0.0
Lecture 16,Slide16,6,7,0.14285714285714285,0.8571428571428571,0,2,1.0,0.0
Lecture 16,Slide17,1,4,0.75,0.25,1,2,0.5,0.5
Lecture 16,Slide18,1,3,0.6666666666666666,0.3333333333333333,1,3,0.6666666666666666,0.3333333333333333
Lecture 16,Slide19,1,4,0.75,0.25,2,3,0.3333333333333333,0.6666666666666666
Lecture 16,Slide2,8,11,0.2727272727272727,0.7272727272727273,1,1,0.0,1.0
Lecture 16,Slide20,1,8,0.875,0.125,1,3,0.6666666666666666,0.3333333333333333
Lecture 16,Slide21,1,4,0.75,0.25,1,2,0.5,0.5
Lecture 16,Slide22,1,3,0.6666666666666666,0.3333333333333333,5,5,0.0,1.0
Lecture 16,Slide23,7,8,0.125,0.875,0,1,1.0,0.0
Lecture 16,Slide24,1,10,0.9,0.1,1,2,0.5,0.5
Lecture 16,Slide25,0,0,0.0,1.0,0,0,0.0,1.0
Lecture 16,Slide26,7,10,0.3,0.7,1,2,0.5,0.5
Lecture 16,Slide27,5,7,0.2857142857142857,0.7142857142857143,3,5,0.4,0.6
Lecture 16,Slide28,1,4,0.75,0.25,0,0,0.0,1.0
Lecture 16,Slide29,7,10,0.3,0.7,1,1,0.0,1.0
Lecture 16,Slide3,4,6,0.3333333333333333,0.6666666666666666,1,1,0.0,1.0
Lecture 16,Slide30,9,10,0.1,0.9,1,2,0.5,0.5
Lecture 16,Slide31,1,4,0.75,0.25,1,3,0.6666666666666666,0.3333333333333333
Lecture 16,Slide32,8,12,0.3333333333333333,0.6666666666666666,3,7,0.5714285714285714,0.42857142857142855
Lecture 16,Slide33,9,12,0.25,0.75,1,1,0.0,1.0
Lecture 16,Slide34,1,4,0.75,0.25,1,1,0.0,1.0
Lecture 16,Slide35,8,10,0.2,0.8,1,2,0.5,0.5
Lecture 16,Slide36,1,3,0.6666666666666666,0.3333333333333333,2,3,0.3333333333333333,0.6666666666666666
Lecture 16,Slide37,1,4,0.75,0.25,1,3,0.6666666666666666,0.3333333333333333
Lecture 16,Slide38,6,10,0.4,0.6,2,4,0.5,0.5
Lecture 16,Slide39,1,4,0.75,0.25,1,4,0.75,0.25
Lecture 16,Slide4,5,8,0.375,0.625,1,2,0.5,0.5
Lecture 16,Slide40,1,3,0.6666666666666666,0.3333333333333333,1,1,0.0,1.0
Lecture 16,Slide41,8,10,0.2,0.8,1,4,0.75,0.25
Lecture 16,Slide42,9,12,0.25,0.75,2,3,0.3333333333333333,0.6666666666666666
Lecture 16,Slide43,8,12,0.3333333333333333,0.6666666666666666,2,3,0.3333333333333333,0.6666666666666666
Lecture 16,Slide44,1,10,0.9,0.1,2,4,0.5,0.5
Lecture 16,Slide45,1,4,0.75,0.25,1,2,0.5,0.5
Lecture 16,Slide46,1,4,0.75,0.25,1,3,0.6666666666666666,0.3333333333333333
Lecture 16,Slide47,1,4,0.75,0.25,1,3,0.6666666666666666,0.3333333333333333
Lecture 16,Slide48,1,4,0.75,0.25,4,7,0.42857142857142855,0.5714285714285714
Lecture 16,Slide49,1,4,0.75,0.25,1,3,0.6666666666666666,0.3333333333333333
Lecture 16,Slide5,7,10,0.3,0.7,0,0,0.0,1.0
Lecture 16,Slide50,10,12,0.16666666666666666,0.8333333333333334,2,4,0.5,0.5
Lecture 16,Slide51,1,4,0.75,0.25,1,3,0.6666666666666666,0.3333333333333333
Lecture 16,Slide52,1,3,0.6666666666666666,0.3333333333333333,1,4,0.75,0.25
Lecture 16,Slide53,1,9,0.8888888888888888,0.1111111111111111,3,4,0.25,0.75
Lecture 16,Slide54,1,13,0.9230769230769231,0.07692307692307693,1,2,0.5,0.5
Lecture 16,Slide55,3,12,0.75,0.25,1,1,0.0,1.0
Lecture 16,Slide6,1,3,0.6666666666666666,0.3333333333333333,1,3,0.6666666666666666,0.3333333333333333
Lecture 16,Slide7,1,3,0.6666666666666666,0.3333333333333333,1,3,0.6666666666666666,0.3333333333333333
Lecture 16,Slide8,1,4,0.75,0.25,1,3,0.6666666666666666,0.3333333333333333
Lecture 16,Slide9,6,11,0.45454545454545453,0.5454545454545454,1,3,0.6666666666666666,0.3333333333333333
Lecture 17,Slide1,5,8,0.375,0.625,1,4,0.75,0.25
Lecture 17,Slide10,1,3,0.6666666666666666,0.3333333333333333,0,0,0.0,1.0
Lecture 17,Slide11,1,4,0.75,0.25,1,2,0.5,0.5
Lecture 17,Slide12,1,2,0.5,0.5,4,5,0.2,0.8
Lecture 17,Slide13,1,3,0.6666666666666666,0.3333333333333333,0,2,1.0,0.0
Lecture 17,Slide14,8,11,0.2727272727272727,0.7272727272727273,1,3,0.6666666666666666,0.3333333333333333
Lecture 17,Slide15,8,10,0.2,0.8,1,1,0.0,1.0
Lecture 17,Slide16,1,13,0.9230769230769231,0.07692307692307693,0,1,1.0,0.0
Lecture 17,Slide17,7,12,0.4166666666666667,0.5833333333333334,2,2,0.0,1.0
Lecture 17,Slide18,8,15,0.4666666666666667,0.5333333333333333,1,1,0.0,1.0
Lecture 17,Slide19,8,15,0.4666666666666667,0.5333333333333333,1,3,0.6666666666666666,0.3333333333333333
Lecture 17,Slide2,5,6,0.16666666666666666,0.8333333333333334,3,4,0.25,0.75
Lecture 17,Slide20,1,4,0.75,0.25,1,1,0.0,1.0
Lecture 17,Slide21,1,2,0.5,0.5,1,2,0.5,0.5
Lecture 17,Slide22,1,4,0.75,0.25,1,2,0.5,0.5
Lecture 17,Slide23,1,4,0.75,0.25,0,1,1.0,0.0
Lecture 17,Slide24,1,4,0.75,0.25,1,2,0.5,0.5
Lecture 17,Slide25,7,11,0.36363636363636365,0.6363636363636364,1,2,0.5,0.5
Lecture 17,Slide26,1,4,0.75,0.25,1,3,0.6666666666666666,0.3333333333333333
Lecture 17,Slide27,1,4,0.75,0.25,4,4,0.0,1.0
Lecture 17,Slide28,4,6,0.3333333333333333,0.6666666666666666,0,0,0.0,1.0
Lecture 17,Slide29,6,11,0.45454545454545453,0.5454545454545454,2,3,0.3333333333333333,0.6666666666666666
Lecture 17,Slide3,1,4,0.75,0.25,1,2,0.5,0.5
Lecture 17,Slide30,9,10,0.1,0.9,3,5,0.4,0.6
Lecture 17,Slide31,8,11,0.2727272727272727,0.7272727272727273,1,1,0.0,1.0
Lecture 17,Slide32,1,2,0.5,0.5,1,4,0.75,0.25
Lecture 17,Slide33,1,2,0.5,0.5,1,2,0.5,0.5
Lecture 17,Slide34,6,7,0.14285714285714285,0.8571428571428571,1,1,0.0,1.0
Lecture 17,Slide35,10,10,0.0,1.0,1,3,0.6666666666666666,0.3333333333333333
Lecture 17,Slide36,6,10,0.4,0.6,1,2,0.5,0.5
Lecture 17,Slide37,1,3,0.6666666666666666,0.3333333333333333,0,1,1.0,0.0
Lecture 17,Slide38,8,10,0.2,0.8,1,2,0.5,0.5
Lecture 17,Slide39,6,10,0.4,0.6,0,4,1.0,0.0
Lecture 17,Slide4,9,12,0.25,0.75,1,4,0.75,0.25
Lecture 17,Slide40,7,11,0.36363636363636365,0.6363636363636364,2,5,0.6,0.4
Lecture 17,Slide41,1,4,0.75,0.25,2,3,0.3333333333333333,0.6666666666666666
Lecture 17,Slide42,10,13,0.23076923076923078,0.7692307692307693,1,3,0.6666666666666666,0.3333333333333333
Lecture 17,Slide43,1,5,0.8,0.2,1,2,0.5,0.5
Lecture 17,Slide44,1,11,0.9090909090909091,0.09090909090909091,1,4,0.75,0.25
Lecture 17,Slide45,5,6,0.16666666666666666,0.8333333333333334,2,4,0.5,0.5
Lecture 17,Slide46,6,9,0.3333333333333333,0.6666666666666666,2,2,0.0,1.0
Lecture 17,Slide47,8,14,0.42857142857142855,0.5714285714285714,1,2,0.5,0.5
Lecture 17,Slide48,1,9,0.8888888888888888,0.1111111111111111,1,2,0.5,0.5
Lecture 17,Slide49,3,13,0.7692307692307693,0.23076923076923078,0,0,0.0,1.0
Lecture 17,Slide5,1,4,0.75,0.25,1,3,0.6666666666666666,0.3333333333333333
Lecture 17,Slide50,0,8,1.0,0.0,1,1,0.0,1.0
Lecture 17,Slide51,2,3,0.3333333333333333,0.6666666666666666,0,0,0.0,1.0
Lecture 17,Slide52,2,3,0.3333333333333333,0.6666666666666666,2,3,0.3333333333333333,0.6666666666666666
Lecture 17,Slide53,1,14,0.9285714285714286,0.07142857142857142,1,2,0.5,0.5
Lecture 17,Slide54,2,8,0.75,0.25,1,2,0.5,0.5
Lecture 17,Slide55,5,7,0.2857142857142857,0.7142857142857143,1,1,0.0,1.0
Lecture 17,Slide6,1,4,0.75,0.25,4,6,0.3333333333333333,0.6666666666666666
Lecture 17,Slide7,4,10,0.6,0.4,1,1,0.0,1.0
Lecture 17,Slide8,5,8,0.375,0.625,1,1,0.0,1.0
Lecture 17,Slide9,1,4,0.75,0.25,1,1,0.0,1.0
Lecture 18,Slide1,5,6,0.16666666666666666,0.8333333333333334,1,1,0.0,1.0
Lecture 18,Slide10,1,8,0.875,0.125,1,2,0.5,0.5
Lecture 18,Slide11,1,13,0.9230769230769231,0.07692307692307693,1,2,0.5,0.5
Lecture 18,Slide12,10,15,0.3333333333333333,0.6666666666666666,1,4,0.75,0.25
Lecture 18,Slide13,7,9,0.2222222222222222,0.7777777777777778,1,1,0.0,1.0
Lecture 18,Slide14,7,10,0.3,0.7,2,5,0.6,0.4
Lecture 18,Slide15,9,15,0.4,0.6,1,2,0.5,0.5
Lecture 18,Slide16,9,14,0.35714285714285715,0.6428571428571429,0,0,0.0,1.0
Lecture 18,Slide17,7,8,0.125,0.875,3,3,0.0,1.0
Lecture 18,Slide18,8,11,0.2727272727272727,0.7272727272727273,1,2,0.5,0.5
Lecture 18,Slide19,8,9,0.1111111111111111,0.8888888888888888,1,1,0.0,1.0
Lecture 18,Slide2,7,8,0.125,0.875,0,1,1.0,0.0
Lecture 18,Slide20,8,11,0.2727272727272727,0.7272727272727273,1,2,0.5,0.5
Lecture 18,Slide21,6,8,0.25,0.75,2,3,0.3333333333333333,0.6666666666666666
Lecture 18,Slide22,7,9,0.2222222222222222,0.7777777777777778,1,2,0.5,0.5
Lecture 18,Slide23,1,4,0.75,0.25,1,1,0.0,1.0
Lecture 18,Slide24,1,3,0.6666666666666666,0.3333333333333333,1,2,0.5,0.5
Lecture 18,Slide25,1,4,0.75,0.25,1,2,0.5,0.5
Lecture 18,Slide26,9,11,0.18181818181818182,0.8181818181818182,1,1,0.0,1.0
Lecture 18,Slide27,8,10,0.2,0.8,2,2,0.0,1.0
Lecture 18,Slide28,8,10,0.2,0.8,2,2,0.0,1.0
Lecture 18,Slide29,1,10,0.9,0.1,1,3,0.6666666666666666,0.3333333333333333
Lecture 18,Slide3,1,6,0.8333333333333334,0.16666666666666666,3,4,0.25,0.75
Lecture 18,Slide30,1,4,0.75,0.25,1,4,0.75,0.25
Lecture 18,Slide31,6,9,0.3333333333333333,0.6666666666666666,2,2,0.0,1.0
Lecture 18,Slide32,7,12,0.4166666666666667,0.5833333333333334,3,5,0.4,0.6
Lecture 18,Slide33,11,14,0.21428571428571427,0.7857142857142857,1,2,0.5,0.5
Lecture 18,Slide34,9,10,0.1,0.9,0,1,1.0,0.0
Lecture 18,Slide35,7,10,0.3,0.7,1,2,0.5,0.5
Lecture 18,Slide36,1,4,0.75,0.25,1,3,0.6666666666666666,0.3333333333333333
Lecture 18,Slide37,1,4,0.75,0.25,1,2,0.5,0.5
Lecture 18,Slide38,1,3,0.6666666666666666,0.3333333333333333,1,2,0.5,0.5
Lecture 18,Slide39,8,10,0.2,0.8,1,1,0.0,1.0
Lecture 18,Slide4,1,3,0.6666666666666666,0.3333333333333333,1,4,0.75,0.25
Lecture 18,Slide40,8,10,0.2,0.8,3,3,0.0,1.0
Lecture 18,Slide41,1,4,0.75,0.25,1,3,0.6666666666666666,0.3333333333333333
Lecture 18,Slide42,1,3,0.6666666666666666,0.3333333333333333,1,3,0.6666666666666666,0.3333333333333333
Lecture 18,Slide43,1,4,0.75,0.25,1,4,0.75,0.25
Lecture 18,Slide44,1,4,0.75,0.25,2,4,0.5,0.5
Lecture 18,Slide45,7,8,0.125,0.875,2,2,0.0,1.0
Lecture 18,Slide46,1,11,0.9090909090909091,0.09090909090909091,1,2,0.5,0.5
Lecture 18,Slide47,1,11,0.9090909090909091,0.09090909090909091,3,4,0.25,0.75
Lecture 18,Slide48,1,4,0.75,0.25,1,3,0.6666666666666666,0.3333333333333333
Lecture 18,Slide49,1,3,0.6666666666666666,0.3333333333333333,0,2,1.0,0.0
Lecture 18,Slide5,6,9,0.3333333333333333,0.6666666666666666,1,2,0.5,0.5
Lecture 18,Slide50,1,12,0.9166666666666666,0.08333333333333333,1,3,0.6666666666666666,0.3333333333333333
Lecture 18,Slide51,1,4,0.75,0.25,2,3,0.3333333333333333,0.6666666666666666
Lecture 18,Slide52,1,4,0.75,0.25,1,2,0.5,0.5
Lecture 18,Slide53,1,4,0.75,0.25,1,1,0.0,1.0
Lecture 18,Slide54,1,4,0.75,0.25,2,3,0.3333333333333333,0.6666666666666666
Lecture 18,Slide55,1,4,0.75,0.25,1,2,0.5,0.5
Lecture 18,Slide6,1,3,0.6666666666666666,0.3333333333333333,1,4,0.75,0.25
Lecture 18,Slide7,1,4,0.75,0.25,1,2,0.5,0.5
Lecture 18,Slide8,1,17,0.9411764705882353,0.058823529411764705,1,2,0.5,0.5
Lecture 18,Slide9,1,12,0.9166666666666666,0.08333333333333333,1,1,0.0,1.0
Lecture 19,Slide1,0,3,1.0,0.0,0,0,0.0,1.0
Lecture 19,Slide10,0,3,1.0,0.0,0,1,1.0,0.0
Lecture 19,Slide11,0,3,1.0,0.0,0,2,1.0,0.0
Lecture 19,Slide12,0,3,1.0,0.0,0,2,1.0,0.0
Lecture 19,Slide13,0,5,1.0,0.0,0,2,1.0,0.0
Lecture 19,Slide14,0,3,1.0,0.0,0,1,1.0,0.0
Lecture 19,Slide15,0,6,1.0,0.0,0,1,1.0,0.0
Lecture 19,Slide16,0,15,1.0,0.0,0,4,1.0,0.0
Lecture 19,Slide17,0,9,1.0,0.0,0,1,1.0,0.0
Lecture 19,Slide18,0,8,1.0,0.0,0,1,1.0,0.0
Lecture 19,Slide19,0,3,1.0,0.0,0,2,1.0,0.0
Lecture 19,Slide2,0,6,1.0,0.0,0,1,1.0,0.0
Lecture 19,Slide20,0,10,1.0,0.0,0,2,1.0,0.0
Lecture 19,Slide21,0,3,1.0,0.0,0,1,1.0,0.0
Lecture 19,Slide22,0,3,1.0,0.0,0,2,1.0,0.0
Lecture 19,Slide23,0,6,1.0,0.0,0,2,1.0,0.0
Lecture 19,Slide24,0,3,1.0,0.0,0,1,1.0,0.0
Lecture 19,Slide25,0,3,1.0,0.0,0,0,0.0,1.0
Lecture 19,Slide26,0,3,1.0,0.0,0,2,1.0,0.0
Lecture 19,Slide27,0,3,1.0,0.0,0,1,1.0,0.0
Lecture 19,Slide28,0,8,1.0,0.0,0,1,1.0,0.0
Lecture 19,Slide29,0,3,1.0,0.0,0,2,1.0,0.0
Lecture 19,Slide3,0,10,1.0,0.0,0,2,1.0,0.0
Lecture 19,Slide30,0,11,1.0,0.0,0,2,1.0,0.0
Lecture 19,Slide31,0,7,1.0,0.0,0,1,1.0,0.0
Lecture 19,Slide32,0,3,1.0,0.0,0,0,0.0,1.0
Lecture 19,Slide33,0,3,1.0,0.0,0,0,0.0,1.0
Lecture 19,Slide34,0,11,1.0,0.0,0,0,0.0,1.0
Lecture 19,Slide35,0,3,1.0,0.0,0,0,0.0,1.0
Lecture 19,Slide36,0,3,1.0,0.0,0,2,1.0,0.0
Lecture 19,Slide37,0,3,1.0,0.0,0,2,1.0,0.0
Lecture 19,Slide38,0,3,1.0,0.0,0,2,1.0,0.0
Lecture 19,Slide39,0,3,1.0,0.0,0,1,1.0,0.0
Lecture 19,Slide4,0,3,1.0,0.0,0,0,0.0,1.0
Lecture 19,Slide40,0,3,1.0,0.0,0,0,0.0,1.0
Lecture 19,Slide41,0,3,1.0,0.0,0,1,1.0,0.0
Lecture 19,Slide42,0,3,1.0,0.0,0,2,1.0,0.0
Lecture 19,Slide43,0,2,1.0,0.0,0,1,1.0,0.0
Lecture 19,Slide44,0,6,1.0,0.0,0,0,0.0,1.0
Lecture 19,Slide45,0,8,1.0,0.0,0,2,1.0,0.0
Lecture 19,Slide46,0,7,1.0,0.0,0,1,1.0,0.0
Lecture 19,Slide47,0,3,1.0,0.0,0,1,1.0,0.0
Lecture 19,Slide48,0,3,1.0,0.0,0,2,1.0,0.0
Lecture 19,Slide49,0,11,1.0,0.0,0,1,1.0,0.0
Lecture 19,Slide5,0,11,1.0,0.0,0,1,1.0,0.0
Lecture 19,Slide50,0,3,1.0,0.0,0,2,1.0,0.0
Lecture 19,Slide51,0,3,1.0,0.0,0,1,1.0,0.0
Lecture 19,Slide52,0,3,1.0,0.0,0,2,1.0,0.0
Lecture 19,Slide53,0,2,1.0,0.0,0,1,1.0,0.0
Lecture 19,Slide54,0,7,1.0,0.0,0,0,0.0,1.0
Lecture 19,Slide55,0,4,1.0,0.0,0,1,1.0,0.0
Lecture 19,Slide6,0,7,1.0,0.0,0,2,1.0,0.0
Lecture 19,Slide7,0,3,1.0,0.0,0,1,1.0,0.0
Lecture 19,Slide8,0,2,1.0,0.0,0,0,0.0,1.0
Lecture 19,Slide9,0,3,1.0,0.0,0,1,1.0,0.0
Lecture 2,Slide1,4,7,0.42857142857142855,0.5714285714285714,2,3,0.3333333333333333,0.6666666666666666
Lecture 2,Slide10,7,9,0.2222222222222222,0.7777777777777778,1,3,0.6666666666666666,0.3333333333333333
Lecture 2,Slide11,1,4,0.75,0.25,1,1,0.0,1.0
Lecture 2,Slide12,1,9,0.8888888888888888,0.1111111111111111,1,2,0.5,0.5
Lecture 2,Slide13,6,8,0.25,0.75,1,3,0.6666666666666666,0.3333333333333333
Lecture 2,Slide14,5,9,0.4444444444444444,0.5555555555555556,1,3,0.6666666666666666,0.3333333333333333
Lecture 2,Slide15,11,14,0.21428571428571427,0.7857142857142857,1,3,0.6666666666666666,0.3333333333333333
Lecture 2,Slide16,8,13,0.38461538461538464,0.6153846153846154,1,1,0.0,1.0
Lecture 2,Slide17,4,6,0.3333333333333333,0.6666666666666666,1,3,0.6666666666666666,0.3333333333333333
Lecture 2,Slide18,3,5,0.4,0.6,2,3,0.3333333333333333,0.6666666666666666
Lecture 2,Slide19,2,4,0.5,0.5,2,2,0.0,1.0
Lecture 2,Slide2,0,2,1.0,0.0,0,0,0.0,1.0
Lecture 2,Slide20,4,8,0.5,0.5,1,1,0.0,1.0
Lecture 2,Slide21,6,8,0.25,0.75,1,1,0.0,1.0
Lecture 2,Slide22,8,14,0.42857142857142855,0.5714285714285714,1,3,0.6666666666666666,0.3333333333333333
Lecture 2,Slide23,5,10,0.5,0.5,1,3,0.6666666666666666,0.3333333333333333
Lecture 2,Slide24,9,17,0.47058823529411764,0.5294117647058824,1,3,0.6666666666666666,0.3333333333333333
Lecture 2,Slide25,8,11,0.2727272727272727,0.7272727272727273,1,3,0.6666666666666666,0.3333333333333333
Lecture 2,Slide26,8,11,0.2727272727272727,0.7272727272727273,1,1,0.0,1.0
Lecture 2,Slide27,4,9,0.5555555555555556,0.4444444444444444,1,2,0.5,0.5
Lecture 2,Slide28,6,9,0.3333333333333333,0.6666666666666666,3,5,0.4,0.6
Lecture 2,Slide29,2,7,0.7142857142857143,0.2857142857142857,2,4,0.5,0.5
Lecture 2,Slide3,2,13,0.8461538461538461,0.15384615384615385,2,2,0.0,1.0
Lecture 2,Slide30,1,10,0.9,0.1,1,1,0.0,1.0
Lecture 2,Slide31,1,2,0.5,0.5,1,2,0.5,0.5
Lecture 2,Slide32,4,7,0.42857142857142855,0.5714285714285714,4,6,0.3333333333333333,0.6666666666666666
Lecture 2,Slide33,7,17,0.5882352941176471,0.4117647058823529,0,4,1.0,0.0
Lecture 2,Slide34,7,9,0.2222222222222222,0.7777777777777778,1,2,0.5,0.5
Lecture 2,Slide35,7,17,0.5882352941176471,0.4117647058823529,1,2,0.5,0.5
Lecture 2,Slide36,3,5,0.4,0.6,3,4,0.25,0.75
Lecture 2,Slide37,6,9,0.3333333333333333,0.6666666666666666,0,1,1.0,0.0
Lecture 2,Slide38,4,8,0.5,0.5,0,1,1.0,0.0
Lecture 2,Slide39,4,8,0.5,0.5,1,2,0.5,0.5
Lecture 2,Slide4,5,7,0.2857142857142857,0.7142857142857143,2,3,0.3333333333333333,0.6666666666666666
Lecture 2,Slide40,5,11,0.5454545454545454,0.45454545454545453,2,2,0.0,1.0
Lecture 2,Slide41,4,7,0.42857142857142855,0.5714285714285714,2,3,0.3333333333333333,0.6666666666666666
Lecture 2,Slide42,9,12,0.25,0.75,1,3,0.6666666666666666,0.3333333333333333
Lecture 2,Slide43,6,10,0.4,0.6,2,2,0.0,1.0
Lecture 2,Slide44,4,9,0.5555555555555556,0.4444444444444444,3,5,0.4,0.6
Lecture 2,Slide45,1,6,0.8333333333333334,0.16666666666666666,1,2,0.5,0.5
Lecture 2,Slide46,11,14,0.21428571428571427,0.7857142857142857,1,3,0.6666666666666666,0.3333333333333333
Lecture 2,Slide47,1,7,0.8571428571428571,0.14285714285714285,1,1,0.0,1.0
Lecture 2,Slide48,1,3,0.6666666666666666,0.3333333333333333,1,1,0.0,1.0
Lecture 2,Slide49,9,13,0.3076923076923077,0.6923076923076923,1,1,0.0,1.0
Lecture 2,Slide5,9,11,0.18181818181818182,0.8181818181818182,1,1,0.0,1.0
Lecture 2,Slide50,7,9,0.2222222222222222,0.7777777777777778,1,1,0.0,1.0
Lecture 2,Slide6,8,9,0.1111111111111111,0.8888888888888888,1,2,0.5,0.5
Lecture 2,Slide7,4,10,0.6,0.4,2,2,0.0,1.0
Lecture 2,Slide8,5,7,0.2857142857142857,0.7142857142857143,1,1,0.0,1.0
Lecture 2,Slide9,5,14,0.6428571428571429,0.35714285714285715,0,0,0.0,1.0
Lecture 20,Slide1,4,10,0.6,0.4,0,0,0.0,1.0
Lecture 20,Slide10,1,4,0.75,0.25,2,2,0.0,1.0
Lecture 20,Slide11,1,4,0.75,0.25,3,4,0.25,0.75
Lecture 20,Slide12,1,4,0.75,0.25,2,3,0.3333333333333333,0.6666666666666666
Lecture 20,Slide13,1,4,0.75,0.25,1,3,0.6666666666666666,0.3333333333333333
Lecture 20,Slide14,1,4,0.75,0.25,1,2,0.5,0.5
Lecture 20,Slide15,1,3,0.6666666666666666,0.3333333333333333,1,1,0.0,1.0
Lecture 20,Slide16,1,4,0.75,0.25,1,2,0.5,0.5
Lecture 20,Slide17,1,4,0.75,0.25,1,3,0.6666666666666666,0.3333333333333333
Lecture 20,Slide18,1,3,0.6666666666666666,0.3333333333333333,1,2,0.5,0.5
Lecture 20,Slide19,1,4,0.75,0.25,1,2,0.5,0.5
Lecture 20,Slide2,3,5,0.4,0.6,0,0,0.0,1.0
Lecture 20,Slide20,1,3,0.6666666666666666,0.3333333333333333,1,3,0.6666666666666666,0.3333333333333333
Lecture 20,Slide21,1,3,0.6666666666666666,0.3333333333333333,1,3,0.6666666666666666,0.3333333333333333
Lecture 20,Slide22,1,4,0.75,0.25,1,1,0.0,1.0
Lecture 20,Slide23,1,4,0.75,0.25,2,3,0.3333333333333333,0.6666666666666666
Lecture 20,Slide24,1,4,0.75,0.25,1,3,0.6666666666666666,0.3333333333333333
Lecture 20,Slide25,1,4,0.75,0.25,1,2,0.5,0.5
Lecture 20,Slide26,1,3,0.6666666666666666,0.3333333333333333,1,2,0.5,0.5
Lecture 20,Slide27,1,3,0.6666666666666666,0.3333333333333333,3,4,0.25,0.75
Lecture 20,Slide28,1,4,0.75,0.25,3,3,0.0,1.0
Lecture 20,Slide29,1,4,0.75,0.25,1,4,0.75,0.25
Lecture 20,Slide3,1,3,0.6666666666666666,0.3333333333333333,1,1,0.0,1.0
Lecture 20,Slide30,1,4,0.75,0.25,1,2,0.5,0.5
Lecture 20,Slide31,1,3,0.6666666666666666,0.3333333333333333,1,3,0.6666666666666666,0.3333333333333333
Lecture 20,Slide32,1,4,0.75,0.25,3,4,0.25,0.75
Lecture 20,Slide33,1,4,0.75,0.25,1,1,0.0,1.0
Lecture 20,Slide34,1,11,0.9090909090909091,0.09090909090909091,1,1,0.0,1.0
Lecture 20,Slide35,4,9,0.5555555555555556,0.4444444444444444,2,2,0.0,1.0
Lecture 20,Slide36,6,9,0.3333333333333333,0.6666666666666666,1,2,0.5,0.5
Lecture 20,Slide37,6,9,0.3333333333333333,0.6666666666666666,3,4,0.25,0.75
Lecture 20,Slide38,4,8,0.5,0.5,1,2,0.5,0.5
Lecture 20,Slide39,1,3,0.6666666666666666,0.3333333333333333,1,2,0.5,0.5
Lecture 20,Slide4,1,2,0.5,0.5,1,4,0.75,0.25
Lecture 20,Slide40,1,4,0.75,0.25,1,3,0.6666666666666666,0.3333333333333333
Lecture 20,Slide41,1,4,0.75,0.25,2,2,0.0,1.0
Lecture 20,Slide42,1,5,0.8,0.2,1,2,0.5,0.5
Lecture 20,Slide43,1,4,0.75,0.25,1,3,0.6666666666666666,0.3333333333333333
Lecture 20,Slide44,8,13,0.38461538461538464,0.6153846153846154,1,2,0.5,0.5
Lecture 20,Slide45,6,11,0.45454545454545453,0.5454545454545454,2,2,0.0,1.0
Lecture 20,Slide46,7,9,0.2222222222222222,0.7777777777777778,1,3,0.6666666666666666,0.3333333333333333
Lecture 20,Slide47,1,10,0.9,0.1,1,2,0.5,0.5
Lecture 20,Slide48,1,4,0.75,0.25,1,2,0.5,0.5
Lecture 20,Slide49,1,3,0.6666666666666666,0.3333333333333333,1,1,0.0,1.0
Lecture 20,Slide5,1,3,0.6666666666666666,0.3333333333333333,1,2,0.5,0.5
Lecture 20,Slide50,0,0,0.0,1.0,0,0,0.0,1.0
Lecture 20,Slide51,0,0,0.0,1.0,0,0,0.0,1.0
Lecture 20,Slide52,1,4,0.75,0.25,3,5,0.4,0.6
Lecture 20,Slide53,1,3,0.6666666666666666,0.3333333333333333,0,2,1.0,0.0
Lecture 20,Slide54,1,4,0.75,0.25,1,2,0.5,0.5
Lecture 20,Slide55,9,14,0.35714285714285715,0.6428571428571429,2,2,0.0,1.0
Lecture 20,Slide6,1,4,0.75,0.25,1,3,0.6666666666666666,0.3333333333333333
Lecture 20,Slide7,1,4,0.75,0.25,1,3,0.6666666666666666,0.3333333333333333
Lecture 20,Slide8,1,4,0.75,0.25,1,1,0.0,1.0
Lecture 20,Slide9,1,3,0.6666666666666666,0.3333333333333333,1,4,0.75,0.25
Lecture 21,Slide1,0,9,1.0,0.0,2,2,0.0,1.0
Lecture 21,Slide10,6,11,0.45454545454545453,0.5454545454545454,1,3,0.6666666666666666,0.3333333333333333
Lecture 21,Slide11,9,11,0.18181818181818182,0.8181818181818182,2,3,0.3333333333333333,0.6666666666666666
Lecture 21,Slide12,9,12,0.25,0.75,1,1,0.0,1.0
Lecture 21,Slide13,1,7,0.8571428571428571,0.14285714285714285,0,0,0.0,1.0
Lecture 21,Slide14,9,11,0.18181818181818182,0.8181818181818182,1,1,0.0,1.0
Lecture 21,Slide15,1,4,0.75,0.25,2,4,0.5,0.5
Lecture 21,Slide16,1,4,0.75,0.25,2,4,0.5,0.5
Lecture 21,Slide17,1,4,0.75,0.25,1,3,0.6666666666666666,0.3333333333333333
Lecture 21,Slide18,6,9,0.3333333333333333,0.6666666666666666,3,4,0.25,0.75
Lecture 21,Slide19,1,4,0.75,0.25,1,1,0.0,1.0
Lecture 21,Slide2,0,5,1.0,0.0,0,0,0.0,1.0
Lecture 21,Slide20,1,4,0.75,0.25,1,3,0.6666666666666666,0.3333333333333333
Lecture 21,Slide21,1,3,0.6666666666666666,0.3333333333333333,1,2,0.5,0.5
Lecture 21,Slide22,11,14,0.21428571428571427,0.7857142857142857,1,2,0.5,0.5
Lecture 21,Slide23,1,4,0.75,0.25,1,3,0.6666666666666666,0.3333333333333333
Lecture 21,Slide24,1,4,0.75,0.25,1,1,0.0,1.0
Lecture 21,Slide25,1,4,0.75,0.25,1,3,0.6666666666666666,0.3333333333333333
Lecture 21,Slide26,5,12,0.5833333333333334,0.4166666666666667,0,0,0.0,1.0
Lecture 21,Slide27,1,12,0.9166666666666666,0.08333333333333333,1,2,0.5,0.5
Lecture 21,Slide28,7,8,0.125,0.875,1,1,0.0,1.0
Lecture 21,Slide29,1,3,0.6666666666666666,0.3333333333333333,1,3,0.6666666666666666,0.3333333333333333
Lecture 21,Slide3,0,3,1.0,0.0,1,1,0.0,1.0
Lecture 21,Slide30,9,12,0.25,0.75,0,2,1.0,0.0
Lecture 21,Slide31,1,4,0.75,0.25,1,2,0.5,0.5
Lecture 21,Slide32,1,3,0.6666666666666666,0.3333333333333333,3,6,0.5,0.5
Lecture 21,Slide33,10,12,0.16666666666666666,0.8333333333333334,1,2,0.5,0.5
Lecture 21,Slide34,1,4,0.75,0.25,1,3,0.6666666666666666,0.3333333333333333
Lecture 21,Slide35,9,12,0.25,0.75,1,1,0.0,1.0
Lecture 21,Slide36,9,11,0.18181818181818182,0.8181818181818182,1,2,0.5,0.5
Lecture 21,Slide37,9,11,0.18181818181818182,0.8181818181818182,1,3,0.6666666666666666,0.3333333333333333
Lecture 21,Slide38,1,4,0.75,0.25,3,4,0.25,0.75
Lecture 21,Slide39,1,9,0.8888888888888888,0.1111111111111111,1,3,0.6666666666666666,0.3333333333333333
Lecture 21,Slide4,0,3,1.0,0.0,1,3,0.6666666666666666,0.3333333333333333
Lecture 21,Slide40,1,4,0.75,0.25,1,3,0.6666666666666666,0.3333333333333333
Lecture 21,Slide41,1,3,0.6666666666666666,0.3333333333333333,1,3,0.6666666666666666,0.3333333333333333
Lecture 21,Slide42,1,4,0.75,0.25,1,2,0.5,0.5
Lecture 21,Slide43,1,4,0.75,0.25,3,5,0.4,0.6
Lecture 21,Slide5,0,3,1.0,0.0,4,4,0.0,1.0
Lecture 21,Slide6,6,9,0.3333333333333333,0.6666666666666666,2,3,0.3333333333333333,0.6666666666666666
Lecture 21,Slide7,1,3,0.6666666666666666,0.3333333333333333,1,3,0.6666666666666666,0.3333333333333333
Lecture 21,Slide8,5,8,0.375,0.625,0,1,1.0,0.0
Lecture 21,Slide9,10,16,0.375,0.625,1,2,0.5,0.5
Lecture 22,Slide1,4,12,0.6666666666666666,0.3333333333333333,2,3,0.3333333333333333,0.6666666666666666
Lecture 22,Slide10,1,13,0.9230769230769231,0.07692307692307693,0,0,0.0,1.0
Lecture 22,Slide11,10,12,0.16666666666666666,0.8333333333333334,1,2,0.5,0.5
Lecture 22,Slide12,10,12,0.16666666666666666,0.8333333333333334,1,1,0.0,1.0
Lecture 22,Slide13,7,10,0.3,0.7,1,2,0.5,0.5
Lecture 22,Slide14,1,9,0.8888888888888888,0.1111111111111111,1,2,0.5,0.5
Lecture 22,Slide15,6,11,0.45454545454545453,0.5454545454545454,1,2,0.5,0.5
Lecture 22,Slide16,1,3,0.6666666666666666,0.3333333333333333,3,4,0.25,0.75
Lecture 22,Slide17,1,9,0.8888888888888888,0.1111111111111111,2,3,0.3333333333333333,0.6666666666666666
Lecture 22,Slide18,1,9,0.8888888888888888,0.1111111111111111,1,3,0.6666666666666666,0.3333333333333333
Lecture 22,Slide19,4,5,0.2,0.8,2,3,0.3333333333333333,0.6666666666666666
Lecture 22,Slide2,3,10,0.7,0.3,1,1,0.0,1.0
Lecture 22,Slide20,5,8,0.375,0.625,1,2,0.5,0.5
Lecture 22,Slide21,1,12,0.9166666666666666,0.08333333333333333,2,3,0.3333333333333333,0.6666666666666666
Lecture 22,Slide22,1,4,0.75,0.25,3,5,0.4,0.6
Lecture 22,Slide23,1,4,0.75,0.25,1,3,0.6666666666666666,0.3333333333333333
Lecture 22,Slide24,1,4,0.75,0.25,1,2,0.5,0.5
Lecture 22,Slide25,1,4,0.75,0.25,1,2,0.5,0.5
Lecture 22,Slide26,1,3,0.6666666666666666,0.3333333333333333,1,2,0.5,0.5
Lecture 22,Slide27,8,18,0.5555555555555556,0.4444444444444444,2,3,0.3333333333333333,0.6666666666666666
Lecture 22,Slide28,1,3,0.6666666666666666,0.3333333333333333,3,6,0.5,0.5
Lecture 22,Slide29,1,8,0.875,0.125,2,3,0.3333333333333333,0.6666666666666666
Lecture 22,Slide3,1,2,0.5,0.5,1,1,0.0,1.0
Lecture 22,Slide30,6,10,0.4,0.6,0,1,1.0,0.0
Lecture 22,Slide31,8,9,0.1111111111111111,0.8888888888888888,0,0,0.0,1.0
Lecture 22,Slide32,1,3,0.6666666666666666,0.3333333333333333,1,3,0.6666666666666666,0.3333333333333333
Lecture 22,Slide33,1,4,0.75,0.25,1,2,0.5,0.5
Lecture 22,Slide34,1,4,0.75,0.25,1,2,0.5,0.5
Lecture 22,Slide35,6,8,0.25,0.75,3,5,0.4,0.6
Lecture 22,Slide36,1,3,0.6666666666666666,0.3333333333333333,1,2,0.5,0.5
Lecture 22,Slide37,7,10,0.3,0.7,2,2,0.0,1.0
Lecture 22,Slide38,1,4,0.75,0.25,1,3,0.6666666666666666,0.3333333333333333
Lecture 22,Slide39,2,4,0.5,0.5,1,1,0.0,1.0
Lecture 22,Slide4,0,0,0.0,1.0,0,0,0.0,1.0
Lecture 22,Slide40,1,12,0.9166666666666666,0.08333333333333333,1,3,0.6666666666666666,0.3333333333333333
Lecture 22,Slide41,8,11,0.2727272727272727,0.7272727272727273,1,2,0.5,0.5
Lecture 22,Slide42,1,3,0.6666666666666666,0.3333333333333333,1,3,0.6666666666666666,0.3333333333333333
Lecture 22,Slide43,1,3,0.6666666666666666,0.3333333333333333,1,2,0.5,0.5
Lecture 22,Slide44,1,3,0.6666666666666666,0.3333333333333333,1,1,0.0,1.0
Lecture 22,Slide45,4,7,0.42857142857142855,0.5714285714285714,1,1,0.0,1.0
Lecture 22,Slide5,1,3,0.6666666666666666,0.3333333333333333,1,2,0.5,0.5
Lecture 22,Slide6,1,4,0.75,0.25,1,2,0.5,0.5
Lecture 22,Slide7,1,3,0.6666666666666666,0.3333333333333333,1,2,0.5,0.5
Lecture 22,Slide8,7,10,0.3,0.7,1,1,0.0,1.0
Lecture 22,Slide9,9,12,0.25,0.75,2,4,0.5,0.5
Lecture 23,Slide1,2,5,0.6,0.4,1,1,0.0,1.0
Lecture 23,Slide10,4,11,0.6363636363636364,0.36363636363636365,1,1,0.0,1.0
Lecture 23,Slide11,1,3,0.6666666666666666,0.3333333333333333,3,5,0.4,0.6
Lecture 23,Slide12,9,12,0.25,0.75,3,4,0.25,0.75
Lecture 23,Slide13,1,11,0.9090909090909091,0.09090909090909091,1,4,0.75,0.25
Lecture 23,Slide14,6,9,0.3333333333333333,0.6666666666666666,1,2,0.5,0.5
Lecture 23,Slide15,1,9,0.8888888888888888,0.1111111111111111,4,5,0.2,0.8
Lecture 23,Slide16,8,11,0.2727272727272727,0.7272727272727273,1,2,0.5,0.5
Lecture 23,Slide17,1,4,0.75,0.25,1,2,0.5,0.5
Lecture 23,Slide18,1,4,0.75,0.25,1,2,0.5,0.5
Lecture 23,Slide19,1,14,0.9285714285714286,0.07142857142857142,1,2,0.5,0.5
Lecture 23,Slide2,2,10,0.8,0.2,0,1,1.0,0.0
Lecture 23,Slide20,1,3,0.6666666666666666,0.3333333333333333,0,1,1.0,0.0
Lecture 23,Slide21,9,12,0.25,0.75,1,3,0.6666666666666666,0.3333333333333333
Lecture 23,Slide22,1,7,0.8571428571428571,0.14285714285714285,0,1,1.0,0.0
Lecture 23,Slide23,1,4,0.75,0.25,1,3,0.6666666666666666,0.3333333333333333
Lecture 23,Slide24,1,4,0.75,0.25,1,4,0.75,0.25
Lecture 23,Slide25,1,4,0.75,0.25,3,5,0.4,0.6
Lecture 23,Slide26,1,4,0.75,0.25,1,2,0.5,0.5
Lecture 23,Slide27,8,11,0.2727272727272727,0.7272727272727273,1,5,0.8,0.2
Lecture 23,Slide28,6,9,0.3333333333333333,0.6666666666666666,3,4,0.25,0.75
Lecture 23,Slide29,1,3,0.6666666666666666,0.3333333333333333,1,1,0.0,1.0
Lecture 23,Slide3,1,4,0.75,0.25,1,1,0.0,1.0
Lecture 23,Slide30,1,7,0.8571428571428571,0.14285714285714285,1,2,0.5,0.5
Lecture 23,Slide31,1,4,0.75,0.25,1,2,0.5,0.5
Lecture 23,Slide32,6,7,0.14285714285714285,0.8571428571428571,1,2,0.5,0.5
Lecture 23,Slide33,1,4,0.75,0.25,1,1,0.0,1.0
Lecture 23,Slide34,1,4,0.75,0.25,2,2,0.0,1.0
Lecture 23,Slide35,1,13,0.9230769230769231,0.07692307692307693,2,3,0.3333333333333333,0.6666666666666666
Lecture 23,Slide36,1,4,0.75,0.25,1,3,0.6666666666666666,0.3333333333333333
Lecture 23,Slide37,1,4,0.75,0.25,2,2,0.0,1.0
Lecture 23,Slide38,1,4,0.75,0.25,1,2,0.5,0.5
Lecture 23,Slide39,1,4,0.75,0.25,1,2,0.5,0.5
Lecture 23,Slide4,1,7,0.8571428571428571,0.14285714285714285,1,1,0.0,1.0
Lecture 23,Slide40,1,4,0.75,0.25,0,1,1.0,0.0
Lecture 23,Slide41,1,8,0.875,0.125,1,3,0.6666666666666666,0.3333333333333333
Lecture 23,Slide42,1,4,0.75,0.25,1,1,0.0,1.0
Lecture 23,Slide43,7,9,0.2222222222222222,0.7777777777777778,4,5,0.2,0.8
Lecture 23,Slide44,1,6,0.8333333333333334,0.16666666666666666,2,2,0.0,1.0
Lecture 23,Slide45,1,4,0.75,0.25,1,2,0.5,0.5
Lecture 23,Slide46,1,3,0.6666666666666666,0.3333333333333333,1,1,0.0,1.0
Lecture 23,Slide47,1,4,0.75,0.25,0,1,1.0,0.0
Lecture 23,Slide48,1,4,0.75,0.25,1,1,0.0,1.0
Lecture 23,Slide49,7,10,0.3,0.7,3,4,0.25,0.75
Lecture 23,Slide5,1,3,0.6666666666666666,0.3333333333333333,1,2,0.5,0.5
Lecture 23,Slide50,6,14,0.5714285714285714,0.42857142857142855,2,3,0.3333333333333333,0.6666666666666666
Lecture 23,Slide6,1,4,0.75,0.25,1,2,0.5,0.5
Lecture 23,Slide7,1,3,0.6666666666666666,0.3333333333333333,1,2,0.5,0.5
Lecture 23,Slide8,1,4,0.75,0.25,2,3,0.3333333333333333,0.6666666666666666
Lecture 23,Slide9,1,3,0.6666666666666666,0.3333333333333333,0,0,0.0,1.0
Lecture 3,Slide1,2,7,0.7142857142857143,0.2857142857142857,1,1,0.0,1.0
Lecture 3,Slide10,1,4,0.75,0.25,4,4,0.0,1.0
Lecture 3,Slide11,1,4,0.75,0.25,2,4,0.5,0.5
Lecture 3,Slide12,4,11,0.6363636363636364,0.36363636363636365,1,4,0.75,0.25
Lecture 3,Slide13,4,8,0.5,0.5,1,4,0.75,0.25
Lecture 3,Slide14,3,7,0.5714285714285714,0.42857142857142855,2,2,0.0,1.0
Lecture 3,Slide15,3,6,0.5,0.5,1,2,0.5,0.5
Lecture 3,Slide16,4,6,0.3333333333333333,0.6666666666666666,1,1,0.0,1.0
Lecture 3,Slide17,5,6,0.16666666666666666,0.8333333333333334,0,0,0.0,1.0
Lecture 3,Slide18,7,10,0.3,0.7,1,2,0.5,0.5
Lecture 3,Slide19,5,9,0.4444444444444444,0.5555555555555556,2,2,0.0,1.0
Lecture 3,Slide2,0,5,1.0,0.0,0,0,0.0,1.0
Lecture 3,Slide20,8,11,0.2727272727272727,0.7272727272727273,0,0,0.0,1.0
Lecture 3,Slide21,5,11,0.5454545454545454,0.45454545454545453,1,1,0.0,1.0
Lecture 3,Slide22,6,11,0.45454545454545453,0.5454545454545454,2,2,0.0,1.0
Lecture 3,Slide23,4,11,0.6363636363636364,0.36363636363636365,0,0,0.0,1.0
Lecture 3,Slide24,6,9,0.3333333333333333,0.6666666666666666,1,1,0.0,1.0
Lecture 3,Slide25,8,9,0.1111111111111111,0.8888888888888888,0,0,0.0,1.0
Lecture 3,Slide26,1,14,0.9285714285714286,0.07142857142857142,0,0,0.0,1.0
Lecture 3,Slide27,5,7,0.2857142857142857,0.7142857142857143,3,3,0.0,1.0
Lecture 3,Slide28,7,13,0.46153846153846156,0.5384615384615384,2,2,0.0,1.0
Lecture 3,Slide29,7,13,0.46153846153846156,0.5384615384615384,2,2,0.0,1.0
Lecture 3,Slide3,6,6,0.0,1.0,3,3,0.0,1.0
Lecture 3,Slide30,3,12,0.75,0.25,1,1,0.0,1.0
Lecture 3,Slide31,3,9,0.6666666666666666,0.3333333333333333,1,1,0.0,1.0
Lecture 3,Slide32,3,4,0.25,0.75,1,1,0.0,1.0
Lecture 3,Slide33,7,11,0.36363636363636365,0.6363636363636364,0,2,1.0,0.0
Lecture 3,Slide34,5,8,0.375,0.625,1,1,0.0,1.0
Lecture 3,Slide35,9,11,0.18181818181818182,0.8181818181818182,1,2,0.5,0.5
Lecture 3,Slide36,5,8,0.375,0.625,1,1,0.0,1.0
Lecture 3,Slide37,6,11,0.45454545454545453,0.5454545454545454,3,5,0.4,0.6
Lecture 3,Slide38,8,10,0.2,0.8,0,1,1.0,0.0
Lecture 3,Slide39,1,6,0.8333333333333334,0.16666666666666666,0,0,0.0,1.0
Lecture 3,Slide4,8,13,0.38461538461538464,0.6153846153846154,0,0,0.0,1.0
Lecture 3,Slide40,0,6,1.0,0.0,0,0,0.0,1.0
Lecture 3,Slide5,4,7,0.42857142857142855,0.5714285714285714,1,1,0.0,1.0
Lecture 3,Slide6,4,7,0.42857142857142855,0.5714285714285714,3,3,0.0,1.0
Lecture 3,Slide7,1,9,0.8888888888888888,0.1111111111111111,1,1,0.0,1.0
Lecture 3,Slide8,5,7,0.2857142857142857,0.7142857142857143,1,1,0.0,1.0
Lecture 3,Slide9,1,4,0.75,0.25,1,2,0.5,0.5
Lecture 4,Slide1,3,7,0.5714285714285714,0.42857142857142855,0,0,0.0,1.0
Lecture 4,Slide10,5,8,0.375,0.625,1,2,0.5,0.5
Lecture 4,Slide11,5,8,0.375,0.625,1,1,0.0,1.0
Lecture 4,Slide12,8,10,0.2,0.8,1,1,0.0,1.0
Lecture 4,Slide13,8,9,0.1111111111111111,0.8888888888888888,2,3,0.3333333333333333,0.6666666666666666
Lecture 4,Slide14,6,8,0.25,0.75,2,3,0.3333333333333333,0.6666666666666666
Lecture 4,Slide15,7,9,0.2222222222222222,0.7777777777777778,1,3,0.6666666666666666,0.3333333333333333
Lecture 4,Slide16,4,5,0.2,0.8,2,3,0.3333333333333333,0.6666666666666666
Lecture 4,Slide17,3,11,0.7272727272727273,0.2727272727272727,1,4,0.75,0.25
Lecture 4,Slide18,1,8,0.875,0.125,3,4,0.25,0.75
Lecture 4,Slide19,8,11,0.2727272727272727,0.7272727272727273,2,2,0.0,1.0
Lecture 4,Slide2,0,2,1.0,0.0,0,0,0.0,1.0
Lecture 4,Slide20,5,8,0.375,0.625,1,1,0.0,1.0
Lecture 4,Slide21,1,4,0.75,0.25,3,3,0.0,1.0
Lecture 4,Slide22,1,4,0.75,0.25,1,1,0.0,1.0
Lecture 4,Slide23,7,9,0.2222222222222222,0.7777777777777778,1,2,0.5,0.5
Lecture 4,Slide24,7,10,0.3,0.7,3,4,0.25,0.75
Lecture 4,Slide25,1,4,0.75,0.25,1,2,0.5,0.5
Lecture 4,Slide26,8,11,0.2727272727272727,0.7272727272727273,3,4,0.25,0.75
Lecture 4,Slide27,1,4,0.75,0.25,2,3,0.3333333333333333,0.6666666666666666
Lecture 4,Slide28,1,4,0.75,0.25,2,3,0.3333333333333333,0.6666666666666666
Lecture 4,Slide29,1,8,0.875,0.125,1,2,0.5,0.5
Lecture 4,Slide3,5,6,0.16666666666666666,0.8333333333333334,1,1,0.0,1.0
Lecture 4,Slide30,6,8,0.25,0.75,2,3,0.3333333333333333,0.6666666666666666
Lecture 4,Slide31,8,13,0.38461538461538464,0.6153846153846154,0,1,1.0,0.0
Lecture 4,Slide32,7,9,0.2222222222222222,0.7777777777777778,3,4,0.25,0.75
Lecture 4,Slide33,7,10,0.3,0.7,1,4,0.75,0.25
Lecture 4,Slide34,1,3,0.6666666666666666,0.3333333333333333,1,2,0.5,0.5
Lecture 4,Slide35,8,10,0.2,0.8,1,3,0.6666666666666666,0.3333333333333333
Lecture 4,Slide36,7,8,0.125,0.875,1,2,0.5,0.5
Lecture 4,Slide37,1,3,0.6666666666666666,0.3333333333333333,1,2,0.5,0.5
Lecture 4,Slide38,1,9,0.8888888888888888,0.1111111111111111,1,2,0.5,0.5
Lecture 4,Slide39,5,10,0.5,0.5,1,1,0.0,1.0
Lecture 4,Slide4,1,8,0.875,0.125,1,2,0.5,0.5
Lecture 4,Slide40,1,9,0.8888888888888888,0.1111111111111111,2,2,0.0,1.0
Lecture 4,Slide41,5,16,0.6875,0.3125,3,3,0.0,1.0
Lecture 4,Slide42,7,8,0.125,0.875,1,3,0.6666666666666666,0.3333333333333333
Lecture 4,Slide43,1,6,0.8333333333333334,0.16666666666666666,1,3,0.6666666666666666,0.3333333333333333
Lecture 4,Slide44,6,7,0.14285714285714285,0.8571428571428571,0,0,0.0,1.0
Lecture 4,Slide45,1,4,0.75,0.25,1,2,0.5,0.5
Lecture 4,Slide46,1,2,0.5,0.5,1,2,0.5,0.5
Lecture 4,Slide47,8,12,0.3333333333333333,0.6666666666666666,1,2,0.5,0.5
Lecture 4,Slide48,6,16,0.625,0.375,2,2,0.0,1.0
Lecture 4,Slide49,5,13,0.6153846153846154,0.38461538461538464,1,3,0.6666666666666666,0.3333333333333333
Lecture 4,Slide5,5,13,0.6153846153846154,0.38461538461538464,2,2,0.0,1.0
Lecture 4,Slide6,3,6,0.5,0.5,3,3,0.0,1.0
Lecture 4,Slide7,7,14,0.5,0.5,2,4,0.5,0.5
Lecture 4,Slide8,6,10,0.4,0.6,3,5,0.4,0.6
Lecture 4,Slide9,4,8,0.5,0.5,2,3,0.3333333333333333,0.6666666666666666
Lecture 5,Slide1,0,8,1.0,0.0,0,0,0.0,1.0
Lecture 5,Slide10,0,3,1.0,0.0,0,2,1.0,0.0
Lecture 5,Slide11,0,3,1.0,0.0,0,1,1.0,0.0
Lecture 5,Slide12,0,3,1.0,0.0,0,0,0.0,1.0
Lecture 5,Slide13,0,2,1.0,0.0,0,1,1.0,0.0
Lecture 5,Slide14,0,3,1.0,0.0,0,2,1.0,0.0
Lecture 5,Slide15,0,3,1.0,0.0,0,2,1.0,0.0
Lecture 5,Slide16,0,3,1.0,0.0,0,2,1.0,0.0
Lecture 5,Slide17,0,3,1.0,0.0,0,2,1.0,0.0
Lecture 5,Slide18,0,2,1.0,0.0,0,2,1.0,0.0
Lecture 5,Slide19,0,3,1.0,0.0,0,1,1.0,0.0
Lecture 5,Slide2,0,6,1.0,0.0,0,1,1.0,0.0
Lecture 5,Slide20,0,3,1.0,0.0,0,1,1.0,0.0
Lecture 5,Slide21,0,3,1.0,0.0,0,2,1.0,0.0
Lecture 5,Slide22,0,3,1.0,0.0,0,1,1.0,0.0
Lecture 5,Slide23,0,8,1.0,0.0,0,1,1.0,0.0
Lecture 5,Slide24,0,3,1.0,0.0,0,1,1.0,0.0
Lecture 5,Slide25,0,3,1.0,0.0,0,1,1.0,0.0
Lecture 5,Slide26,0,3,1.0,0.0,0,3,1.0,0.0
Lecture 5,Slide27,0,2,1.0,0.0,0,0,0.0,1.0
Lecture 5,Slide28,0,2,1.0,0.0,0,2,1.0,0.0
Lecture 5,Slide29,0,3,1.0,0.0,0,1,1.0,0.0
Lecture 5,Slide3,0,2,1.0,0.0,0,1,1.0,0.0
Lecture 5,Slide30,0,9,1.0,0.0,0,0,0.0,1.0
Lecture 5,Slide31,0,3,1.0,0.0,0,1,1.0,0.0
Lecture 5,Slide32,0,3,1.0,0.0,0,2,1.0,0.0
Lecture 5,Slide33,0,3,1.0,0.0,0,1,1.0,0.0
Lecture 5,Slide34,0,3,1.0,0.0,0,1,1.0,0.0
Lecture 5,Slide35,0,3,1.0,0.0,0,0,0.0,1.0
Lecture 5,Slide36,0,2,1.0,0.0,0,1,1.0,0.0
Lecture 5,Slide37,0,2,1.0,0.0,0,0,0.0,1.0
Lecture 5,Slide38,0,3,1.0,0.0,0,0,0.0,1.0
Lecture 5,Slide39,0,3,1.0,0.0,0,0,0.0,1.0
Lecture 5,Slide4,0,3,1.0,0.0,0,0,0.0,1.0
Lecture 5,Slide40,0,3,1.0,0.0,0,0,0.0,1.0
Lecture 5,Slide41,0,3,1.0,0.0,0,0,0.0,1.0
Lecture 5,Slide42,0,3,1.0,0.0,0,0,0.0,1.0
Lecture 5,Slide43,0,2,1.0,0.0,0,1,1.0,0.0
Lecture 5,Slide44,0,3,1.0,0.0,0,1,1.0,0.0
Lecture 5,Slide45,0,8,1.0,0.0,0,1,1.0,0.0
Lecture 5,Slide46,0,3,1.0,0.0,0,0,0.0,1.0
Lecture 5,Slide47,0,3,1.0,0.0,0,1,1.0,0.0
Lecture 5,Slide48,0,3,1.0,0.0,0,0,0.0,1.0
Lecture 5,Slide49,0,3,1.0,0.0,0,2,1.0,0.0
Lecture 5,Slide5,0,3,1.0,0.0,0,1,1.0,0.0
Lecture 5,Slide50,0,10,1.0,0.0,0,0,0.0,1.0
Lecture 5,Slide6,0,3,1.0,0.0,0,1,1.0,0.0
Lecture 5,Slide7,0,2,1.0,0.0,0,0,0.0,1.0
Lecture 5,Slide8,0,3,1.0,0.0,0,0,0.0,1.0
Lecture 5,Slide9,0,2,1.0,0.0,0,0,0.0,1.0
Lecture 6,Slide1,4,6,0.3333333333333333,0.6666666666666666,1,1,0.0,1.0
Lecture 6,Slide10,9,11,0.18181818181818182,0.8181818181818182,2,3,0.3333333333333333,0.6666666666666666
Lecture 6,Slide11,1,2,0.5,0.5,1,1,0.0,1.0
Lecture 6,Slide12,1,3,0.6666666666666666,0.3333333333333333,0,1,1.0,0.0
Lecture 6,Slide13,1,3,0.6666666666666666,0.3333333333333333,2,3,0.3333333333333333,0.6666666666666666
Lecture 6,Slide14,1,3,0.6666666666666666,0.3333333333333333,3,6,0.5,0.5
Lecture 6,Slide15,1,7,0.8571428571428571,0.14285714285714285,2,3,0.3333333333333333,0.6666666666666666
Lecture 6,Slide16,1,2,0.5,0.5,1,2,0.5,0.5
Lecture 6,Slide17,1,3,0.6666666666666666,0.3333333333333333,1,1,0.0,1.0
Lecture 6,Slide18,7,9,0.2222222222222222,0.7777777777777778,3,3,0.0,1.0
Lecture 6,Slide19,7,9,0.2222222222222222,0.7777777777777778,2,3,0.3333333333333333,0.6666666666666666
Lecture 6,Slide2,0,1,1.0,0.0,0,0,0.0,1.0
Lecture 6,Slide20,1,5,0.8,0.2,1,2,0.5,0.5
Lecture 6,Slide21,6,9,0.3333333333333333,0.6666666666666666,1,2,0.5,0.5
Lecture 6,Slide22,10,13,0.23076923076923078,0.7692307692307693,1,1,0.0,1.0
Lecture 6,Slide23,1,5,0.8,0.2,1,2,0.5,0.5
Lecture 6,Slide24,5,9,0.4444444444444444,0.5555555555555556,2,2,0.0,1.0
Lecture 6,Slide25,1,3,0.6666666666666666,0.3333333333333333,3,3,0.0,1.0
Lecture 6,Slide26,7,9,0.2222222222222222,0.7777777777777778,0,0,0.0,1.0
Lecture 6,Slide27,6,8,0.25,0.75,3,4,0.25,0.75
Lecture 6,Slide28,1,8,0.875,0.125,1,1,0.0,1.0
Lecture 6,Slide29,10,12,0.16666666666666666,0.8333333333333334,1,1,0.0,1.0
Lecture 6,Slide3,7,11,0.36363636363636365,0.6363636363636364,2,2,0.0,1.0
Lecture 6,Slide30,1,3,0.6666666666666666,0.3333333333333333,3,4,0.25,0.75
Lecture 6,Slide31,6,8,0.25,0.75,1,1,0.0,1.0
Lecture 6,Slide32,1,3,0.6666666666666666,0.3333333333333333,0,0,0.0,1.0
Lecture 6,Slide33,1,3,0.6666666666666666,0.3333333333333333,0,0,0.0,1.0
Lecture 6,Slide34,1,3,0.6666666666666666,0.3333333333333333,3,3,0.0,1.0
Lecture 6,Slide35,1,3,0.6666666666666666,0.3333333333333333,1,2,0.5,0.5
Lecture 6,Slide36,1,3,0.6666666666666666,0.3333333333333333,1,3,0.6666666666666666,0.3333333333333333
Lecture 6,Slide37,1,3,0.6666666666666666,0.3333333333333333,1,3,0.6666666666666666,0.3333333333333333
Lecture 6,Slide38,6,10,0.4,0.6,0,1,1.0,0.0
Lecture 6,Slide39,1,3,0.6666666666666666,0.3333333333333333,2,2,0.0,1.0
Lecture 6,Slide4,9,10,0.1,0.9,2,4,0.5,0.5
Lecture 6,Slide40,1,3,0.6666666666666666,0.3333333333333333,3,5,0.4,0.6
Lecture 6,Slide41,8,10,0.2,0.8,2,4,0.5,0.5
Lecture 6,Slide42,3,4,0.25,0.75,1,1,0.0,1.0
Lecture 6,Slide5,1,3,0.6666666666666666,0.3333333333333333,3,4,0.25,0.75
Lecture 6,Slide6,9,11,0.18181818181818182,0.8181818181818182,1,1,0.0,1.0
Lecture 6,Slide7,1,3,0.6666666666666666,0.3333333333333333,3,3,0.0,1.0
Lecture 6,Slide8,9,11,0.18181818181818182,0.8181818181818182,2,3,0.3333333333333333,0.6666666666666666
Lecture 6,Slide9,5,7,0.2857142857142857,0.7142857142857143,1,2,0.5,0.5
Lecture 7,Slide1,1,11,0.9090909090909091,0.09090909090909091,1,1,0.0,1.0
Lecture 7,Slide10,1,4,0.75,0.25,1,2,0.5,0.5
Lecture 7,Slide11,6,7,0.14285714285714285,0.8571428571428571,1,3,0.6666666666666666,0.3333333333333333
Lecture 7,Slide12,1,9,0.8888888888888888,0.1111111111111111,1,2,0.5,0.5
Lecture 7,Slide13,5,10,0.5,0.5,1,1,0.0,1.0
Lecture 7,Slide14,1,4,0.75,0.25,1,3,0.6666666666666666,0.3333333333333333
Lecture 7,Slide15,9,11,0.18181818181818182,0.8181818181818182,1,1,0.0,1.0
Lecture 7,Slide16,8,10,0.2,0.8,1,2,0.5,0.5
Lecture 7,Slide17,1,6,0.8333333333333334,0.16666666666666666,3,3,0.0,1.0
Lecture 7,Slide18,1,4,0.75,0.25,1,1,0.0,1.0
Lecture 7,Slide19,7,10,0.3,0.7,1,1,0.0,1.0
Lecture 7,Slide2,2,2,0.0,1.0,1,1,0.0,1.0
Lecture 7,Slide20,7,10,0.3,0.7,0,0,0.0,1.0
Lecture 7,Slide21,10,13,0.23076923076923078,0.7692307692307693,1,1,0.0,1.0
Lecture 7,Slide22,9,12,0.25,0.75,1,1,0.0,1.0
Lecture 7,Slide23,7,8,0.125,0.875,1,1,0.0,1.0
Lecture 7,Slide24,8,14,0.42857142857142855,0.5714285714285714,2,2,0.0,1.0
Lecture 7,Slide25,1,2,0.5,0.5,1,1,0.0,1.0
Lecture 7,Slide26,11,13,0.15384615384615385,0.8461538461538461,2,2,0.0,1.0
Lecture 7,Slide27,1,4,0.75,0.25,2,2,0.0,1.0
Lecture 7,Slide28,1,3,0.6666666666666666,0.3333333333333333,1,1,0.0,1.0
Lecture 7,Slide29,1,4,0.75,0.25,1,1,0.0,1.0
Lecture 7,Slide3,9,11,0.18181818181818182,0.8181818181818182,1,2,0.5,0.5
Lecture 7,Slide30,1,4,0.75,0.25,1,1,0.0,1.0
Lecture 7,Slide31,10,11,0.09090909090909091,0.9090909090909091,1,1,0.0,1.0
Lecture 7,Slide32,1,2,0.5,0.5,1,1,0.0,1.0
Lecture 7,Slide33,1,4,0.75,0.25,3,3,0.0,1.0
Lecture 7,Slide34,8,10,0.2,0.8,1,1,0.0,1.0
Lecture 7,Slide35,7,14,0.5,0.5,1,1,0.0,1.0
Lecture 7,Slide36,1,4,0.75,0.25,2,3,0.3333333333333333,0.6666666666666666
Lecture 7,Slide37,1,3,0.6666666666666666,0.3333333333333333,1,2,0.5,0.5
Lecture 7,Slide38,7,10,0.3,0.7,1,1,0.0,1.0
Lecture 7,Slide39,8,11,0.2727272727272727,0.7272727272727273,1,1,0.0,1.0
Lecture 7,Slide4,1,3,0.6666666666666666,0.3333333333333333,1,3,0.6666666666666666,0.3333333333333333
Lecture 7,Slide40,1,4,0.75,0.25,1,1,0.0,1.0
Lecture 7,Slide41,10,14,0.2857142857142857,0.7142857142857143,1,1,0.0,1.0
Lecture 7,Slide42,6,10,0.4,0.6,1,2,0.5,0.5
Lecture 7,Slide43,9,13,0.3076923076923077,0.6923076923076923,3,3,0.0,1.0
Lecture 7,Slide44,10,13,0.23076923076923078,0.7692307692307693,1,1,0.0,1.0
Lecture 7,Slide45,1,4,0.75,0.25,3,3,0.0,1.0
Lecture 7,Slide46,1,4,0.75,0.25,1,2,0.5,0.5
Lecture 7,Slide47,1,1,0.0,1.0,1,2,0.5,0.5
Lecture 7,Slide5,9,11,0.18181818181818182,0.8181818181818182,1,1,0.0,1.0
Lecture 7,Slide6,1,9,0.8888888888888888,0.1111111111111111,0,0,0.0,1.0
Lecture 7,Slide7,10,13,0.23076923076923078,0.7692307692307693,1,1,0.0,1.0
Lecture 7,Slide8,8,10,0.2,0.8,1,1,0.0,1.0
Lecture 7,Slide9,8,13,0.38461538461538464,0.6153846153846154,1,1,0.0,1.0
Lecture 8,Slide1,9,12,0.25,0.75,1,1,0.0,1.0
Lecture 8,Slide10,1,3,0.6666666666666666,0.3333333333333333,1,2,0.5,0.5
Lecture 8,Slide11,11,14,0.21428571428571427,0.7857142857142857,1,2,0.5,0.5
Lecture 8,Slide12,7,9,0.2222222222222222,0.7777777777777778,1,3,0.6666666666666666,0.3333333333333333
Lecture 8,Slide13,9,10,0.1,0.9,1,2,0.5,0.5
Lecture 8,Slide14,1,4,0.75,0.25,1,2,0.5,0.5
Lecture 8,Slide15,9,12,0.25,0.75,1,2,0.5,0.5
Lecture 8,Slide16,1,4,0.75,0.25,1,2,0.5,0.5
Lecture 8,Slide17,1,4,0.75,0.25,2,4,0.5,0.5
Lecture 8,Slide18,1,3,0.6666666666666666,0.3333333333333333,1,1,0.0,1.0
Lecture 8,Slide19,7,10,0.3,0.7,2,3,0.3333333333333333,0.6666666666666666
Lecture 8,Slide2,3,3,0.0,1.0,0,0,0.0,1.0
Lecture 8,Slide20,10,11,0.09090909090909091,0.9090909090909091,1,1,0.0,1.0
Lecture 8,Slide21,1,3,0.6666666666666666,0.3333333333333333,1,1,0.0,1.0
Lecture 8,Slide22,8,12,0.3333333333333333,0.6666666666666666,1,2,0.5,0.5
Lecture 8,Slide23,1,4,0.75,0.25,1,2,0.5,0.5
Lecture 8,Slide24,9,12,0.25,0.75,1,3,0.6666666666666666,0.3333333333333333
Lecture 8,Slide25,1,4,0.75,0.25,1,1,0.0,1.0
Lecture 8,Slide26,1,3,0.6666666666666666,0.3333333333333333,1,1,0.0,1.0
Lecture 8,Slide27,1,2,0.5,0.5,3,3,0.0,1.0
Lecture 8,Slide28,1,4,0.75,0.25,0,0,0.0,1.0
Lecture 8,Slide29,1,3,0.6666666666666666,0.3333333333333333,1,1,0.0,1.0
Lecture 8,Slide3,1,4,0.75,0.25,1,2,0.5,0.5
Lecture 8,Slide30,1,4,0.75,0.25,1,1,0.0,1.0
Lecture 8,Slide31,9,14,0.35714285714285715,0.6428571428571429,2,2,0.0,1.0
Lecture 8,Slide32,1,9,0.8888888888888888,0.1111111111111111,1,2,0.5,0.5
Lecture 8,Slide33,7,8,0.125,0.875,1,1,0.0,1.0
Lecture 8,Slide34,5,7,0.2857142857142857,0.7142857142857143,1,3,0.6666666666666666,0.3333333333333333
Lecture 8,Slide35,7,10,0.3,0.7,0,0,0.0,1.0
Lecture 8,Slide36,1,8,0.875,0.125,1,2,0.5,0.5
Lecture 8,Slide37,10,13,0.23076923076923078,0.7692307692307693,1,2,0.5,0.5
Lecture 8,Slide38,6,9,0.3333333333333333,0.6666666666666666,2,3,0.3333333333333333,0.6666666666666666
Lecture 8,Slide39,6,9,0.3333333333333333,0.6666666666666666,1,1,0.0,1.0
Lecture 8,Slide4,1,8,0.875,0.125,1,2,0.5,0.5
Lecture 8,Slide40,1,4,0.75,0.25,1,1,0.0,1.0
Lecture 8,Slide41,5,10,0.5,0.5,1,1,0.0,1.0
Lecture 8,Slide42,1,9,0.8888888888888888,0.1111111111111111,1,1,0.0,1.0
Lecture 8,Slide43,4,6,0.3333333333333333,0.6666666666666666,2,2,0.0,1.0
Lecture 8,Slide5,8,8,0.0,1.0,1,2,0.5,0.5
Lecture 8,Slide6,9,10,0.1,0.9,1,2,0.5,0.5
Lecture 8,Slide7,7,9,0.2222222222222222,0.7777777777777778,1,2,0.5,0.5
Lecture 8,Slide8,7,10,0.3,0.7,1,2,0.5,0.5
Lecture 8,Slide9,6,8,0.25,0.75,1,2,0.5,0.5
Lecture 9,Slide1,6,6,0.0,1.0,1,2,0.5,0.5
Lecture 9,Slide10,6,7,0.14285714285714285,0.8571428571428571,1,2,0.5,0.5
Lecture 9,Slide11,1,9,0.8888888888888888,0.1111111111111111,1,2,0.5,0.5
Lecture 9,Slide12,8,13,0.38461538461538464,0.6153846153846154,2,2,0.0,1.0
Lecture 9,Slide13,1,8,0.875,0.125,2,3,0.3333333333333333,0.6666666666666666
Lecture 9,Slide14,6,11,0.45454545454545453,0.5454545454545454,2,4,0.5,0.5
Lecture 9,Slide15,9,11,0.18181818181818182,0.8181818181818182,2,2,0.0,1.0
Lecture 9,Slide16,1,9,0.8888888888888888,0.1111111111111111,1,3,0.6666666666666666,0.3333333333333333
Lecture 9,Slide17,1,4,0.75,0.25,2,2,0.0,1.0
Lecture 9,Slide18,7,10,0.3,0.7,0,2,1.0,0.0
Lecture 9,Slide19,1,8,0.875,0.125,2,4,0.5,0.5
Lecture 9,Slide2,1,4,0.75,0.25,1,1,0.0,1.0
Lecture 9,Slide20,8,11,0.2727272727272727,0.7272727272727273,2,2,0.0,1.0
Lecture 9,Slide21,4,10,0.6,0.4,1,1,0.0,1.0
Lecture 9,Slide22,7,10,0.3,0.7,1,2,0.5,0.5
Lecture 9,Slide23,10,12,0.16666666666666666,0.8333333333333334,2,3,0.3333333333333333,0.6666666666666666
Lecture 9,Slide24,1,3,0.6666666666666666,0.3333333333333333,3,3,0.0,1.0
Lecture 9,Slide25,7,10,0.3,0.7,4,5,0.2,0.8
Lecture 9,Slide26,9,11,0.18181818181818182,0.8181818181818182,1,2,0.5,0.5
Lecture 9,Slide27,1,8,0.875,0.125,1,3,0.6666666666666666,0.3333333333333333
Lecture 9,Slide28,1,4,0.75,0.25,1,2,0.5,0.5
Lecture 9,Slide29,6,8,0.25,0.75,1,2,0.5,0.5
Lecture 9,Slide3,1,1,0.0,1.0,1,4,0.75,0.25
Lecture 9,Slide4,10,13,0.23076923076923078,0.7692307692307693,1,2,0.5,0.5
Lecture 9,Slide5,6,9,0.3333333333333333,0.6666666666666666,1,2,0.5,0.5
Lecture 9,Slide6,1,4,0.75,0.25,1,2,0.5,0.5
Lecture 9,Slide7,7,12,0.4166666666666667,0.5833333333333334,1,2,0.5,0.5
Lecture 9,Slide8,7,9,0.2222222222222222,0.7777777777777778,2,5,0.6,0.4
Lecture 9,Slide9,1,11,0.9090909090909091,0.09090909090909091,2,4,0.5,0.5
