lecture_id,slide_id,block_number,timestamp,tx_hash,log_index
1,1,2,1764825564,9d4e0f621e59a58bb1e273b036299c4e836d8c40fe4643cfe64d16a1ab59497f,0
1,2,3,1764825565,04a1ac6eb8811e4bb59095d525408cd3a25f396ed477f0ec220d679382d2c4c6,0
1,3,4,1764825566,4e7d0f129febbd0666523eda137c62336a58b633ae3ac1c6f45f8dc87d7f4088,0
1,4,5,1764825567,44dd171e0f566787c826e9b884027578ee7882a15137223669cff1333f35a807,0
1,5,6,1764825568,06a277a3bba8c478c2051facd140b8fbc0016f882eeb1a8c35450ca3f47b3a51,0
1,6,7,1764825569,3ddd4a45eb937a738cec22b7afa75798ac8ca042cc9012f7f02be37a4c7dc5a2,0
1,7,8,1764825570,e16faaae91ccc3160fb0c3215dafabb9fb4567c5c6d62b2a8a6bda4d48b2549d,0
1,8,9,1764825571,cff85738b91cc39a68e14e15cfb8b4e129d36d25a01a0e16eba49c252bb78254,0
1,9,10,1764825572,d5cc180144c1c25045e5fc9822d353a4f679f00c9e322b1dde8ad7091f98ed8b,0
1,10,11,1764825573,c2e4df09ae67d37f5eb11e4eeb7464dd819a06fb084eeec45629f99fdc7648dd,0
1,11,12,1764825574,2eaf85779d1ba51e1dd9e569d9a9396b7526e5e89972e86ef22f1b47506dce6f,0
1,12,13,1764825575,2593ad62251ad2e30ecdb8c34cdf4924ebf46961160137d3b135174bcb1dde8b,0
1,13,14,1764825576,cf4f1b8fb5012c1e5c4083590a775e20aa68867fa294a70bcf6cace0d04552b6,0
1,14,15,1764825577,479b4b3853987faa1e8669bf2111e38be70ef389ffeff0da47ad4292a81907aa,0
1,15,16,1764825578,b8d7d3ea11d992f6cd52678a9d3510c2dbf4df93b6ac5ff30387897eccfa501d,0
1,16,17,1764825579,9ad673d9905028750871bb339593e89283fe671c5105d29c946c13f3e3d7ae95,0
1,17,18,1764825580,9b6ff8da999aac38edea2aa6f92576f46803e9c90f47742db4082d5f9f68c672,0
1,18,19,1764825581,2639bad260f45e3ce5b6389afe77fa63c5b2a85f8d898abb116efe0345e217dd,0
1,19,20,1764825582,dcbda952c4be2c9db97eaed04b2a74cb95eee58c819772744a979018b64f05f6,0
1,20,21,1764825583,a59530f06ebeee30775c265e15c2ee201e6bd3f0c9ec4f69fac073da21d5b78b,0
1,21,22,1764825584,c40c9f7a2c500b649268db561e1b6f213f6013f8b9f23f279d97cf6d0c1c3c6e,0
1,22,23,1764825585,4093d4adf5719bff25cb510da1fa9dacb6f9ca74db68a209710641c42682071f,0
1,23,24,1764825586,75d5749d75d5037e4d02fd72d75c27040d1cdaf4db7eb74511dccf5aebf969a8,0
1,24,25,1764825587,96f22841a6b5547a9e2867834fdbe059a7cf197dadfd5a3288af10782325fb3e,0
1,25,26,1764825588,8aa452038b374964e8a470a382676e5b0df909e6226aa56cdeaeb19ce1378766,0
1,26,27,1764825589,a139248da616db0ff3255f32f0adc059f4332ab84dd142a6d8dd248ff87094bc,0
1,27,28,1764825590,10f807ceabd1038d0a16b65ce328501a1c9945d3a1780d672be5422a82a8ec55,0
1,28,29,1764825591,6f1af32bf62604b4a34a494fb638eab6270f16e8a11b6eba3602a4e63413574c,0
1,29,30,1764825592,0b99c0b06c898fd5d1e988f955aa1a2abae6e7cfa85dd7a73f56e3c726016d83,0
1,30,31,1764825593,0b59d4a9c12bb4e5470fdc176f09f4b9eed198a432622eb5d235a1dfca25c844,0
1,31,32,1764825594,99a305e2173a56899caf9999a978ec7217beaa42a9a29652322c849e70664d44,0
1,32,33,1764825595,38c30626a4e788bb1abb2c253dce220c58a27d2ac3fbe873d67eb4bbc2c895b8,0
1,33,34,1764825596,24300a190d274d1a46c1c928deed473482c3b3e74182e57879afb84ce76b5225,0
1,34,35,1764825597,d08ea966d3d76a9cc5d9f6978e0c8f3c16ada53e248d2f4d0f54e9038ee1daea,0
1,35,36,1764825598,6159cad71c091a72ccc6349e07085252cd40e603f0ab15902276f2dcc2bb87de,0
1,36,37,1764825599,c5f2374574ee9df986d117ce182b4ce45fbee9cebfae2ee827b3bcab389827a9,0
1,37,38,1764825600,bee9893468af4a6131acc5def5fc54386afe653a293915aa404b8430fac0ba82,0
1,38,39,1764825601,59d505acc4b1cb9a27f4238a588730387101b82c7020e0c938050448e3881165,0
1,39,40,1764825602,92319df97f6286f8fd83ccc14085f1fc69671ce4c651dabac42d1719c01e058f,0
1,40,41,1764825603,2b24355280ae012c3ca16819cb0614a7284462fe1a8422516871317257ef0d51,0
1,41,42,1764825604,9cf56acd6cae1061f42aed5bdf176f4fd2f00380e21e29d8c75600d15bb8f5ce,0
1,42,43,1764825605,3e426019ad6fa72500bcd1c349404bc4b28dc6e59b0a7413a7c38fd5dbded1f7,0
1,43,44,1764825606,12a602ca79ead7f7b05bce83a63bb98a66a743de3e67f93943fb02d3f8cc94e5,0
1,44,45,1764825607,56f05577b0b296c7c0ec109d59ecc9292aebcb86f8ca17501146fc37685d817e,0
1,45,46,1764825608,f862a68a7a823021bfc8a0029d367d30b23023a61a20795f997f09a96890f1a8,0
1,46,47,1764825609,d22b7f401c446cb747cd21c9c0174d5a9d4e6ea52486351251eccafb82d84bf0,0
1,47,48,1764825610,a9267902680314d89f0caccc83f10ebb65b0be950421deb7a14bfa8e029bc521,0
1,48,49,1764825611,9dcae1282bc787bae55cddbeed947ae16e5baac495bf2ad0016fc61fad45ea75,0
1,49,50,1764825612,d5a1a134d67531cf8e83c91a0cc44f5bd8c03bad6ff632c1a2d13bea85863898,0
1,50,51,1764825613,ea60f38430b69e10c75c1a448453349ddea44d011d964f6e15af393fe424d9cc,0
2,1,52,1764825614,1e6167fee83cfe8222b19457d2b1fa319be0e30ec5f13d7b4cce18b152a58d5e,0
2,2,53,1764825615,514efe2d84704a6b246696683f700024ea6ddde9089eb7a9add9cacda9753b60,0
2,3,54,1764825616,445fc306604f728198b8a7657a0a30908a14086b845f1bc4881f27d4f310b08e,0
2,4,55,1764825617,783a88d89fd190d1d235476dc8462d23e6110a881562dcdba3df65539cad138c,0
2,5,56,1764825618,becc505e86c0019ab727e715bf10d62aa4f2c1500333c30ffb4fbbe7d393b9aa,0
2,6,57,1764825619,8166f786420c83a08abb48754b9787f91aa68363c1b0eab9eb415215b39931c3,0
2,7,58,1764825620,3799cf5c36616cb801306922cbc7fd4b732dcadfc857344b9aec3afa51c4b5d8,0
2,8,59,1764825621,d44392beeafd895ebc776e94969b0322421ba138a85a0709a80bbaa2ea786492,0
2,9,60,1764825622,e85e454b69c84527c8ff46714f2d9b6ffbbf7dcf2d47680e8e33a85edae5a191,0
2,10,61,1764825623,7b8abf32ce3445abea11de423155de1374137b777e3a4e53b2871973a2222f51,0
2,11,62,1764825624,be89e3d983902fa229b691395306e93d98c976a956dc93f481c9b4b89bdf7e3a,0
2,12,63,1764825625,db41d029f8c5a9d7cf6448a079d9bf862476648916c4d10c16ecad7c6cd97bd8,0
2,13,64,1764825626,c2780e9cc0a709da9324d2c1358a1d30be1ec7ff984468c6f1278cafd8849a34,0
2,14,65,1764825627,1a03eaf2bbb0343cc9d444f8c6bdfcd5a7aea347260a4086ee42a750c5b64fec,0
2,15,66,1764825628,f4e106195152a0bfd944fd2adad05b3d0a4aa79eea7bdc2d9deeed16008a4caf,0
2,16,67,1764825629,762fd5d308ec3a9280c257bb537c9429fed20e009f06e8997e15faf445143c32,0
2,17,68,1764825630,068e0632b0c33c2e733fd14e6ecdd191431fea8e3a5455930094342bc11cc05f,0
2,18,69,1764825631,43283b24d44785b9558e8c62e295d4083494aa68f89df41ee646531ab813e9a4,0
2,19,70,1764825632,619cd0804f964f60a6c67126b116d1d1bb91491e188f18e7206f8554edd7f810,0
2,20,71,1764825633,51231adbed881aec1f8f063f3f435bb784a0420cfb90a4447f160e8471def24e,0
2,21,72,1764825634,1e92a4390acbe5adb3a94e60011296e29f7fd3f31626aafb298303c4b3c3ec94,0
2,22,73,1764825635,28a2ed640c0681334437fda5932025dfe7200b35d7426d9e06bc7ca2b7a3135a,0
2,23,74,1764825636,2c264de1d97c5921e1616a4665e34e96a085b5f6046b688fa337e5d17c168ec5,0
2,24,75,1764825637,6b016ed40a4a12abf566e9d236273fa8f7c9ccc317d017d0f0d77ae6be03d0bb,0
2,25,76,1764825638,82e20001f1c7d4e5cac57ce38dc60872122b49ac771b4ad7b4f1bb2c9e1eab02,0
2,26,77,1764825639,78e5151b38f719f7ffa15feaaa70b4c43cb9168a4c7340bb5daf69eae1bc79b9,0
2,27,78,1764825640,ce81bdfe58ea2404e01cd268ea0c87de978b0a1cc3dd3783397561cc34919f2d,0
2,28,79,1764825641,62fb0e8239ea75204fb255b14a5a2217d8443b86f04277c2912f88f4bc17a44b,0
2,29,80,1764825642,f70a336e088e3879932bd0a45798e033157c54a9129f887f45f39597b50ff869,0
2,30,81,1764825643,54a5d7442dbd3a789336f27090709e2eb27ecaf9d89b1104bb303d2cce427b7b,0
2,31,82,1764825644,c5d08da899e7bb0ba107829580956b498a3d85ed1c57ece7de251c83b69276e8,0
2,32,83,1764825645,090d38571c46ea2f5fd39e2327f52f6ca662b34c1fd9a01b5cc15cec14421562,0
2,33,84,1764825646,7e46c8274326b285e9f26b741c401bea2178caee07da962891b61ac501454540,0
2,34,85,1764825647,9bccb01022c3848c383bd97ea44a53c91bc2af5ae4b916102be4d9c91201f9e4,0
2,35,86,1764825648,e26018055d79bbff668cad17a1ec37d83a9b593eb115472aefe11094f8b33b38,0
2,36,87,1764825649,e701591e0e85315b1d73fe3bc88671824e0d7ab105e3f5af423a81fe9d3a99ef,0
2,37,88,1764825650,09f95e837f3c50bd01eedc97447dfcf214370a25c956e638d51533968c86e484,0
2,38,89,1764825651,0022faec8170dbe7dc873af19f8c982a3e6f9852517d1f60f0cbeec0f22fe2c1,0
2,39,90,1764825652,703fedd2d9269e3d7366ac21c0135d3ea15e679e5310d7ab638fe5285e4c5e44,0
2,40,91,1764825653,5ee431cff612d7ba2d08e8a90e301cbf946bd57d6d553058fcfe9bb4e86fc04a,0
2,41,92,1764825654,097dc2450ac76fce66e95ef8b12d6368d94da0736055302070d9753cf4cc53a7,0
2,42,93,1764825655,daa9c65c255d87ef86d710a7f27119523d3fbdeaa3dfad7a965b3557cc2ddf71,0
2,43,94,1764825656,e456c9692eddee3a1488491c1c690ecefa8827d1aaa028bc8140af110d512a5b,0
2,44,95,1764825657,9101ad97e55b94afcbfc7874073114ac8e859e394a6f445393c1d00aaae8714a,0
2,45,96,1764825658,f0865e3bdc179e3de914d1749bdec2900940c3d79d492c639f9ca66c08d8cca5,0
2,46,97,1764825659,856d7fb677df3211db0237f79c64bbcc1990b515e29fc8b9515ac4ba756e2ac3,0
2,47,98,1764825660,168375d2997b8bfc173e6d2247342ab56669aea67c264f8a6a45e83c064f552b,0
2,48,99,1764825661,d7a977ccf920fd9b81bd1b96b5723cef1c286ebfa889cedf6148d32b97ad046e,0
2,49,100,1764825662,a17c0b855be7265a58ca731abfc31b00a181317d0e9c8e3f47387dfd525c3193,0
2,50,101,1764825663,1fc807beba477de92e5d2f6b5353e227890bddf963e964fc5a6d644e54147354,0
3,1,102,1764825664,5df340b0c4baca47dbda03757903d8f0e46d9aa02addb8c65f628a526b75818c,0
3,2,103,1764825665,c4e21548b312b38df55ec243388f3d1a646a06b913d5d0343c4e518b5c6e3ffa,0
3,3,104,1764825666,9755a32429c799a8c848c48df65fdf9bb96c3e5db0bad7a7943d36caa886e69c,0
3,4,105,1764825667,990affc1a6e4f5822c7ecf68f8c1e6f7c79771c391e33a928fb0a732f5604944,0
3,5,106,1764825668,90038cf4f0cd9170552535c807fcf2884b7d5b67b9620eb1b419f80e7c3356c6,0
3,6,107,1764825669,314a0874155897c6770b992f5fe564a67699dab857dcc75f623b2ae3cf5f8356,0
3,7,108,1764825670,435f17136d2d1a222c3b618ace72cc5a3095f85e6c4cec5b7abd80a6522f8c0a,0
3,8,109,1764825671,4dcd8627f8c50f9a0cf3febf5294577bc0f42175003c4be491efab6f4d5cd3e2,0
3,9,110,1764825672,e8bbd222e070077e340194959a52fd232b49030e6bdfcf2fd9407f16006e3b68,0
3,10,111,1764825673,30f4c662e1854d1d42a5cf4686b2cd081b5b977bdb23759676171425523b6698,0
3,11,112,1764825674,c854b10d36944cb4cf1461648f34f82ace1ab9e138fdf721f18ecf652953e478,0
3,12,113,1764825675,103cc3dea2baa19201a4a6f2d3eaffeee92f4a8a932ffa45f53f247b9ba94bdf,0
3,13,114,1764825676,7f71dbca2b9d439ad3c7eaa8cc99ce6e35b1d37a583d7cdb50fc6595febb7795,0
3,14,115,1764825677,1605a06bc8e3c3fb0ef6cc878671439620002eab109468d79ec4acedd6317613,0
3,15,116,1764825678,7fcc0b47ddc341c55c79db50d97c2e2d217436013f15053de4a44d763a495c85,0
3,16,117,1764825679,eed85c1ebceebdf6f9c98552a45966ea79375c45e6f53bef8ed45d3eb386b2ac,0
3,17,118,1764825680,42e05984473d738a11796dab604a3a27e7af9d237816e73757bc6906575e34ba,0
3,18,119,1764825681,c441536d6405a6741300790b167d68caf158543f1943beb12577939e082a0d9c,0
3,19,120,1764825682,d72a378e5b57b42d088f8da6b7172b9d578d7bddce899898ada131373077ae49,0
3,20,121,1764825683,7139633d24db1f8dbef630866134e1f8da3f1f8b68ecacb69dfe55ea4c5128ba,0
3,21,122,1764825684,8bcb2b0a452e76e3e3920d4da9bd18ae17d41042b675b91a1a105390305de846,0
3,22,123,1764825685,c3238313e063c5ff8927edb826523d72db9b71406951e23c1a7a2b2c0213d3ab,0
3,23,124,1764825686,3a93ac4ecefd446b81447c8a95f7dd452399d2e35762fadfd39fe90140191ccb,0
3,24,125,1764825687,9757a03ece62f6c71c1e039b06d88540877be38423a8f94a8360e42112754266,0
3,25,126,1764825688,24eb6de30804166b539c2a26f7cd74fd1c640565848039e86de856f5349891e8,0
3,26,127,1764825689,ddada8eb0510f2cc6c181414511b38a9eaca074ad51eda9bda1b7fd51cfc1dba,0
3,27,128,1764825690,74b8ed29c96d7d7c209143d32b1b4f6ac2f69d4461897108094428177307fe6e,0
3,28,129,1764825691,3bf3f2f1ac0ca59bc4cdd20f6e1ad8419e32895caae02fc8d8362ab0802a1700,0
3,29,130,1764825692,79da54914dd5483c02aa1f4342d6fc762862cc7372f75418725a04168d8713c7,0
3,30,131,1764825693,81a77c6b1bfd43256a477876da3681c81b7ea6043c1df59e5e1877187db4375c,0
3,31,132,1764825694,335d5b0520e359a1d3f418ef7c5b1d7a4b11d5fde1ad1efaf9f5d728cce9c2a0,0
3,32,133,1764825695,08cd18a64ac03cc4a6dd787e6d3a364eb98e47e1fc460be48a28861b8d6f58c7,0
3,33,134,1764825696,56291c6965398b9f5019825fbdcc19244d34bf6818d4fca6b15306e0d2c61a2a,0
3,34,135,1764825697,b2001e64d510f6455bb97d3a1fb0348e22ac08eaa08aeba9f28dc6576f67e5aa,0
3,35,136,1764825698,610779106b9ab7bea4802d331a8a2bcdc939d7c38cb03eea9281e6626073cd2f,0
3,36,137,1764825699,513ba2794482bf4ee07898193ea8ebf029c01c41986de1973ba44c8a09a5d4c6,0
3,37,138,1764825700,f54c0daf0eaf473496b5288ca5a710f81f986e70fa931f1e291dcb09aeb7e281,0
3,38,139,1764825701,93ea023b703dc2b43ce5497d28f0279fcf27d707cfbadcd8e80959cefdab312a,0
3,39,140,1764825702,6e5703a26dcb6dc1483429b8c9a86433144cc2cd5226ac7766eafe278ba68a81,0
3,40,141,1764825703,81dfa3fe38faccee9106a2315c3c392598e8989b0efb7fa627155ca3485e8bde,0
4,1,142,1764825704,aebb36eed0ac32606743b73f4e4db7dedecee4aa936b3444ccad6d2a68b4d466,0
4,2,143,1764825705,3c71a9845951d4c0e80ad2558f1f9d4379e25539cd3a11aa7988770acb762ad0,0
4,3,144,1764825706,4bcba79c09ced98795396f4a86411f0ea7f4173149f5c410583cf9549aee8dec,0
4,4,145,1764825707,ae3ee5ac2687a1f3868cc8c6479dcd6682b40955cef41c4644398a82f2379616,0
4,5,146,1764825708,35f16c1dc8f9966bf3ab371fac95f0b8014c815c2046d1914ac42a570bfe13da,0
4,6,147,1764825709,af30f30a79ab7a4e6be009f5df0737768cc40c928b371bb1b85138104a1007d2,0
4,7,148,1764825710,36b3b00839fa8901c35fd3750cf83818ce6bf0baa562a55ead6a71136ef509af,0
4,8,149,1764825711,55cab5d6f2f3f9257e5c18f5d9b21800f18b06a18449efdb92c3584b9f9ba6bf,0
4,9,150,1764825712,f209d26879b50f9aaf9c0ba664f81eca8d08f015150607b57d77348e109c8bdd,0
4,10,151,1764825713,0e0469df924952a3527b2b5408693b8c839e375c095ca3cd9f2ee8e0b8b556be,0
4,11,152,1764825714,2c399d51e4fc9f78a38af98c96f53594812af7c5c9da80c3093de49d47c45a28,0
4,12,153,1764825715,f74fa66ebe78cc36e233eaf12d181104dbf17617103faac05b89415bd2a0e244,0
4,13,154,1764825716,c3104a683dde2774b7a007f7c63849101777ea4e034bfdcd352237155a67a56f,0
4,14,155,1764825717,a8bc613bfeaf063b735588db3855d70dc27a37d44f882996182bc0434fb3412c,0
4,15,156,1764825718,4b4c2c8b59148fd0754e439b2ff0766d6c40db63bf532be0c573c0cf52fca515,0
4,16,157,1764825719,0ffb5ed369c1b087995021408ae2c9ffd8ddea9e4d64d0b48e36813e9d6d0c93,0
4,17,158,1764825720,e8f88868bd59e90efc951f4abd3ebbb63b6bbd83ee42b92282c968f09c38e3b6,0
4,18,159,1764825721,f33c994bc378c556a0ee94fa7eb155f60b1ab41124de4e0d62cfa4437d655fab,0
4,19,160,1764825722,12a9f31d81b5d8d9d4300d3f281fd1b14cb0f8f04a8a407d0b11882e5e21cab6,0
4,20,161,1764825723,779d6c3c823148c4c14293a486624077dc4561fc496d1adea63b2ac3ce23c598,0
4,21,162,1764825724,30ed813cd118c4685ad72768030fe8724d57fe62ddc5edd43c4eed2aee560b5a,0
4,22,163,1764825725,92fc9e0f1166e17eaafbf655e8d51f1ff55d03b85ed0daf3f827a2514811659b,0
4,23,164,1764825726,20c419138a4603417b04a5e90f9b081f24a6d9065008fb05a989639ac0126073,0
4,24,165,1764825727,7a15bc86f673582fb972c9f1088c0d3bbacd6fd78fe07e05507ead89a13a8d08,0
4,25,166,1764825728,ccaf1296b38ce4aa5ec8c9abfcf73f9a7f40fc941418e1b22717527da9bcdea0,0
4,26,167,1764825729,e5c9ef27abd976e4bfc40e3610f1fcbc0a394715390429d5f5946406e12a21f0,0
4,27,168,1764825730,f8a832d91c41ccfa88758693a1c866be5b832c5b375f2ace9ea30a72497e1f7f,0
4,28,169,1764825731,c79510916b1c694aa53e8f9434244eed0d01eb28e81845e9c6bd6bf292382993,0
4,29,170,1764825732,446e005f71dd52099622b38606374d78b1923c69f121ea5ee12c68a635cd979c,0
4,30,171,1764825733,2cba959eb3915a3881e2d26ca39cfbd6d8dbd2b66de3b47a8a4f6533430cb000,0
4,31,172,1764825734,898fb3be9b58c91c0a2a81976078e313037fa0edb59b5ff546e51c8dd0f2f97e,0
4,32,173,1764825735,0f5a3886a6c24efcc6af7603ecfadd0f607d540d22e2098928cf6af412b53503,0
4,33,174,1764825736,2f667fd0506b5711bc433dcb39d2de80f4caddd0ca1554d907c9631072b51bcd,0
4,34,175,1764825737,99f567d9fdff4d295682f6026943b64e05f16734dd6388a7b4d34f346b4e4907,0
4,35,176,1764825738,aa53399f7961eca4ee30d50d48e389d336068d6617a3fee9865a525b96c4e590,0
4,36,177,1764825739,ce75b15597cb24cb4ca8fb9fca1649540fb78d70146d90ed26083c27bdbd5b65,0
4,37,178,1764825740,7f2813f8d34173466385d8b2f14ce028b2378edf2f3630021d452fb53fba6ce3,0
4,38,179,1764825741,bedbfc19a486031bc93b8d1be62f1502f6ad82216504409eeaf7a4be11475c72,0
4,39,180,1764825742,62032c289f1c8c3496b005e0149764f67458610f534eb1e0af45cea4883c2e37,0
4,40,181,1764825743,b7703f0e1a49c237d8dcee13ebe35cdf66ef0518d939422575c9fd662c690ff8,0
4,41,182,1764825744,cb5e3a49e31cb648d66e79dc22561af4957160a13d8b2703d65123553c3da5e5,0
4,42,183,1764825745,cd7b94be95b22e2fa36aed42d52c906c1fa6bd8061873915829c5b2fc495eb99,0
4,43,184,1764825746,3b21fe291b87523e277bd865e67856f4263bf23ee754d848f2ee48a58ee80ea4,0
4,44,185,1764825747,6ddb8c9be90f807a50b6f2069453407640731dafe6fcc933338ae33ced0d2ec7,0
4,45,186,1764825748,60f8ebded59a69aa5532c17459257e199f3051a5d4654d835534a873c1183910,0
4,46,187,1764825749,2bfd68dca4fbd292fd5b5ddbd644da9faf6584ed8e11ac36d861eaa58f2444bb,0
4,47,188,1764825750,5c943febf985961d43d0d415f63bab5754eb48f6dd4fce38b082b4fbb380bb59,0
4,48,189,1764825751,293e5a25ae12108206378881eaa896404300939a36e6be86b3f43ad980d77264,0
4,49,190,1764825752,61328d02b7520b0e4ca27b21dab85683da64e4c924e85de1d2ebb3f193d32bd7,0
5,1,191,1764825753,1eebf46240dc3bdaae283a3d65283c165cf4aad1cfebb3f60a8643b31508c78b,0
5,2,192,1764825754,86d7b38d5a3e019c9cd3a5d02328d427248ff8c83a8e0a0d914e80b88d745103,0
5,3,193,1764825755,e033a30b00818e5b40a6c4774c6d8ea1ca02a897a7c41bece432fc650cc90b03,0
5,4,194,1764825756,aa8acdb7cd2ff8a32151a2d064fff20fef1aab80dd8e734cca939506b1c14bb9,0
5,5,195,1764825757,b07e2d69acfe4fe2ce57bb999a26141255e6337f6d18159a9c8a62aae50db806,0
5,6,196,1764825758,2dc775eda032afa4f2df34b9fe5c99b196cd6a372f91b9588cc911cf7e9b8e88,0
5,7,197,1764825759,8343a92b9d31cc5aeca09c49b0b4423f0b92cde2de2e0b34b9607007acb81fc3,0
5,8,198,1764825760,13927f045721a5bbd68e3e6e5259ae8336b0833e9777b4a1cae0395f255e3d78,0
5,9,199,1764825761,8b511da165ba1c9351e19adb52dd612642bf5064ea7d22b6aacc8328f9408d1f,0
5,10,200,1764825762,4e42a55258e851401d97d2016093e83a4ceba792cd2ccb4beb8175fa93a013d1,0
5,11,201,1764825763,e3a534e72b2b46eae647a6b3c827258825e82488bc41adaa32207d4902e65570,0
5,12,202,1764825764,2e003a3f08f7977e9408bbeee7eaa3bde9ae54a636d163513781e6bbcb28a5e4,0
5,13,203,1764825765,6d4a3e0279172899d07747cd98437b2eb61624647cd1d23108e85bc9b117a28d,0
5,14,204,1764825766,16bef85092064a7d1e302cb8b62b439f1144c590bf554accd48372a65c08b5e0,0
5,15,205,1764825767,34dcec75440dd53c8f4242c512f5ae7237ebe7d22946b5dcb1997e2cafa3bcdb,0
5,16,206,1764825768,c2b3642f0f56136ab6bd66f43259c4ee5d1f99f96317d82412a9210c361d016a,0
5,17,207,1764825769,ce558af74ab9a70f09c679d1541db48c85993f88b4e7d1e429f04b43edb277ca,0
5,18,208,1764825770,2e7b231483603ce457e103de783d9ad28f49cb15542d7559e601bbf161cb3d74,0
5,19,209,1764825771,8edd79743a3a7b4931bee288c643fb436cdb33bca2b966256ace634374bc1150,0
5,20,210,1764825772,d644592084a647a786b37c414d0f6262d91f8185a0a32592c307266d7afbb065,0
5,21,211,1764825773,71aa97be53461606d71f058658ccb8851b739ec867f65dc23bdac9d8d04ac757,0
5,22,212,1764825774,188e60b25105839042688d6dd27e7858d32a711051f911158abf8963df826094,0
5,23,213,1764825775,091f4e7b8367377e8dafb9d7a96c6c1b39e0a2c30345036cd314c31f0e641a4c,0
5,24,214,1764825776,916b5fb77b58348351e29f14d317eb8de0d4effc9466167b1deca8c897a54b04,0
5,25,215,1764825777,0138621a038fa3be86036bebe6f088b3ad2102614762cb290480f4e040c6bc8a,0
5,26,216,1764825778,748df02b6ccf6dd8efdd1f8265fd49f27729ee245f6fd83621e38b8c255c2416,0
5,27,217,1764825779,6fa0aea77516ead93982169aa14321c301f251bbb2acc4d11c35ae1008bab1e1,0
5,28,218,1764825780,1f52e5afcf179baa1d05212f50a692a633029e43895c2e45dc712fa8f85f2b17,0
5,29,219,1764825781,70538c96325b9b39bbf13e163ded4cfa0ee9b98080d6dad52023f8fedb252692,0
5,30,220,1764825782,4afe69659dbb5c21ac40fdcd6162613e9df0a156d5553d2875440715b96b5e0e,0
5,31,221,1764825783,10ea66aae3ae1d1e3c4bd5fc789b9d8f08c92b41473558439b422720472b55f6,0
5,32,222,1764825784,89304777b9364d8341f607a6974b313d728ec1fd4ffe7bdc6f55bc9dbb33a890,0
5,33,223,1764825785,3a96b8fa39d40d817ac5aaa08e61cc718d1ee196dce35a55328d9ce6a71153cc,0
5,34,224,1764825786,04dbdb92ceb328f73380e7703f166c4f51b5f68455ce6b7b94e581d53f05d55f,0
5,35,225,1764825787,e67c7e0937662d9d7184e606d9a410c7e191e751392d034fdd272e8d6f8b8653,0
5,36,226,1764825788,b465c37b18721e191682bc2b5a4050f21c9f64e1a6c29c011e179f9aac0bc30f,0
5,37,227,1764825789,8c3f651fb78b778ac715779e14b9e2cf050471f079a1c719f287fcd8dacff7db,0
5,38,228,1764825790,a5c31e1bab5b433ce40004abf8d1740f9553e16bebe789e43ccd5aeaf6b02788,0
5,39,229,1764825791,57cb1d87effd612fdc0b3f06424c5bff56b95a05582fb9a70c264500673ab7e3,0
5,40,230,1764825792,b81266f6fa75531d9c404d7e42d88bc6a83e1a6d7ef64eb98fa9f319caf78508,0
5,41,231,1764825793,04deb27258981c80316a723e5d751a0e905636d782d9fc1d9808328ac25f6c3c,0
5,42,232,1764825794,5adbf90471a405400f34324b669a99522d5471edfec13c2698af968c2c1a5824,0
5,43,233,1764825795,14875c87895106ea10b636c11578de17a1ab91c824df084deaca0a693810115f,0
5,44,234,1764825796,a599e2e0ce1e54be063912fa291560fdbc6a6cd15ccfb349cc2c0638e6dbed89,0
5,45,235,1764825797,7f3845398fad35bbe87ad4edb27ed09e4f4d19828549245bb61c8ebeb8be8599,0
5,46,236,1764825798,d9c2e12912b14882c3218a0991f4a16909ce18c07b52f317fde5a524e0ed1d31,0
5,47,237,1764825799,c4e4092f63d8ec4b01b9fc1573718bb73a1c9ca38a263e6a49101f2c71e3584f,0
5,48,238,1764825800,4d47106d729daee73b767efefd311807ffd315bbb26555c1220c4f950825d15b,0
5,49,239,1764825801,2612082baac314485c14130f6801bb9cb75d4aba1325d3f8b9b7c76acd38f0bc,0
5,50,240,1764825802,767c7545ce7d56542af2d8acd91e4bcde51f569295738327d66c993165c4295d,0
6,1,241,1764825803,9dca21a53b71bc3395274702f3cd9b3669a3955363fe3f71a02073fa8fe1329c,0
6,2,242,1764825804,8edf9ca167a83daf0e1e0357f15813b211594113a6d6ddc9425583c81dddefb9,0
6,3,243,1764825805,8dae09329ed695cb27740cfa1de2760013653e56a2a09d5087ace53855314c08,0
6,4,244,1764825806,537f5a1f5de31dfcfe070858295a62c4dc90745a7973a25a3ad0f9ef461c1e38,0
6,5,245,1764825807,57602760aa47cb44b66fa67b67ba699df8ca9db2554d6cdca665b2d6d96c8eb7,0
6,6,246,1764825808,979a3316d9c56532f14a64020fbcccc53cff851ac3c01086009b7bdacf218529,0
6,7,247,1764825809,e45265fc42ed54c20c47cc05c41e494e146fc7633b6468d8b535f741efc57647,0
6,8,248,1764825810,e988f86cf8cda9585f3652d54829bbc31a8b49ea62456d14d1e12716d9c0111e,0
6,9,249,1764825811,dda26ec19e05f3af622d1ccaa6f75372c34136c88b77fdb6c29e822e54682a57,0
6,10,250,1764825812,0e4410e5934161870d4d4abe23e60bba825d42a0f025453c0efcab279d96de60,0
6,11,251,1764825813,c72130adf9c2d544c2d8246bba75f8f3014eff0c1434cfff456b2018daddde30,0
6,12,252,1764825814,f5dce5289ab6d99f1cecf865094002f1e0c8be7dd20c1fbacd02f4da5be90793,0
6,13,253,1764825815,144dd5d80aba0b93f247bb373d6cca0ff35a4feced2a2df4483112aae306b271,0
6,14,254,1764825816,848f7d6983bc551b3802958e710c809a7eb70ab104276c31c5debc95290ee8a9,0
6,15,255,1764825817,f322499329f816bacfbfa695b3c872efca17ef2106c58516ebbbf7a4dd1bfab6,0
6,16,256,1764825818,8867697ae7ddfa40ab3245cd417cde68d959cad2d4f1f9686be421970cf92c7c,0
6,17,257,1764825819,b2f4f3445860da7600375a750db5e0750879b6cd482142b2d603820f004a9296,0
6,18,258,1764825820,637eac9e53cda7efe70b9b1a1bec288e1e9cfe4180ad76d3f45c80be55e1ddd3,0
6,19,259,1764825821,a1e26b21291573aa706fe93345bf373952c95f16c893cd3516cad1180920e549,0
6,20,260,1764825822,cdda8494ffd0de797b102623df3f8864597cc0207eea4aba4f143f61e0faa06e,0
6,21,261,1764825823,661e158065dff99fb72a608a7fc8b951dc8c3badcd2f33222047779fc3248110,0
6,22,262,1764825824,a6c2f18766eb0970c4f659c4954fd48989d78f7f45f8e1cbec763f7c286efc0b,0
6,23,263,1764825825,1edd3dad6e37ad515e48d94e40d1ed38d2ca300fa7065d5295bffb5231949f61,0
6,24,264,1764825826,e0e7c61f43a9d3f5fb3d75040003d43abd3b188f3a16e14796d567e7a40d1276,0
6,25,265,1764825827,51484c5f4d7fb245e7b9a6d174283a806c7182680a767ab34dd6a68372f6e114,0
6,26,266,1764825828,fce6b52e309cc5429dc684a05d1998d09eef536289a2fd393df770751b1ffcec,0
6,27,267,1764825829,1424dd5e52f1eef78c6b05398893f18b0d3e16226a1e8611fdaf77016a1c08e0,0
6,28,268,1764825830,734f30ab343eaae7a9035c1e095297be664c31d0351d9fcb7d8c6344c850bc66,0
6,29,269,1764825831,be67a36e3272c0ee09281641aa430c5c35173529c7cf260ddd4fff14b3670296,0
6,30,270,1764825832,fccb7743c85814b9de49aa412381cfcca65b48f8a9a79a3639f165a46fe4f6dd,0
6,31,271,1764825833,b0e7c9cda7459663b2cfe0a47710c30251485dcac61c5e4147baac88373285c0,0
6,32,272,1764825834,df965d017a366db13bfa48b92605514ffcb7b410eb6c9f9fc6fb6010578836d1,0
6,33,273,1764825835,b9d369f63272e18205dce2e123c508072a0eb85e9f7ace0268b0d47bd1fa82ea,0
6,34,274,1764825836,e0f6577a87657aff5cbd6ed6bce4ac19f070a3a65a38740f3f245641ef45d62e,0
6,35,275,1764825837,64c5b9911f549bb39359920a3dfb710b470a3b8dd7bc9415bd235dd2497dc6e3,0
6,36,276,1764825838,d014193b23f9efbe5ecce64a6ceb6fdd0d8c9ebacc1c783866ca10e2d0c43135,0
6,37,277,1764825839,11bc0c0ded5dc51eacc168b4ad73147f726cf52965f3b4e4c05a2325ad3d0cf4,0
6,38,278,1764825840,33a1b19f51e9212a5dbacddad1009e026719970a61704bf9ea1c8aba26e6ad40,0
6,39,279,1764825841,781b5b3b129f0521bb71f8148ccb8edfc9a0acbb27bab755059109b5d5541eef,0
6,40,280,1764825842,abb4c342cdcae01ab6da86cbc3903e1c579df31a76d7eb319ed78f14c39fb38b,0
6,41,281,1764825843,9f10a93e07b6cb70771047c2152e4f1fa0a7ffe30e91b6f6a8d0d960fd9a7b05,0
6,42,282,1764825844,747b36603b6de019fd512ac1dcfec34db841936d54466f87c5122667e6013eb8,0
7,1,283,1764825845,45ed82a924581dd1148dc0b3a002815bd5d7155cb885dd565c740f4a34b0df24,0
7,2,284,1764825846,7e75984f65110df3b64f3b47b3e223f122aa977d6b343f6a71a92e92b2190230,0
7,3,285,1764825847,029b21439345ada4f88553ec8f5eb65e323161d670c631bf00c5940e66a9f2eb,0
7,4,286,1764825848,6fe5544c3a9c58af99f0cb47a366a8e4f9853e6b7d12b345715f48717766fce2,0
7,5,287,1764825849,86b0a6c6597b893f988cc9e5c1b595001fab00e8e76abb19e3d675a6c2eb036f,0
7,6,288,1764825850,5231a57b30d9d53b1d6f810cf5cab185fa1cc79e863b93dfb28c75c88071372b,0
7,7,289,1764825851,467dff3562d5aeb6bc98837bb969e7dc22af5736f86e17ba0a6c8f9a6226001a,0
7,8,290,1764825852,09167658cf542fe459cb0e75f849b955e40648707a569a49dc0df0951d7a9b08,0
7,9,291,1764825853,c5c078d87b62d9bc39600d02ffcad1608c9dc371c821c77f757d02548adcdd65,0
7,10,292,1764825854,2710b1c57ec2900a05e066276278c8ce6575d0252afea2bafd2cdf773f582b3c,0
7,11,293,1764825855,8cbd40c4e308cb310f39ea0d996ea4788e519b3840fb6415312034d2bc8c704e,0
7,12,294,1764825856,d586a9f8e66aac05aeb4aeb2c0d5132d508b56835b32af01f9b91f43fa083c1f,0
7,13,295,1764825857,eb56d2cccc8783eebe016677d8b0a5448b9838174a54ba53bb1fd3a772e91619,0
7,14,296,1764825858,8fcc4d5a81debcb371992e3508e0c7a27d6a30b79a45d6b008498718946c9cdd,0
7,15,297,1764825859,dc7bc7d8ee349d0b491a824fa90733e37aa29e1f84ee7875ed40b1bf4cf06f07,0
7,16,298,1764825860,487a5dc5de196b65ed514569aecd3f4bad0a9c0f537cf1c05744a26deaadc886,0
7,17,299,1764825861,f457a48862814940aaed592da332189b1f417edeeeb616b916535481e91da803,0
7,18,300,1764825862,bd5d2e3ccc9bdfe25657a0cf7f0221a083ad361e7fca3619e7cb5aae6282ae06,0
7,19,301,1764825863,5893e62ff5008795c7a76e23e8cfd6bdd8034802878a251a52d9e184b02e76f5,0
7,20,302,1764825864,ebc739e1f44e9556b6bdde8cf679e170e8746a9afabde5473c203d1f450aa433,0
7,21,303,1764825865,5ffad5b6600c252fa817878a65f5c9dea0ce7070ad69ada899066774f41a43ba,0
7,22,304,1764825866,73bbe01d21f67d556880a5aa8c977a4d3470f6e116e26ff0b7f216e47a21085b,0
7,23,305,1764825867,a465067b227931d98abd4937fa3b590c4651d9f27ba651b3622601c854c45612,0
7,24,306,1764825868,6be1bf540a9fa92eb20dcf46e62b43534b43895b4a88f05e723f3fca8781f545,0
7,25,307,1764825869,e8d4a2f6b7a5e8397310e1889056c2858f862d1dcc64b2765a9eb2f26755479d,0
7,26,308,1764825870,81d59a1dd327dab1f9545ffca402c524d2110dfad9b926f745ea1106f6026874,0
7,27,309,1764825871,e1e424f66967169916139fe7943e3bd6752d6251336bcc964ef2ca37309cd470,0
7,28,310,1764825872,8bc30c6b096da414f75bfb61a795bcd355c4b02aeaa4e17f93d3c802f6a29968,0
7,29,311,1764825873,502f0a6b55f2d2f4becf7fc6cbbc8e90ef12b0a2470621e5c9eb22ce197dab43,0
7,30,312,1764825874,b44fc05e718d309f71f21ddc434676c8653a79049de6f55d105b0c84f6a8234c,0
7,31,313,1764825875,3931f161278bd39eb651e5dc95c20325e71753801b97e77c8a7ef132a2b10b40,0
7,32,314,1764825876,6ba49e37939480ac4edfcbf0d8b5fe236b94e1937e66dcef1ed91df2cfc7c472,0
7,33,315,1764825877,705df4d5e5f5b3c057833c5ac82ee8e2c150ff30cb863efc7796ca5c037bde04,0
7,34,316,1764825878,d34a2321f2a1f5ae6230d9ccc394ee86fbe8e8ceeda8cca32529f7be6fa60ff7,0
7,35,317,1764825879,bea9071061e95c6499b9f3088af8013e078ae5590c02a4e0261db6d56d860583,0
7,36,318,1764825880,1281b301f0e4c10a6ba16b5e507d49ec13f6d9841295d7d00f92c946199395d4,0
7,37,319,1764825881,ae0e2980f599b46dda1269a1f750007241cfcce0ed3c941e4b6d526dcd6b9f55,0
7,38,320,1764825882,a26ed1ab32cc8e48f2a3702d90c1a41cccf19f9ca8a409356c4c3827d9bc6ff7,0
7,39,321,1764825883,03b3252982a6851ef9e0e601816780ab7b3eccfcf9683d07180240e29bbbf76c,0
7,40,322,1764825884,ea80f84309a0ff38cea9c252dd0bfbab4210713865e175711ba158764ac9e75c,0
7,41,323,1764825885,8fdf4526983fa59c1596138258d3fcf7d65b29c00cc75b2bc9601a26b4bbb01c,0
7,42,324,1764825886,4ecd65180f4ce1a55004995bfaaea34d16f9beb3a938bf3df9d19af6475f2298,0
7,43,325,1764825887,c86a126dea5631b1fa8cd93ea9abaea18f374275bddcb28e6de6ee7c91e865c9,0
7,44,326,1764825888,8a7e14fd5e8fb58cab637d421bb0e86dcc9c8b02abc724976024d5a65e115848,0
7,45,327,1764825889,9b58b393b54d37547557f3745958272a826b3398eb5c9b9837b87a0e3bba809d,0
7,46,328,1764825890,35040dbc9a313c9778b9366a813a62e9bdf5fc09972c3c8ca1155dc157dfcdec,0
7,47,329,1764825891,241f2e973bb4aa3df1cb06eb57e654edf00bd2528b7bc12f88caafc2a28ee84d,0
8,1,330,1764825892,82050c405cb5af27807ccf0f528271a62755c2510c57c8630c704efe22f2489a,0
8,2,331,1764825893,7b66879c52502861a1c91db7847ced195efe245f5cf1f9ed890af5a3569bcda1,0
8,3,332,1764825894,f273dd64e91cef3fd08a5e907649874713656603e3a7f6f0b6d5d8f94a70abd2,0
8,4,333,1764825895,614339bdb766ca5f55311f8a5cacf1eb1277474a862a22a465a6270b876a9c8d,0
8,5,334,1764825896,0f983cfa2c6e9ed27f5a3df4cdf193aee6abe3acdcfb5b48d75267c6f0fe21be,0
8,6,335,1764825897,3d6f608bc487ca675c5032b36982a10db4d1ccb3684350e5e8b6b91176a98f87,0
8,7,336,1764825898,023243fe1e60a5478491dfdc1252071ba6ad1028a0e776c1db1409e22087765d,0
8,8,337,1764825899,dc208a4b203c379c7b9dc965ddc1169d1c8d8b473793d62c72c2d86ce61d996a,0
8,9,338,1764825900,4eb45a469a4c817f69092bf8356094decbf494061b488f10b9540a6ce6364242,0
8,10,339,1764825901,c364c6c0538e4e8b4b3d822c12bc1a678bbbd3df5373d37d6b181591341ac1ea,0
8,11,340,1764825902,a9a60e5ac6a6e73d47fccce4e782de0e64de859510e5f6be8808c0360c8cbf13,0
8,12,341,1764825903,e9caafac66560c5c47099ae92b7096ffa60add148674e040950c69790cf3610f,0
8,13,342,1764825904,427be29b25575721dc55aa6e1df9215e76ccff12dbafeff7152e4a9a1a19a540,0
8,14,343,1764825905,a069a58bb4b2ee70ebe2121371d00e7fd65dcf81b922298a95f85a8d8dd2c40d,0
8,15,344,1764825906,63672dd17d2faf73b057ba8ce58abe5a09687b941418106522312621d5d8527f,0
8,16,345,1764825907,66cb9b59e049d6377e2dfb6982c3e4acc96ae00fe7eba5eccca305a9641f8a6a,0
8,17,346,1764825908,45ac8b7b54e6f5a4570f7195e69f5438b9bc76ae8f5c185086e165c69b0b9ffe,0
8,18,347,1764825909,e35dccfd60d5ca50271ca800174fb26e399087cb506c3ad222fb6a06c8dfb3d9,0
8,19,348,1764825910,003d2b140cba84a1f9a8b876794bae5000cfc7da3800f8ef9afba37a1501281f,0
8,20,349,1764825911,61d70c5b1fcc7c52522d447e6bd2a418420fb234ab261d43fa657525975f2eab,0
8,21,350,1764825912,1280d2a86c76edd419478a4a4802b19dcd02af1c6cbbe1bbad4a0b9c9518e578,0
8,22,351,1764825913,e838128a64552365980ee41d75f0cea7e1dc3c36b154ee362d2e27fccfb57621,0
8,23,352,1764825914,b5c0e5a9dd85ce56ea63c1c23a990030aa89de8f8b154005b6f2cead13e3c15a,0
8,24,353,1764825915,85d0dee6f4cab2287b1eb978f3d522caa304759dd265c2dcd1b21f9f7fa89fe4,0
8,25,354,1764825916,dc11bf6f11368be848aee8d0273dc16d726d32769b9fa39e7a71bf61716b851e,0
8,26,355,1764825917,08e4e1025d586bbe38ddac28c7bde56671c4d27d4e0fedaee4fec80f42a02380,0
8,27,356,1764825918,5749f7e12f2ace844153efcd0714a0adddf43b5919aab23128a1d7a8ef3c293b,0
8,28,357,1764825919,0b10a2d64c454c672c47fdf0ddda56e84600b9e8675a855adccff0d76efad8e0,0
8,29,358,1764825920,5161962f5f6fe7255b09d0addbb61f1485b5162270ba14ed224e1809ac48c52d,0
8,30,359,1764825921,977bf92871d73e173f5a52a6477f6fa7045ad7a14f4dd0eb44bfeb1270a08c50,0
8,31,360,1764825922,462ac446401108b4f66d15ff7ac227ac79f6f2a35b5efac1b8a89f982cc9e83b,0
8,32,361,1764825923,27fe499962551b54108d2c97e6748c4e9d6287f4f55bc056bc0924321f7770ad,0
8,33,362,1764825924,f35da1d19efc56dc6c87be3259ca7a0d35d9e9f34df646401a840e756e68c00d,0
8,34,363,1764825925,84aeef15b2a23aa8b38ce31675aa5f55e1377db308d20a5b515408b7ed6a9ac4,0
8,35,364,1764825926,063f96dea8a7c588f9d21c7cd43c236013df164ce6d8a101de6be90467857ae6,0
8,36,365,1764825927,fe99337b5544b394f80e7f442e690cf18344098c9251d8fba2fc669fcf11bde5,0
8,37,366,1764825928,b7bbbb25c837c78137ef932998d7c0a1b2f660c155d3a2b62b4d6190f538498e,0
8,38,367,1764825929,cdad3e65267b3c6fa82e0435e3ee9409c4b7bb4abe8cd28a5162a897664ed37e,0
8,39,368,1764825930,0282980131e76cd7d461d04c8429abc5e4f1faaf8da78282932d65b9aa148173,0
8,40,369,1764825931,f502641ca5dba9787e2870b9cde67beb0dadfc2b489dbe1e4c5537dff4743f51,0
8,41,370,1764825932,bd910829a32182ccc1001eff278179e099fd55e18a43320b902a95a8736bfb0f,0
8,42,371,1764825933,4ea94affcf6d8f5c3562fde4d721570d430932961875dc530ab485c67e501be3,0
8,43,372,1764825934,5f9f0b8345fc4dc4f7462ca4c9382e6031c77b40a37ebdf663a4ddf8c06d7406,0
9,1,373,1764825935,69ae87cad208545ae08c6e60b63c5376d7553a77ab652d8f5432c554c7027f65,0
9,2,374,1764825936,03344d6835ccafb7121c6031284a80cd59e88c5f315910d87ff33f0d3254816f,0
9,3,375,1764825937,340a68557451283fb0d2c8b952be89109e871e215daafd05f65f8bbfa078d408,0
9,4,376,1764825938,7cd3b025d45dae463796febcaec93748d1949a75b47ed530086942e451b8d61d,0
9,5,377,1764825939,0c62abd9dea68789dd4aeef5cd131b07746ae7cf9af0a9c1aef9e22ac4a0af14,0
9,6,378,1764825940,3c06a10f44b7307ef197a7f74b76c6dcc63597741dc0d7719d85aaf610ffe1b4,0
9,7,379,1764825941,cbda9eb9a402d1ccd89bb705ebc1c1f51e4be2fd87267659851445e06b1b433d,0
9,8,380,1764825942,ba138500a091fcadf8b1e8552301ac6efaccb2539a19b405c71dd708d65cc7b8,0
9,9,381,1764825943,4db514b74d534a53539030883c2580a3b2eff28e423addb8698bd50282ef3733,0
9,10,382,1764825944,94f6c82de737ac7f3c0da69ae03ae9b80dafb5c232ef5d46cf01c74204f12fae,0
9,11,383,1764825945,e780f71f169ce648893ba4a193296fb060a48c597095f45dbaaa1b4609d1a43e,0
9,12,384,1764825946,78ef69d02df6015a409833758c467e1bc406eda956a1c9f8210a4d507a627c29,0
9,13,385,1764825947,6c0b7c7f19d8401a8bdd3fc26ce571e35147c8cc1b4419c3e29cdd9c02b771b1,0
9,14,386,1764825948,c35cbad255c69d38f8b4e762ae6b5e8275ee5327b10664b796ef42688f2b919a,0
9,15,387,1764825949,0ca8d1cf13a8442a63e457c80fd7bc8e67f4c0b058183e4296d52cc47af87586,0
9,16,388,1764825950,5e3dfc0d212309754ba5b47750353daae05d1951d1e22266ca00f2c9242128d0,0
9,17,389,1764825951,425a91694d6c48b345fb993b552362008ca08082c1743d888de1f07705e98e46,0
9,18,390,1764825952,2d15debf88b25bd834bbe56eb5b5c054d05a0413bd749757f09d3df3504c6a09,0
9,19,391,1764825953,88d6faaae596b5217aa93e769822ba1260e1e7c4e1fb73a40628706b5f02ec97,0
9,20,392,1764825954,02ae6f82353f6757161cbd08970944dba798c8661010137cf8f0e5c91b2425a1,0
9,21,393,1764825955,29dcddf22df712b8c7da23645f041d5d07adadb2e926c4cb617edfa6fd9b8069,0
9,22,394,1764825956,5c4e05051c81ef2c7cee825af609313109b6892cd17a2bb32a05dc060af65976,0
9,23,395,1764825957,986c0667dd2c50e051d7eaafc7ce091a16510128baf7a2958d0bfd805e56ee5c,0
9,24,396,1764825958,d16f0f01ce73b1ce77fd36f2d565e9d1348b747fcf66562395d1dde60ade786a,0
9,25,397,1764825959,c2a2d3cea109fd9ecf13afbae13019923bb3171dcb6d6f27732c307fadde4737,0
9,26,398,1764825960,1f41ea5229201e5a1f9144822d3323e346142f69475c6654b05d2ab2a165e12c,0
9,27,399,1764825961,674e43ab38a4f1b151962e869a26046689704c9f6185fe75d7c78acae3635afe,0
9,28,400,1764825962,0742f43da729601b96a8c474a9f6d79228b78d32d33fce6aaf498ee8c9daaa03,0
9,29,401,1764825963,17cc2854659e7072a5cebfc43304a8138781957f5d2402e3217752d42ce2d11f,0
10,1,402,1764825964,0dc2012d1d123a493cc1ffedf15aa770fa04883951cbd349afbd15dafef6ac57,0
10,2,403,1764825965,b7c88b1a6467be74bfa24d0128444a9f683cc11fa024eaae48fa7aedd0861dad,0
10,3,404,1764825966,f43311c5ea18c5dd90bd2a387080e05f99cbe28bd729d0c19cb01635f226f677,0
10,4,405,1764825967,7b1b0add2dcf648c94bd1b7115ed4834c245dcda4b23084ddd358ecf25031f06,0
10,5,406,1764825968,371d363d03485d2726da0804ad0199d4284a7a4b34814def238842d3aa56df07,0
10,6,407,1764825969,9f2f14493a561f2b33aac2ccf1d8611c26db99d157b1a06ed24c6efc2ef67365,0
10,7,408,1764825970,577f024982cb349faefa141d361146d9936133d87a4e0dbaeaf5034f84c9104a,0
10,8,409,1764825971,52be24807170e4d067557f16beacd0c67beab2e332946951b04c668c70aca223,0
10,9,410,1764825972,c6e0cb7b00e36154ba58979e5d9250976d896578f743fce37d60ad5676e34998,0
10,10,411,1764825973,cc20b72e79a42ca2b54a8f70660c7939def81c0f203c7f6a08c71b6d530c7927,0
10,11,412,1764825974,f98c10c8ce7e1038a0edacebc2932b88871bce3547e4b50a5db2b04bc12e8c81,0
10,12,413,1764825975,24d24458f8fadbb75e2eef4d8bfb5c5520257edefb374c2a1718d581f287aa34,0
10,13,414,1764825976,4b6f19cdbbff6ea53025f3ae49f3c9b04b595868b20fdd10e5939e380f198781,0
10,14,415,1764825977,5caad59a1ba7da01f02ef69d3832dd6c6ee7baa49f900cd3ef2ecf2d8c26213f,0
10,15,416,1764825978,c93a48c8325e79e8a46004ff0e7d14711e04c5b01637e08edf642a0b95de8d14,0
10,16,417,1764825979,793e9e2f73a8727577e0daddea8deefdc159e38641ec8525e0a88b697dc2840f,0
10,17,418,1764825980,1a09225c3357e2c33195e9fdb886489636b2d4667024a6c5ab2dc484ca62fedc,0
10,18,419,1764825981,6d315b0d30c4a79a47f550d30892dfb1af713d8cd7f7c705eb1573f3b3ed4146,0
10,19,420,1764825982,8c5c02a76972ed9f153d0edd1f8ceb680f6fe53fd3a775dc427354b37d231386,0
10,20,421,1764825983,9c2df8ba0549f13e586ebc93321ae5ea197629da3364e30399171140f14be7f9,0
10,21,422,1764825984,b2e7b7cac24702ef64ad71891b56fa6f413d64857ed3290aac5d371e14b7fe03,0
10,22,423,1764825985,a77b5ff9999b068c67a98911baceecac955487cdb9f7fe03c8be0abf3aaf4e42,0
10,23,424,1764825986,ce299e27daf891ebfb325b5a46fc71b225a2340a89b6b7a52a0fe32a1a912186,0
10,24,425,1764825987,8e7245467699e11c06e571b7ba594c89549ee97d7a5a9410ed0d2e3f4569b454,0
10,25,426,1764825988,5d64ae29c0faf532421d8ccebb573b1e6fbd3699c9f8ee1875367bde43ebb16e,0
10,26,427,1764825989,54eeb715e5ecc91da74fb2212fd077e90341a1baa61367f1ce167bed7019e554,0
10,27,428,1764825990,abfdef86ca78daa818081304735a92f4896c42b171bc42b1eb4d691a86106b4f,0
10,28,429,1764825991,4958c4d3a0a684959d254de57b80617990e715a816f46e74d02bfe16219d1f77,0
10,29,430,1764825992,c3d35cd683232b3c4ce3b951b94a83383d72de497372cb1e30851abfa6110a8d,0
10,30,431,1764825993,6cafe9a607bf161dd7752261e86dd5ef84864651a4dde71c1f3b6391f028f209,0
10,31,432,1764825994,e920849171174a65c437136d7fd7d8a960169a02ad4a62cf6e0a7acbbea198e6,0
10,32,433,1764825995,ec4cfb50947c92a9058e2a8414c38637937ecfd3ebecc902c85d68a42cc45b58,0
10,33,434,1764825996,7ebd02d9a46c41aeeb167368a58016b9c3a0a9cf2220eb59d338140f0a6404dc,0
10,34,435,1764825997,ff8a57dbf10755060fa2a04b132dff613ba162d3a778f3b27f8df0934b2281dc,0
10,35,436,1764825998,22b7a3680b0d691f92363c435917bb32bbd3de8363d26d4cd467f5ddc14dfbbb,0
10,36,437,1764825999,91c6843f357141354d81c7f15d0e303452133f8fdf0e7bc2fe4f98d20aca0c15,0
10,37,438,1764826000,a245af7f62c0a6b03d62ff6c42a7d69884728518de7f1b17a1a070cc92f723c1,0
10,38,439,1764826001,4efb1aa084bf1620997e6b88786f437b4b108adcf568c3d735a37376a9cb6641,0
10,39,440,1764826002,14168da06593dfe9e79b2b22c771f9c721e5f6cb93fb5560bf43c96d8337c54d,0
10,40,441,1764826003,8af95764c37b9c57f55a1e254ba19dd0cdf18ca083b1423aed47f10ff9d88785,0
10,41,442,1764826004,9539c8bc708632bc6a919c4bf59a061bafab52724ae916f5ae2ad509c854213e,0
10,42,443,1764826005,18eb59cd348eadd97682ca3aedc6664076a5a62f75e3b2191dfb8b1d92520df1,0
10,43,444,1764826006,6de31c06bf0b055fb305f1426fd4572ea3a1258ceb1d0aaa92766b8966f01d35,0
10,44,445,1764826007,92c45c05b161228d1c889484e51ec8f2a4c036eb71f233edbbc6cbcbc004bbba,0
10,45,446,1764826008,32409f08763c7c99691e1944a90c2a6c381d531c56522cee3a1d487d0ba5ba6c,0
10,46,447,1764826009,92cee2ac49c7b449d0f6c03a7426964afd8b1ca400deff2ec64f64e1d3201c50,0
10,47,448,1764826010,981e328defd28b832d8287a938e9b81bb90edffd00de8ed6355f600e8ef9669e,0
10,48,449,1764826011,e957f8db0c863323f286703cf38da33d0a66276247a6ffed82d08d1b1749c0d9,0
10,49,450,1764826012,28e5d40974637d243b2038f94d6849e26b0d974a584ab777a819b7f74318f748,0
10,50,451,1764826013,e96afc9d513db4341c95ae69bafbda2d052e73627ae9df1927595c8301f211d0,0
11,1,452,1764826014,3fdcfc7648545757a1fa7b7571593ae51c2bbc105304ce3570a8732845421d4b,0
11,2,453,1764826015,73794130ac0fa7d9350367b9174f94ea9e4185ceeef9620666f91934b81cfba8,0
11,3,454,1764826016,63be43c346527df5846cb68f5366f24ce69ffe040cc7260671c74eff22a19f32,0
11,4,455,1764826017,7cdfb277f1105d1808d0424ff3b3f1714246bda3a0050014a7d77064f5656e47,0
11,5,456,1764826018,5db08897e489fdeeb3bb7d2bf4f810e2ac860211e1ad1f21307d73c451b354be,0
11,6,457,1764826019,6748aa2753f6c5aac57da5707ae64cd8cd77b18e47032581bc3c32cdd415882a,0
11,7,458,1764826020,49875f03d97857586b5a40702487e255edb4a2118e18ea8ed315669314925bd3,0
11,8,459,1764826021,d1814984cb241116546d16f42058d099a761e102504737484a2e93af54d7ada2,0
11,9,460,1764826022,4cdd64487c64d8900f55a47867d00264ad11b1a4054e26f6f43e3dccdd0495df,0
11,10,461,1764826023,e1491bf1bd5d941b4b0ed75feb65ac05996bbc9d849ddb18cb8d2c6ded120ccd,0
11,11,462,1764826024,ced4c477c82defd0b1027a162de658ae3fe698d04cc49a01632e04d3df178174,0
11,12,463,1764826025,339ff81b90df98415b3bdab9ba6fb8bef905bc11d503b8762eb267f97a88b4e5,0
11,13,464,1764826026,095c98f453e140be8fa6c80580a104f9873f2a61fe46f1f83a6d1bd7015457d8,0
11,14,465,1764826027,4ccc10605cc5b10918bd70d5dfe68f6162fdbc7fdb75d093531219d1203d74a8,0
11,15,466,1764826028,fe86efb5ac4035e231812e458262db7b4613d3c199e207eeade364092e3253bf,0
11,16,467,1764826029,8be03ef883b58ef2965a1c59887db24945df00412cd02d9476a7e5f44bd9a9ba,0
11,17,468,1764826030,510d81387c27f6917256ee87ee46a3af8624d0ef6611ad125aaa0427819e728e,0
11,18,469,1764826031,fea45bafb28b8b3d9ac23ba036c9d365f7416bb256c6e99623b1216aa367b6af,0
11,19,470,1764826032,81f1308cf1d9a214d627703332d7592e40f34b70b57e440963fbcae9b7dd2156,0
11,20,471,1764826033,a35139fbc75dc4158bdbe4904827d71a937dc5fd11709760c1ac9b58aeb82240,0
11,21,472,1764826034,de6b19b4e99b95daa5ffc886ac89103e980287f30ec0c17c9c41337d6fdffb02,0
11,22,473,1764826035,a1aa06f96d1a9de0ef1395e59986cd072f4ccbdb12287fbc40160202b12e04b5,0
11,23,474,1764826036,79c678d4d5ca7c39600ad77375abe7a3db8ccc1b883ae67244344a29c8f69537,0
11,24,475,1764826037,e50ae61e3bb20f3ddb0102e5b481d1dc27159eb41f6d7bd1dad158568b780352,0
11,25,476,1764826038,ac1ca2a4e93daa4fa20f8d5d4e5d342413c4f142fe06074524b27757108f9e1f,0
11,26,477,1764826039,78ed8307a2438b745ad79684ef64139ae5ad78d6edc56d84ddf7bb478b1f5f8f,0
11,27,478,1764826040,d9e231721d96859962e7ab3da201bc765b8aeda58b172fce055ed661a9065cfb,0
11,28,479,1764826041,db822dc016fcd7e8233a07450609f05f9ccb7a0f8048958eeb746e2da28c627a,0
11,29,480,1764826042,c949cf80bb25a5872edd75ca23a22a4f219b8847e7e62e1e9d75dcf8ecbefc8d,0
11,30,481,1764826043,c4013a9a938a21d1d3d239c37c49930d61165946043639d7af9fc62561078086,0
11,31,482,1764826044,9625491c7720ce7cd605537cc300fc37a3b52b278cd480a7054ff9020151ebdf,0
11,32,483,1764826045,03525c60add996423253b5543d634d64bc0d209e2c89dce0da9b7780b71330fc,0
11,33,484,1764826046,e81289f4ced2862e1243b7a4a55e9823cb02f0b459ffa91e25ec8f2f75967792,0
11,34,485,1764826047,cb8c34435cf52d1be192445c9ccd35ab3977f2149e289e1899c1194c24cb8cb9,0
11,35,486,1764826048,048d1dab08c2de97ef157134a3a2cc3de05cc099c9145ce66f971c7bdb7837c6,0
11,36,487,1764826049,59c91270def19e0a44fcf452b3a719ca1894b0e980f12d02327c9256e21ee37b,0
11,37,488,1764826050,268ac1ea76d5af19656b165b4892546429b4b0a173cdf68634e3279457e55ed8,0
11,38,489,1764826051,f1dff4a6ab539158e63449b02a78cdd55706de237a0ee1b2b91de6bb328bcd37,0
11,39,490,1764826052,3f7f51e2e92d75d5f9f96924a665c4ba09e4f94415fad7e117c27e8dd2c27797,0
11,40,491,1764826053,afbd5a3e19390f7bbbb1116398cc89d18211b70b4b0b814a534f326b1de0c00b,0
11,41,492,1764826054,aacdc7aed8149b9e39bbf2ce9b043ff448ff03b69ba748cddd949aa74304275b,0
11,42,493,1764826055,7527e5d8b41267e42a66d7dfceaae08f0e87cbf2c1ec46c98e0e076cf70793d0,0
11,43,494,1764826056,2761029ab0f794c77c91237038b4395607cca40a75eebed932feaadc35b2d9ac,0
11,44,495,1764826057,5824cdcda71a95ae8e7d4d98fbfef395e9bff090075807dbde99ec13f4ceb918,0
11,45,496,1764826058,4b94173f2ac55f98fd55cceac3540dae34a2c836e747a791bcef5c453b52e24f,0
11,46,497,1764826059,3c2efe5e153d0be05792e521a275cab793afd6b2cebd5a19c17413a4e993362c,0
11,47,498,1764826060,e561b2e6805933c4b234c74ad361b7fc11da6a571aa1ae812a789fe3ca6c6363,0
11,48,499,1764826061,fdb1ed730f996d52109e82b0d9830e9d8d4b74795e4edb84dc586371e0f96156,0
11,49,500,1764826062,7b5ea068626ec419cbfeacacacbf830e3a32173f611028cee58c55021c7b6d46,0
11,50,501,1764826063,16f73fcfbcd2896092835a0c32209e208b51a0c3c1d7706755d1f12f2ca0fdc0,0
11,51,502,1764826064,5400154c3b2ae0d3cd9e3c74d002b828f815cc24105196595279396474c89dfc,0
11,52,503,1764826065,31a93b15012c0e866249ff50e0b563ef07ae9e0badc03cdc7edb98d51502ab57,0
11,53,504,1764826066,88db5fe4ff685c8ff57311562893ac20eb5922a6faf330b1c1c4d4d53222c613,0
11,54,505,1764826067,a763f9a39655f94864b30c0bc66846247ff296a26afd3ca24aa9a6ca56ddbbb1,0
11,55,506,1764826068,3a95dd855d804fcc96d709e3fef7ed18e954ad1204dfe540a2bfa84a3ee4d5c1,0
11,56,507,1764826069,4b9af8db2a24889fd4315064e6c4f4bec3b23c98baaea15abe9dcc09ee2f3d17,0
11,57,508,1764826070,8aac402ac859bd0330201e70fdfde96e099b95f48f1804364395745f430eba18,0
11,58,509,1764826071,d4119cafac4e014c3becdc10d143e85f0549aaab3ea8066473d457839599d034,0
11,59,510,1764826072,64898041a8d2b869744b51769f5c284615226873cbf897da63ec2ddeecea0131,0
11,60,511,1764826073,0c22e22d9ef1fa033d83e166f9feeeca705d94aea70bd1fe61809b2f72c09fcc,0
11,61,512,1764826074,17825375e6fe088615073b8b4e6f9f784ec4f1abfedb52e52133dc74a9f04791,0
11,62,513,1764826075,c43c01b21159b11bda62a3511a76451d33a08402edd9e5af97c1ab446db84ff1,0
11,63,514,1764826076,d854891f536cad35a39e79a1604624f4b5a9209f7c3c67a303cebd3d076446e5,0
11,64,515,1764826077,7d9a8d4cf9169013e29537bd7dd23a5d93f424f144754fa0be89ef8b38d90ba0,0
12,1,516,1764826078,8c36adaac1009b1fbe5478abcf446f035b289c3bdbb5d811c6ef4f148661fda4,0
12,2,517,1764826079,5c10c39d9477080d941181614777007503df021ebd5ca8e935dd438e5e51ce33,0
12,3,518,1764826080,2b241a79a0f526c8caf8e5a075ff1294dcccfc903cb7003eea48974834b1150a,0
12,4,519,1764826081,0db1ad6098e45bde5322a7199210d37f42419065f29196df8d6ad8d29a79ccb3,0
12,5,520,1764826082,0a165df318eb2c4cca47d95317e9fedc20fdfdc45b18246368c9d30efa810892,0
12,6,521,1764826083,6ff4dd690539d0f20542a91d8aa1cf6116623e21e832df6a2189451523b4c87c,0
12,7,522,1764826084,169184fb9665e0896341f73612091d68d362fbcebee03fec0372779a73518edc,0
12,8,523,1764826085,a7b35dfc3a517c698af0ed955c28cc39fa459939eb2f99544f19f1a52f383e80,0
12,9,524,1764826086,23d61aca341e702db3da14cb1df6b7415b35ef4456a921889cf3f23bf0c4f6f0,0
12,10,525,1764826087,0874cda9871621b6102ed1224b1ae8313a7b0597a3acb8f5fc3fa3467905b046,0
12,11,526,1764826088,d837097ab520f972f58cc9d325651160d64ceaec68819e51525cec2d2256c6a8,0
12,12,527,1764826089,9aaf49e4d8fa99ec1e2b7398377597c174d46ad0d11adaca5c24c52a076c8e54,0
12,13,528,1764826090,c4d696faf309e35f98c570ee437e49f536962b7ec1171a50c365e9351b646aed,0
12,14,529,1764826091,cee9b605b439236e4e901d644fece03b22e70ec641d46774e1213d114d62c7f5,0
12,15,530,1764826092,341f32c42e05196d8f0292cbe0d5587e37968a4d0f793cff61159d21f9f83dff,0
12,16,531,1764826093,241c86979131157b4c76cea1e2116ecc01a21c6dbe6674379b0b221df5385a5b,0
12,17,532,1764826094,79d392a3663251f7a8f599f4448d3b1e6702b8df4f5e285179f73e957976aee6,0
12,18,533,1764826095,92787a0cac746b2952128e902aeab5924ff6d693f427611ba05d9a7baed5c53f,0
12,19,534,1764826096,2b8fbd5dcae3b1b5893865245037f4b337c755059b286d5e1b1bdbaa57f09484,0
12,20,535,1764826097,60b146aeda8d4419bdbc487995cd0fffc8a5d116dc5fa89eb1418ca1fc90fbc2,0
12,21,536,1764826098,d34b7dd428e4ae24a42882bc5353f98d4a3ec28862a9b4991fc40efbedaf7e49,0
12,22,537,1764826099,7bff9f9c05b43cd8140de804e11463ef751563abd67edd27608b62d5b1407926,0
12,23,538,1764826100,e11895bea7850feada8b75e49c95a9ae2219fc557372df7553d1e81cd0e557db,0
12,24,539,1764826101,67b5714fb6fe5fb80e50bcb4a750aa9cddea241c11bace56b15bcb652be60795,0
12,25,540,1764826102,bd021395e1f5d365cb58b55355e6f1b5b7418d4b3906c4e19d118dde2878439e,0
12,26,541,1764826103,874b7448985e1e5f53cf072e17b1b8d86a87f6b7ee22c770be988b441a86fc04,0
12,27,542,1764826104,da7470e04b58f4cb7ab05f241296df27d7968891ae88cfad2972898d3fbbc571,0
12,28,543,1764826105,4517312e5db99269a2b80783187975b8686bc39b3ce225e209ddc7b88ce6e7d5,0
12,29,544,1764826106,d8d499a74b78f584df28c5b5f13a66ee387fc8c07c1bea623f44d8503496c386,0
12,30,545,1764826107,6bffdcdfae439b6bebc8c1736a774d11b56c3791adcbbd51557d5b7dd42f6a2c,0
12,31,546,1764826108,7b581b1d98f0c8b6d2e2a1edeaea01a4c3843a56759265670b835309d3ea6747,0
12,32,547,1764826109,a2382cc63cd1cee070080f1f0069aa5dd7a881dfdd3ce1d0ed67a8b1c3f83a0d,0
12,33,548,1764826110,4627f8c194f8e0206f45b41531f6dc37f8db06e9768781ea80d111baa872f353,0
12,34,549,1764826111,19a5fa54178feff3e4d40fba39bf166063f43337618fa1670be8e22149e53eb3,0
12,35,550,1764826112,3325e02fbc602bbd31c8866c962ba88b6246d1bff511198444fde0e137d7a780,0
12,36,551,1764826113,c1b443453020cc11e9dca085f342198e4bc2e8b2ceb38d95f1523e7ae02c982b,0
12,37,552,1764826114,fe1ce12a2d5de40b79a3d2c56e0e6d295964e631317b8802a7f00ea18939bf7d,0
12,38,553,1764826115,f9703418ef4881756afd9ef1852b2b4a9de7328b1cc3822fd317881fc428d70a,0
12,39,554,1764826116,edc7eb056107c3c8d5a1dc356778a5e032b505db01ec27f50452ded6816e6fd3,0
12,40,555,1764826117,8bb87123b2bc23f2c203f81ff78253473973233a72606ac8b3a480367b2ac919,0
12,41,556,1764826118,55c4192f6253cbb30371a75177efdf23b91009e69f462ef3c510fb3561905130,0
12,42,557,1764826119,64d1b76f0f764b32e4f0a967e7ffbafe195212b8b864b8a02f3f6d99f07e1e74,0
12,43,558,1764826120,7dd18078dfceda0ba624850838093b55fade012b82deff59da17854ab41a1edc,0
12,44,559,1764826121,30b1d99fc220515fba31a80b27903d9f344ba679044769f799cadd8b9526703e,0
12,45,560,1764826122,4f713a9cc49ae7d6d8507bcfe4e3fe84f09388f7622a425828bce79abd81593e,0
12,46,561,1764826123,3bca47f953ad6b421f766f77db77fd5c16982e749745364e24caf755d95537d9,0
12,47,562,1764826124,6dccbaec1298c8f62dfb3f9282ce8992f54960d4f1f05bf9610c324576833df6,0
12,48,563,1764826125,d91a0b75d3accef5b09445e1542ba91252b35e3b08364766e25c99998cb7e013,0
12,49,564,1764826126,db0854d6f4ddbe0f614fa714fc1040141c4493d6b2484fd47924e7c1358afaa3,0
12,50,565,1764826127,0c58236e70a534a4cffcbf19f91c63c63bfd852a3a130e1bdf777104be7d4641,0
13,1,566,1764826128,0408c883fa04c7ae854823af53c386a1ca383453fd9fd8334444ca74cbf222a6,0
13,2,567,1764826129,c2c66d43e13b5068bfe9ff7935ce3301f7bbf9692b702fecc7af5346f31b84a1,0
13,3,568,1764826130,e4f4d26fa3d56ba1ddaa861f0c8575c3d875a2da1edb9a0a3e34285774a97175,0
13,4,569,1764826131,5c5d946e3498c1dd80a4b7f964bd66d7fcb237fb9103424d8dc798e89c850a89,0
13,5,570,1764826132,80aca173a55d212c3e448190aae9d07f281506ad423590088d5483e7250074eb,0
13,6,571,1764826133,934737aa685517dda185588317f1a87c607da10e5e8fa5dfa91c5f54965be54c,0
13,7,572,1764826134,c2217a37779853b67f6122341914330150087e813f4fcc58558a2db1fd1f386e,0
13,8,573,1764826135,925b56ddf8551bc1da49ee5d6a12446a63e8766b7905c1af98d951c05c6520a4,0
13,9,574,1764826136,700b4429b980d92d2b962d5944a509552ab45901614095ab834b4c49fdd1e6fb,0
13,10,575,1764826137,c90ee349febd5a4ba518a909d4d847300fb6c620d89f0afbcdd0e25cea0f05a6,0
13,11,576,1764826138,0f6d365d8d6315aebb1bf9a30695a94f951c3d7e394238caf2ac06fd42deef48,0
13,12,577,1764826139,7b3ee3aef53d82d60ac320c04a7308202571cdca6d60cf04b5bb8a5913a6ab37,0
13,13,578,1764826140,b737af669ec14a2ffa12bf55bfa0f0a892503bd5dfccc6bd8e5906df6aba91c9,0
13,14,579,1764826141,8a707cad83feaecd3477bb7d0b21e1a4bc853632186bf4e0828cf3a0efbfb4c2,0
13,15,580,1764826142,0df425774d0d8a31369a1b2d20750e8aafd50eef0f24cdacc1e6d1f9afb092d0,0
13,16,581,1764826143,4fe1d31f6c2d2e2022135cf855687375f7ad7fae4f7ee7be9cee24d2362e01a4,0
13,17,582,1764826144,2a6b22a0848a0538f39958602c3b0565d427685c01ff8d6f8b4bab4acadc1fec,0
13,18,583,1764826145,ae33ca8fa36ba6bf7e07ba834ce774ad8161e7b42e3317b7098e057bb2f4a7be,0
13,19,584,1764826146,8f4fa29273860586a8ccad84ff70f8d382552cbce81899053563225bc106e75a,0
13,20,585,1764826147,18fe467539ebc5b753a960d8042f1f5345a87dd14e9a054eb0bc38501f8f48d7,0
13,21,586,1764826148,2d8387044a85552acfbd802ad5731fcc5230fbda4875da62fdf6b908e55415ac,0
13,22,587,1764826149,b21de83c686244161f022fb61b4ebea97a751d373a9265c914e0ef717c15309d,0
13,23,588,1764826150,11c53ac3aa5c7f7be07f93416021ee63ffe8abb77ce3bdc043624b9a3d71e841,0
13,24,589,1764826151,f9d439de065a6c2ce1ef6d9f4720131aa21f58637afb8f00a421fb7e55f6c137,0
13,25,590,1764826152,7cc33f9daa28e28ff00653b97fa7ea3ea8028b8d17cfe5b803dcb17c61dc6940,0
13,26,591,1764826153,f2b5080337909332214579fce3d72b953c03367252fb6c0c737b9105efa7ba01,0
13,27,592,1764826154,653b64cdf7fe2bfaca061eb32d2cb0e7785abec169c70a2e770d1ccf2291ac5c,0
13,28,593,1764826155,5b45031fecde676c0d82d07f75c370ad367977e1900bb650f1a7a3d38995b6d2,0
13,29,594,1764826156,bf951aab9d4febc42afb8059d1312cbbbb2b9e02ed539e9a81573220e7ff3746,0
13,30,595,1764826157,35f64a48a1f17e1391da1a32738932a616a4632fea902809b0bfd5e91d79b78a,0
13,31,596,1764826158,555a44c71a5a71e1517a447ffe03f7be821acd61b56769a2bcf8d50d4b7c98bc,0
13,32,597,1764826159,09868dff41307da9e82eac70da8e962a9ade0adf6d0327ec77900ccd2f1f3d46,0
13,33,598,1764826160,b534797bb79efb35ac50d81640fe458503d1802d3e6c4ea65fa732c05e8f4a0c,0
13,34,599,1764826161,9fa9a61feaaa3bb320fedb1e658fa3916f1a07800b1f4ce4368aeb93a32ccb8d,0
13,35,600,1764826162,88b15086fa9c173af2fbe8678dc58e73215fc9e9482a5fcccba7a5b4ca399e56,0
13,36,601,1764826163,bbcd6070f6b93d9a3e80cdc5a9fff623d4c037f63152163edf55e5d52e0cbedc,0
13,37,602,1764826164,86d00a5d98b9df6b74bc4c29ecce64ed560807dfad913b40486d35eb91cf7e5a,0
13,38,603,1764826165,1eaf357a1b4cd1cc498890f8f7fc6d3bfbff1ddffe5087a90285b51343c8cb32,0
13,39,604,1764826166,e4ba48430083e70ab6c525d8f184f0e7ddc1a5702999ae1279a4ffb83f2fe386,0
13,40,605,1764826167,7b6aec338734c88675f925fefdd3bafd1494fc3ee0b19dcfe4f242b93103a057,0
13,41,606,1764826168,23b715f4e9aa8483a7c3d5da23b6b4ed05539dc3f8ba47453a5975d35b221d7e,0
13,42,607,1764826169,ceed1cc6be5b689e89e58c411203015507a223c7a8419ffb749d23bf2246128a,0
13,43,608,1764826170,f10f54f6288e59a9d89100e9013b7356cc469fcb384061024d6f216611d8657f,0
13,44,609,1764826171,7e7fe2599af0127381de7dd05bb53b71b260fd0f2fe165350f037a4965377e0c,0
13,45,610,1764826172,59271095329c813c957bbd2f44e8c51cd328cf3dede21840c2723d02e9b26f97,0
13,46,611,1764826173,a4c3436017af3505f54397dee649c706d94cd2376403998b1ba9e877516bb134,0
13,47,612,1764826174,9d3b28d527f4f4ff85ff6d6108c7f4eee1e28844f6df2b0d9f3cfa9c33906622,0
13,48,613,1764826175,935823d2d6a220c97ee227958d5175884cc863cc04dab1eef5f677d727dbc8aa,0
13,49,614,1764826176,c5e71e28c4f8fb7f1952bea0b33eeefbae5aee1b081313965a36bec1637983be,0
13,50,615,1764826177,1b30736c4ffbecc38e155c0790241eed3324e5987c863be14d0f1b8995ac517e,0
14,1,616,1764826178,c9fb7d78035e4b2b2a442666add9fbc1d6b1994b68c1476caacf538164353d02,0
14,2,617,1764826179,e42a1a83cbf5c013f26cc754b39843d8177c8678346376ab03cb9f2775218da7,0
14,3,618,1764826180,cb997ff2a2d16be5a7cffe1b91e9c199c7f7f2c79f8e930462ee073f6bf79e86,0
14,4,619,1764826181,857d562085238e40cdf5fad1953d1313118ebf6ebc7c366c228cfc423904957f,0
14,5,620,1764826182,6e233d7ac9eb47b5136183704fb637b164aeaa25c7b565c1416e7d21453a2419,0
14,6,621,1764826183,96dca35a9a3f6de2e9cca5be878288384ff025c3df7829efdbcbff147b12834d,0
14,7,622,1764826184,94bb497616a01439fcaf1db883c26973de3aff5d9ac222bd9fbbf1b2a088adbc,0
14,8,623,1764826185,b808ef6e69155cdccf056012ef4448eb8111e0dedbd2160285e4a52aea95cb13,0
14,9,624,1764826186,141d5a166c41af6e6404a0b6e3de3eabd29326470c5c592420fc40069e3c653c,0
14,10,625,1764826187,bd86fb208db3c8b58555d7da5418969f046eecabeb5c4b75f97739b552c2051d,0
14,11,626,1764826188,559171ba445fb5e0ad57779b6dee78d2d215aa2c9f0da6addaa17bb81680ca49,0
14,12,627,1764826189,8402e6eff4bbf8622dd6a424a3f26f12938b8152658fd0ba91e6caf42d8e67eb,0
14,13,628,1764826190,620b08b8dc1e2aea3bde066058a432d9e6e3c6d234e5a03bd1b2cbf6301177ed,0
14,14,629,1764826191,398084493b0f99f4b5e6230bac5cd64f7ad5c115137bbb7e75198009069c19a5,0
14,15,630,1764826192,ab6b11f91ff2ae0900e1833a21f6bb0659b64718788d93ef37d2bb036091702b,0
14,16,631,1764826193,8e9d9fa4d9d6327d8d4af62626a183e13199a8e76f94f5e52da2376c4cf17294,0
14,17,632,1764826194,7fc10e6bb3fea8a49b293f762b786ef3d42052ad1fca05034b1f134df7a1ef7c,0
14,18,633,1764826195,578c845144d02096adef6002bf17a6e521a118bdd347d967041b94d55a35eb25,0
14,19,634,1764826196,500fd1bb248b0b44710ec6a9152c4a558cfc36e1d4c4efb4ef398f0c3cef7e8c,0
14,20,635,1764826197,edc35de14e37f20970180a04d8235abbfe6d521362b32dc6843f9ed97c590365,0
14,21,636,1764826198,b77aa9fced1f2427b86a0f9f1e03372c1260a2038f57db693098dd1eafcd325d,0
14,22,637,1764826199,4c5399ae92a9606dd010ef9e96c46ca95b20ec3f46f8ec9ac3a385481466778a,0
14,23,638,1764826200,b67cf973ba77e2feede59a2f0f64abd1ecd6fcff8ac79cbb3728d061785a1a86,0
14,24,639,1764826201,0d32794247832b469e2f15a0ed206b0d4d0cbf5b8c6ef81e2d29bff4322c8a3a,0
14,25,640,1764826202,660b470cae8ff263990da552b78278d350cec71182e925a650164822500092f4,0
14,26,641,1764826203,da6c97f383a021e1b27c0f0025c78f11afd7dac8faafcc45cbd5554090c463b6,0
14,27,642,1764826204,0a023d656fc8481ae38b6959f1abe90dcec4d282c79a0d3e6791bf2c81cf35fb,0
14,28,643,1764826205,5f11a30b43b963f6db2b7ccdca2a3826b8faac6aeb854a2b0cdd8984378d57b3,0
14,29,644,1764826206,e947ccbb8d63b52d426afce175d6b5dbc5a6d602fe21f08e981e121b2ad8b1aa,0
14,30,645,1764826207,bc16535a7562be50d4935f429e30b30d2b5b0b697638cd68c045b673dac0e652,0
14,31,646,1764826208,a0fa666feec9b7ca5a623147aa809b6a8898815fe8ef26fa003b4ee5e7269f01,0
14,32,647,1764826209,ec780a3004375fbdd5dbb02f8793ec117275a7662e738b20e2b377c9f07f679c,0
14,33,648,1764826210,a0628bd05131f0cebc5163ae0f6c3f3769d5c3aa7642f23e9008d8432192ca4c,0
14,34,649,1764826211,1054877a386e932fb4244f33b18640e437fa0d7703704bdac908917117e3a6f1,0
14,35,650,1764826212,1853e02123a944eed42a98545a9ff14a79a698b41a9dd7f6f275bfb7add4a2dc,0
14,36,651,1764826213,2292bdfec436cdc951e1bc5b04b305a68d67bfefc4057fa2288d7f9ef6e1bc0d,0
14,37,652,1764826214,c02ac7d031df562bc4cf8da5a00933704acf1f432a53bc0fd4a2930cfcce21b7,0
14,38,653,1764826215,c160d57154c3dc4ddf4b4b883fb4aa3738fff70b5ff33f69a17a652769c239c2,0
14,39,654,1764826216,e18e2994060cc441eec86024b198b775d286fcca3cdfa7447fd64bbe2fb98b6b,0
14,40,655,1764826217,267756258c490865610b3bdeecc357650ec69d97259fd60302cab0c6642c6239,0
14,41,656,1764826218,ceddd13c42507ac601ab16f76ebca3d4d6913b4349cc0ff4d6d0e58ea0fc6a1a,0
14,42,657,1764826219,ff060e00bcb96e794ddd155fe5741d2ff84036437ebc871184d04fdcfdc688c1,0
14,43,658,1764826220,09d77cc52f1406294813ee38d8cc52cd52273964fdc3f8b884f2326b0591e931,0
14,44,659,1764826221,10c8bac766995410293d2b931575494d78a1ccd77c893b8aa50b5e0682d854b8,0
14,45,660,1764826222,958c8c8d09b05bdb3dc0f6fbcb5f192125573d4a83e9a194f9a0fb6e3e6fd615,0
14,46,661,1764826223,8548dcb11dec3dce83c5166f35a7dbb00409352699750ea10ccb1fad912f8523,0
14,47,662,1764826224,d967e6cddd2a7a8444ebb7fc272eab905518d3fad0926dc9922132b0f1012885,0
14,48,663,1764826225,24a448560e3641413222e397fa74de98d942a3d5ccd43214dda2d2e07fece32f,0
14,49,664,1764826226,a71fd82b9ff56ba43d1c430eb2626ebf8af7090676e303bb7a222a943604f5d6,0
14,50,665,1764826227,c575e05da53d3fe5f07775951b8244aef5c98fb4f843935a1a06a3fb89101110,0
14,51,666,1764826228,61691831a8ab04f2b4ec7fa1daf08fdfc004158a09dc54ef0cb05343e788a86c,0
14,52,667,1764826229,a19a010053a31489cc0320ff3771576193636ca26dd035d30ce1ae8230340b9d,0
14,53,668,1764826230,a5f61a5c6094890b5c0e22259540350927484b873b6f79216f4c3727ffece493,0
14,54,669,1764826231,dbc421d9e4ec3ec6c8b0d6ace8a9e98a43bcc19cbb6de50b3bf7261773cb27af,0
14,55,670,1764826232,afdeef7f13d51024930027168ae257814f8d521a435d100dc0f95c613a74ac82,0
14,56,671,1764826233,37e90d6e22f9476f579eb5f84997f38acc2d28b31dfb388fec926a8d59f25b16,0
14,57,672,1764826234,7873c717ddea5becc4360d74675dc1f1f1f2af79cb89be7a0264c3879045c0ac,0
14,58,673,1764826235,3dcea4d220ceb38896ffc1d8bc570d1f113d322a98e822b7b455a03c0f7b17a8,0
14,59,674,1764826236,a74882d263d439ebd7a1c8970c64eb56d31240e9a2fc4d335838219ad69b8141,0
14,60,675,1764826237,3ed0e9a28713e9f55672ca0678222d15724a46daedb304805d5ed98c53688c27,0
15,1,676,1764826238,e502f097a3622f9bf5681d452a6a20b1c70d1b3655c2dfa2a31be06104645860,0
15,2,677,1764826239,6ff8b8b1686565e2eae62c1a07458c00b8ebfb6814c2038c1240d07cc1714468,0
15,3,678,1764826240,203d3edb37b38e5ac98234c357689ba82a8b362cd4643ade142c3200b1458d3c,0
15,4,679,1764826241,6732c54fb64c885fb4a7eaf9887b9c28fda6c66e898a2edeb8e386ab5fbfd7a4,0
15,5,680,1764826242,d8730801dd78ad09dcb4e576d2dd9e9b2e382d6aefa9c32cda6ae2e67a781e31,0
15,6,681,1764826243,76f2e89cae57823a7798dcdd14a31c90fd0843b908394b924a4ac16a057cfa70,0
15,7,682,1764826244,64aa543fc86adc0e7e3c3571747a7c87d8d88522ab6afc1ebb34052cbe0a62de,0
15,8,683,1764826245,907b70f2c743c70f358227194545c10005ae5851a56d5ed51be852f5e5bace13,0
15,9,684,1764826246,0cad9728dcde09ec6e160126f31132bd63cb2f0d35042494e561882e63bfc9ff,0
15,10,685,1764826247,f56b28c1939bfec3aa868622f373558f2e1a5f07f84af89889e28ac621e0ded8,0
15,11,686,1764826248,23dd201997a7c364c98efd823ad5699496e2fdcf1f34e1ff799579fb2f2aa9ac,0
15,12,687,1764826249,2a1e9d2047c0d82d1a598fb267cc20f5d3407051d84f5b5718f5dcb913ca38ca,0
15,13,688,1764826250,2f651e9093cabc57008cd1f16296937e805f00f7f8b2ac9f9db1a8b032a46b33,0
15,14,689,1764826251,2ad10f0200c3bb32e1b7b88f431f7897ad2c4a53e94ed8371d915c4555ef3db0,0
15,15,690,1764826252,2b8534fa2634a89908e3c525f9e038fb632d09e66521f2fd57bdbf22b4e6da73,0
15,16,691,1764826253,8e59e06fed11593c9f27fd1703440486b0e9a1526480945f95e14f24bbfcad60,0
15,17,692,1764826254,62b96e05d7fe63e2131379a10d1f230deb29b5fa1178da6b52467c76a6ff1cb7,0
15,18,693,1764826255,bc9e1b90dcb0dfc95993ff261e7a41ca6a0dd64fcfa415bcc9cddc8fd439be8e,0
15,19,694,1764826256,e7782a80f02af610a64384259a36968b701987899c2804828da840f70b58ea7f,0
15,20,695,1764826257,941ef21273161c70b21606744d510dff9a2d9a66cde3afa050ec16103411fd43,0
15,21,696,1764826258,1d53bc49ab1d57190c14ceaf0b067bded7189c11628495b5562d7ca2641052d2,0
15,22,697,1764826259,d5d123801ad4df5b25f0ff5914c634f01dc9811378adedaebfa9f9185635dc24,0
15,23,698,1764826260,999532f3339fe0fe01a85b412e5a609601acd18036121990455003440f359f2f,0
15,24,699,1764826261,0ece97a268127ff25aa585e44f859dba8b78d7887c15aa47fe4ef160b5212e46,0
15,25,700,1764826262,df2f165e062bd8c2fc5828b4301f69ed7cb3d43b908912d8911bdc3092c7b299,0
15,26,701,1764826263,5e6cc90f7e7ae547423e163cfc8a95ed465b1f91955206f55d19bbee79278691,0
15,27,702,1764826264,55f356e878a4c46a69be785a02d9a6dabb7d5494364084d05d84c2a92c177aa0,0
15,28,703,1764826265,f857028fee5c85372ad2be4371a8a1e1c84f12c16f3eebbd685f341bbf7059ad,0
15,29,704,1764826266,309776be6c22e9c0f28ff6576bbaa994e782f8fa682ec800b51a947f17331cf6,0
15,30,705,1764826267,3ad06b62ff789b488529bc26807928b9976aca5e2b636a7f55537afe96b5f2e7,0
16,1,706,1764826268,4d3b51725a4f6eb4ae7c4d5bb0086eec9363a66cd06c96062687439c8120085a,0
16,2,707,1764826269,160d7a3feb5b475ec8c8a757c912a29a1a2f08d0185f42a3fb62dde76cfed3ff,0
16,3,708,1764826270,503040c69fc2e53bf9281c89a11e9dc502fb5a0d0c53c2732a06c1c2f0fe34a4,0
16,4,709,1764826271,948ffbf45e0a57d1f21845f66d709ba2c4a30ab5cc68ee9bc0db83b48241e8f4,0
16,5,710,1764826272,d039d673f905cf5a522c6ad43b50667622fd4601ef7be0a50276c40c05359b4e,0
16,6,711,1764826273,06b70f0ae3e154a237612b4953a09c81743bcf53a08294a1081ac6dd03be4fb2,0
16,7,712,1764826274,ca7d64fa14f67e14d36446b6c49d91d01c0d03d8f7803f7027562b90e76f4793,0
16,8,713,1764826275,b62f9745cde45952c0a8c15abb4fed187f6381235bdf8fac2d291ad2db056675,0
16,9,714,1764826276,e2233ceeb503ad0850e336ec8426c3d2201bca9ef24303fd623cd482f02cac36,0
16,10,715,1764826277,78936b941dc1ce0e9a9056166a48c6d79480a0368cc9d05931e1289f3415ba3b,0
16,11,716,1764826278,32eca8337a210f98ef5052b31e6dbece89c6b3d9d1d212624aa642a631874aff,0
16,12,717,1764826279,c80caf4ff4d3f74d85fc89b23b8c5695b73187d9ff25b768a48b826656d6df93,0
16,13,718,1764826280,f27576f737311bb230ee2d0910f2917e00dce79458285cf46cf9bfeee43c3c8c,0
16,14,719,1764826281,7b1984bead44bb0d69934fbb22acd39b92e439e2be664d3bfa7fbde6caf13c75,0
16,15,720,1764826282,d873b6cc75ccda95ccb79d3421e6f658ec6d3e8e3b30ce3b1e097b9ec96993d2,0
16,16,721,1764826283,d6a04665550580a1570ec84ca8cfa3299ce8ed29aee34b2aebe5c098edbba3fc,0
16,17,722,1764826284,2f53cc1e7822350e72ce54b23191096b2725929283dd91ec966e1c4dfed068de,0
16,18,723,1764826285,fe6d2d60d3b22e90b6f0927481052610500c2c6aa7d0667ebd7dda71404178da,0
16,19,724,1764826286,94064aaee8bbe8b0f47973d753126bab614aac80d9bc72907d5bcfb1c2c2c31a,0
16,20,725,1764826287,b70badcfe4e4df7d58dfe4cfa185eca29e173e141804dab38c0d8c9da72a7c78,0
16,21,726,1764826288,9c13722816035bf12f7b9b1955d7e1d1e1f5c3b45bca7f04d1607066bf143f6b,0
16,22,727,1764826289,0dc553e9cc6a27648168ef760ccee2c8537ab494d70a4e66b6e73dcf18bcd5cf,0
16,23,728,1764826290,b07548fb8f98d5305de0be396f9c5218e7cf28850604875259a2815af23f1ec2,0
16,24,729,1764826291,5c95fe911f34bad8337ad58610f46304d6a515bbe5484f48b26bcfd9907ffdbd,0
16,25,730,1764826292,be09238de09eaab76d43583e53bf157adbdb69524e1f5792cbcb297f997b08b7,0
16,26,731,1764826293,d1cef43cbe4bd78ddd328fd13d6b046162377f5d415eba5ad89a7af27860b8ff,0
16,27,732,1764826294,1bc362f27a6ad99fac6649d7755b54796872511c895c751badc31ad5481de429,0
16,28,733,1764826295,74dbdbe37ce24d6878e1f5bab07cbec2482021546381eadba159ee713c5d3688,0
16,29,734,1764826296,9d8c487cee02ab8c95cc7db51e076750f25bb57d47995639d0ec8e5d2a5f5efe,0
16,30,735,1764826297,c75383ebbbd2d9b383261ec9f8c10b5943ab16a72e3ad28f07c2a38646e2dcd9,0
16,31,736,1764826298,687e8942b794491a4ed40560a412f247a58e015a6807a979ca15a8e2be5acb64,0
16,32,737,1764826299,161010e59d8988fa1cc1ce3ff6cf72d6dad84671db6f0a9af0eceafa52d0d772,0
16,33,738,1764826300,0359099866d9c00a3f3715acd62eb801ac6e1884b16dcc972c1a54f803c37d5b,0
16,34,739,1764826301,27390cd8c3b1ee61749525360ae93a160fcd8c9693abc1baef34af6263b5e7dc,0
16,35,740,1764826302,745f84c7f484aba412eb208074d6683f11b55989cecd10e16ea73c97cee2203f,0
16,36,741,1764826303,3126823c90dc5181816211bbc439cff56edd2983415960f28fd4fdf153dfe9d6,0
16,37,742,1764826304,eaacf519e9c671355eeb5b0679091e8d6be597c80c614cdaf71f8afb2f2cb581,0
16,38,743,1764826305,3b50c7fac5921ecf8ac61c17acc5e6ac1d8b136bdd196f5772e301d75b0f6a1e,0
16,39,744,1764826306,ee32671ec46c495a918b5a00d2551cfe6de11cd017e6b8d5e1b627adff614231,0
16,40,745,1764826307,00131460e6b8a01ef25380066172a28568df27d879be42048e2f713406302aa8,0
16,41,746,1764826308,62824c4d41de0393502076f08fa522183f8951c104cf4b2db5c7a2dc48d358c2,0
16,42,747,1764826309,bf309cacaf942abf00509bb3986aef67f91cfb3120848adb5e4cc7c09f1c9958,0
16,43,748,1764826310,7deda9b77b56705c006968c184e1aa7565a114e3503db7c7bca4c17f2eac6fcf,0
16,44,749,1764826311,cd028545fcf41f06455778ec93639edcb052c379159bdc54705ff56c68ca73f7,0
16,45,750,1764826312,a01707d4fb1f380c59f8e48d26807dfd395e302d0912adb5909410360ac1f0ce,0
16,46,751,1764826313,5ad439c15abe07e189cb2aa3915f7cd60eb4029e55cf53e8a16f50b8bab74d83,0
16,47,752,1764826314,19f09069731f9e8e419a0d2c33d46b859778b3a5603c65373e5d974e63a01dd0,0
16,48,753,1764826315,be4eee7020c7f5879b12a4ff45041c7cdc19df7569ed23fc9c8a8c4b860f79b8,0
16,49,754,1764826316,ff6fa818d2f5a340911392fb90b67823cd96e0da63c409dbb1f8965038dac0de,0
16,50,755,1764826317,a816077fd28f4a18e4607d5fb4840d0368fc7ddd740eff62112ef08000fe82c5,0
16,51,756,1764826318,dd8c363ba61e615bfda9c5c4bf59d871cb3496290bda28ca82458681afbcce5a,0
16,52,757,1764826319,3987c51ceff3f12f273fe23ff84b06d3acf22c5bd6c198a218f6c7cee8dc3950,0
16,53,758,1764826320,eb5e5add5aadd1f68c13008872f0e819e1aed0f08756a48f30520397efd09a6d,0
16,54,759,1764826321,e210df9de1a16c30a69edb110dbf27d5b4d22887f588ecc35e2d6d31a9f94489,0
16,55,760,1764826322,89dd444bf56d60db44b95a6c7220fe0d66451ef2dabe187f255030d5f7fc9467,0
17,1,761,1764826323,5a5c0d7a042ced9b01fdf6fa1bb1c0fa2d60d5723503d961df0688d6157fa3b9,0
17,2,762,1764826324,415cb12534745c277b5045e26c550ca103d854fd233d17de95e279ea5dcb032c,0
17,3,763,1764826325,2bb4997cc530f9e1f5806c7e3db3df9851b12bc98ff0a20ed25961738ce56998,0
17,4,764,1764826326,19b2209efe8897234762401e824f078d8d53c5981135828fbd311f7f855e78d1,0
17,5,765,1764826327,9c66025565f54e0accd87cc118baa14ea709b04f03f65c31665945173439a78f,0
17,6,766,1764826328,f56afd9fbead815272fddb613ccf7c96bd9bb415b2a72610c8d3a6d7b8e39601,0
17,7,767,1764826329,c318e19ef53960925d2e58c41ee0fe61a2ef3c1469ecf6716602858d589c06bd,0
17,8,768,1764826330,25bb5f0c71c9aae44e3084a365c5a60701f0be4e7040098873411a06d2753c56,0
17,9,769,1764826331,838079f1b23b6de52e56aedb13ed266419c79fb5de78d7bcf624d5ef209a4980,0
17,10,770,1764826332,675cf8bb4ae8926b9504e9409b19d6890e47b2b787d483dd2b78aaf71a26bddc,0
17,11,771,1764826333,a14cdfcb21b4ff038e1e568b52dc95b9ee0f1afe90c67d357c3947129a6b914d,0
17,12,772,1764826334,201b053f5b5b3e9917addeb674db5df0c1e8cb7d87a8f778791f47703c3c4d0d,0
17,13,773,1764826335,e433fc04b6ae4b5cce29bdb3458c4fb5d7bf3632df814d170ce61d305c70b4e4,0
17,14,774,1764826336,515a86413d71b236f7ad1fedb3de01539cb4d8ae29708e666e0522b0e64c53fa,0
17,15,775,1764826337,cdd024e327b0e48900f6eb8cc4008d85b8d86db59c9a2c233edb1c65b2cb49ba,0
17,16,776,1764826338,b957bf2f8607926f3ffecac6ed64394fdd12b37e104597e9b19dc2bef61eca6c,0
17,17,777,1764826339,a7c440206c264e1fa5ed07f53ccbf9c6f3522ed286ea2132c615ca509c1028e5,0
17,18,778,1764826340,17c7a78a650c163f766e7ced23167a8ebdfe08f0253bca91be7ba62f2c8b3ad2,0
17,19,779,1764826341,4c18f5f58ba6ee61a26210a0e87347109223a81ac93ab0b70dea4fbe409be7ce,0
17,20,780,1764826342,385cda61983ee051df3554929a02ee466066ccaeb584c6f0eb370b45d8a11a32,0
17,21,781,1764826343,6dfe419564cca5d445b8c9464654bf5a77e98eae5f6ad6e0e7d4797a182217ff,0
17,22,782,1764826344,33b0d1d0ba18999da78e4b37f41e93c5d6be33aef3eb4631b313e6f1248d8b2c,0
17,23,783,1764826345,e2625f27c6b4496b75a62ed69d8f51971876a6dd36b364d8ff349935a3c032cb,0
17,24,784,1764826346,c39df11ff41f77e7c1cffa3740dc4fe6a2b97a3e1652119d24fe50f248db20ac,0
17,25,785,1764826347,58cd4564f5acba1b07bba6efd64171d2a0e9edf43a8d300552000f290a919015,0
17,26,786,1764826348,67a72e08c1827b94af98981ce055f92a097450428da0aa864a20ca1c12eb6cdd,0
17,27,787,1764826349,c13cd5b171364501345bf5c72661676a044e47b0f8007ca27bf9184f1afb4c64,0
17,28,788,1764826350,ce6eb4eb02cd26c4a331183d8eea9f84c3f73391fbf2a5dab44267f185044e14,0
17,29,789,1764826351,b54616cf342494179b36b6366c2db8faf3ebaddce677fb6694e0e2522397945f,0
17,30,790,1764826352,c1125e1a73e79f018a101c586089f8dddb0f9c98f709fc0db52688b3b0289946,0
17,31,791,1764826353,0f86fae0d476de40de63aeb885be79bfd1b708e7278a953ad6fb0feff70d828a,0
17,32,792,1764826354,b975071cb9c1dadeb8b3291feced3e1116d40a186a6bc0277a72a6277c9412c3,0
17,33,793,1764826355,58e25184134f493a2128fae1822c828ac1531712110f83627e007a58ed7cd6ef,0
17,34,794,1764826356,30a0e5584b207cd98208bea9c2afbdcc2fc1bd96d0025561f1febffca18dfab9,0
17,35,795,1764826357,994afeaef1012e7123b091cdea2cdf043421b4ea9cc404d267c7adef528df645,0
17,36,796,1764826358,921b51fbc7bedc7464d462f0af001d662c01941e066a4ec4ce4daed45dc21df9,0
17,37,797,1764826359,5935cc0ed0d7d4a529459168ee99c5baa4f91cd70bdf2096449753b8c0908980,0
17,38,798,1764826360,bf8b16f87a5774c24cf2ae45fcdd45350d81872be95d1645d108ed011472546c,0
17,39,799,1764826361,04254681e577594e0a33b7068c3b0513065eec87b7be014ab236b7245e90d5a7,0
17,40,800,1764826362,e5171f34666d8f4be624a5b44838e258c9ce0152197fa77e4d7a229e20dec461,0
17,41,801,1764826363,5a9cb572ea76e8b67044c2ab611a4d7276dc51081e4863b8f39b2204164eddd7,0
17,42,802,1764826364,fc198743fdd69450a5a3b7858941be3f34b76e7917fa017f573976caafcea79e,0
17,43,803,1764826365,fcbfcb6b9fa6a28eb9fe385a38f9b0600329df958ddf97672ecfa067d114a312,0
17,44,804,1764826366,fd8b536d1e383a17e5bbd108f66e0c76c613061987f1eaa2cf8a55302ad0557e,0
17,45,805,1764826367,6cab9a48138eb6060608284db5d4cc2824448d711afeca8923e7ae201ed74943,0
17,46,806,1764826368,1978b04cc5586fafb7402c33464bf9b8588c52f51f24998ad77bec6bb7229409,0
17,47,807,1764826369,ca4f42a153b210fff5d7c72ec5869ada404de81bdad5d370330b9a1728da0189,0
17,48,808,1764826370,5644596e24e95bf2ff5c6863786e80bf752e6dbdd1a999c61a29d0c20fbbcbfe,0
17,49,809,1764826371,d6b571a53616ce0ce64bf42a6fced91da42bfa21223a13013c16bbacb7dcf7cc,0
17,50,810,1764826372,2e0fe382099656f386aa76c40d3e20149455cb55a4bfabbb9e3a35f610a94faf,0
17,51,811,1764826373,006196a9f8665229e8cc4fd3828b65ba4928ac12cd6100e23b43fd1cc1b2a86a,0
17,52,812,1764826374,37745c7471f6ab65c9275d8ebb676050a2a2e335d0ecf5c8a9aa544ec6fef7d3,0
17,53,813,1764826375,f65e9ba59843c9006d43fae782c15a4ec4b5d09abcbeb33b70a0dfbcba85379b,0
17,54,814,1764826376,82ea52146d9c334f2abc296376941ad536292f24fd0c274f9279bcdaf472b101,0
17,55,815,1764826377,98373cce29b925842fa314ca70903d81d8309464534d1eaa1c3bad1c9eaa6038,0
18,1,816,1764826378,45c8c30da799185eb853dd6a70e0e6f7a8877cfe65dda1e075d3adf64b78bc81,0
18,2,817,1764826379,6035bbd5fa9c4191b93a45371465a39c2373891684cf8542a918149a1db81004,0
18,3,818,1764826380,8b4c40a5c069cd37ac23746613f0344d08d52d38d10d379121397051b8cd6ad3,0
18,4,819,1764826381,c8dac49567428b33b396153a8faf5b8457e00d69b65b3d9869aa9aaa4b073209,0
18,5,820,1764826382,22953feba030e566d44d49fba5aae6c89b362237bf2b9ba750aa96d0a0dac13b,0
18,6,821,1764826383,557706b2aa16df2ca3c48e1e1b0af245456c27def83f9f698a03b3257a262003,0
18,7,822,1764826384,2a5a7dac3d9ef396c6f7d35aa908ff85ad91e6c11df83c5f52947dfd6ee13daf,0
18,8,823,1764826385,ad79006b72836b3fb366f2029a65c2ec96352191ee242d0ff2471fa197e19a41,0
18,9,824,1764826386,86c14d20ae9a16ba6a6b60283f2313a08a7dcc04b80e429e50bf522ea2c4f0c2,0
18,10,825,1764826387,260c57c1c5bbf7f5e02bd173ecd426355890b01575a14c488249eb0c99db2b96,0
18,11,826,1764826388,22495662eb1803a52539762f586458a286de87af87e6d3d28375fbd06309bd05,0
18,12,827,1764826389,069fe5bff762ff8c658560e920f82399178c78fc7af5f5bde3f6009af676552c,0
18,13,828,1764826390,1275dc729616fee2b4d3ac0a8b902d6f48393d4bf8faf1705d2a41d209266b55,0
18,14,829,1764826391,8ae30bfeada12681087404c8604b0b08a401f0a6418025e2401e0e11075c9e1a,0
18,15,830,1764826392,c8510d6153662d506c1c6537cfb0e6018ab85af1f53dfe095fafc33a2ff03f35,0
18,16,831,1764826393,21b845024d450c702c2548524113d0e80e665eed4f87cc2f65c282912157a155,0
18,17,832,1764826394,a1da94d3e49f9fd2d8270c32fd64d13cb20f05f567ba2b36b307fbb5d8045336,0
18,18,833,1764826395,5f5cb9f4c6d000871930004ac3ead7b38270a7b3440d03463dc6e505eded6cfc,0
18,19,834,1764826396,4e49589ec5412e704155eb2e2d2130ca9f6c325ea80dd39f13af31d57de41177,0
18,20,835,1764826397,25560a3898b023b6f7792aa29145dc1ff1930fbff580f1695147cbb6c70fdb73,0
18,21,836,1764826398,800126ab7e5bad888bc927fb1b50c8e531c8b26471de25aaed00789ec2599164,0
18,22,837,1764826399,e65c496e9248358c7b2c780b5c3f592c56d3cf1b48cc850bf091b4cdb4acae42,0
18,23,838,1764826400,5cf405d5adb8b473a999ff7f9ad92eceecf856e5d4915cd17df12a366422c5fc,0
18,24,839,1764826401,fc2e0f690729b47bc7e201068f18446bc68ef85ed30608999a7df33be3c89f78,0
18,25,840,1764826402,c1276deb265898c58d55a3d3f535056c371fbd98471e5eea0a86e40bc8eec41a,0
18,26,841,1764826403,88c2961367496a752d885a12abe00043b3c99fc5ac23044e411dcf561b7315b9,0
18,27,842,1764826404,f53536fce67f69c048c42593941b265587ea4a1655c68329f0f41cda1e5bc449,0
18,28,843,1764826405,fc929a499e661e2d4ae2b6d657d76bea235ae71438e627d0dfd65af50c4b0ff7,0
18,29,844,1764826406,084228e7743806421acce7f610a3f070491e357d0a03013e649683729c730506,0
18,30,845,1764826407,eb89bbbc71642ed50537f05898a675eb8f28f81aea0f7a0bfcfe809eea53843e,0
18,31,846,1764826408,d6392947789043955225d94acf604b404fb70c6c80720b2ec4f95bf9b5af3ade,0
18,32,847,1764826409,85aad5f79c108ac172776e26aa93f312b826bf933e5e93854ee345232ccb8e84,0
18,33,848,1764826410,7b44585af850c2abc57f7e8edd92ee2b871fa1622cae4835877ed1c6da1cbd5b,0
18,34,849,1764826411,cbeef71205d5497df19151d15013655586c1433362dbcca6f10d07a60b89d5ef,0
18,35,850,1764826412,1070db034dcdd41a89223be8d08771817e8d50c05ea753804ea95f0763ef83a9,0
18,36,851,1764826413,7c19978682357286299118324ad9fed8a839a59a65a7df8ff26afe1d612ba4d0,0
18,37,852,1764826414,af4779d2dcf60321abce7128e5d38b81bc146ab9a0bd48e5ac5bc293aa129392,0
18,38,853,1764826415,e3d1c0b710f90eaeaf8fccb38b0cf2a705aed6c10709b7bfbd49644a2203453b,0
18,39,854,1764826416,73db4697a4696914e4a9a4250d056c6ecbadd6c7022328f186c38bd44d6309e5,0
18,40,855,1764826417,b44160a34f73e87b6ca21b1bf52b3154b286fe71d61ac4f5242a5514531a03e0,0
18,41,856,1764826418,df681664239e0402d1728996a019cacdbb505675e8a2e108a8821385ddcd15db,0
18,42,857,1764826419,4fe7454734c41be4ebc4899c8517eb7e8a35bd58fb478c67ddc72b5dc6330263,0
18,43,858,1764826420,03bb0583ea115008512dcec687c07ed6ebce2771929eccd5bb88b38ca76669d5,0
18,44,859,1764826421,6e3cca9f928a5b6ca0bad26270c8ca2f0c512a288b08d770b2cb0f819528aa9f,0
18,45,860,1764826422,d7d451e58d42cfe65ab84e00b25162955a6a42d600e4f60547ded73661008022,0
18,46,861,1764826423,94415a3714760842462a32b149a4bae2cf550ef4ec596c75571b67390468e4f5,0
18,47,862,1764826424,32ae9c61ab40ba00e49e14ff579826c1af1ec95ad4244bcac3f5cd34c2195e67,0
18,48,863,1764826425,83fa166e10e5fccf36fd210f4f91903708138aedde9292fc2b5fdc07ae4a0436,0
18,49,864,1764826426,9e4d4c3a7b0f33643e695fe3768e8f627b2be3865b7eb0f12187ee612ddb4158,0
18,50,865,1764826427,e8eae03dfa34c0b5e6c43c3fc39bd7aa3491435d3706b567fed9e11b0d95ffa7,0
18,51,866,1764826428,8b4f4439cabc17e95b1d9806760fec221d0323df25b6aa3d484fdae8f4c4814c,0
18,52,867,1764826429,8d5e61ecee994af0a099e5b40fbaeadefd652987213807e0c8052df5299bbe34,0
18,53,868,1764826430,43e3cf132ce26cd2be19afd02e2b253a234828b2ad908cf7d953e6b7445badda,0
18,54,869,1764826431,38092e23bec14be0607d2828656bdb7d1a1abfd19a1821248db725cae7ee7136,0
18,55,870,1764826432,e914ad176566543c2d6a8dc64bc41512d60bdc93fca48fe779203e03a7e440c3,0
19,1,871,1764826433,f8f4c43f362569915b7de84d1797d24a7740d585a768ed25e785834b7b9426b8,0
19,2,872,1764826434,33b4bb49c5c0d1625b1ede1e00a6f084e37b00196b3920f4843199cf6b926deb,0
19,3,873,1764826435,9b6b5664c4e012c5061fcd4f415d6e26169a1a8a7ce726598f28db050aa2abdb,0
19,4,874,1764826436,632a12aa22b93a907518eca21195728b05e3042354eefecd1abafe7a80c3dc7a,0
19,5,875,1764826437,471eeae81ef3b3032f01d2193ef9aace0f6d52d5988c76f74c285c4473c2c2a3,0
19,6,876,1764826438,0e56ea2bba57bd2ee5b4b12b3b8c898dc84f65046f47356934630470114cccb7,0
19,7,877,1764826439,37957a34d71e20a96e8660652d89806c8c749298e6b29ccb0fdf21f9bc181285,0
19,8,878,1764826440,b3303fadb7cd33519fef6b1e4d4ff1f0044d93f2051f75f3b5e924ed590ddac2,0
19,9,879,1764826441,a817a18863e1275e38c4532479647656d4f94ebf9f7c86a94d7729863f087f2a,0
19,10,880,1764826442,30cbc2642ec86c2219c5bfef670538f048835ac40b472e5507fd2be0337b7740,0
19,11,881,1764826443,688f6aac2a3f4e54ddbba64a79c6ca25b2588fe1db38107c83ed8f7bd009071b,0
19,12,882,1764826444,8f1be9cdc9e3c07695782889fe24fdc571247830e4faac14f07d641175d2ca97,0
19,13,883,1764826445,b66e4d4aebd482b9bcffdb7a0efc8ee383f7758c48d5c499438d3127d76a695f,0
19,14,884,1764826446,ae1b01d5bc39f8b7a3b836a1b828559781758a575a4e59372fe50ac330128d21,0
19,15,885,1764826447,32d5cb63ca823ae17faaf342ceddeafa1e00a90dec06253ef4af8a0281410561,0
19,16,886,1764826448,03d72aa07387b08e95aa1edf59d967863e72261a2405d05e803447808af74619,0
19,17,887,1764826449,62e5c64079392ada499502698f8d995b9d94ee24f2bd763285f251ec4ff5fe9c,0
19,18,888,1764826450,936a850b71458a0f12282767176d5e141f7a952183ea847a49e59a39defa5d2a,0
19,19,889,1764826451,4d50c03915c071a1209f8265957ab74287f7f4aa9dad7f8eb6de596334b2e70d,0
19,20,890,1764826452,c3a403170a74a4757d72c2e3a03250de298c6396b3bdc5316002412c306ccd2d,0
19,21,891,1764826453,99393789c2b27f9d41bfedd1c8da52d24886d09583acfe3f4d0fce67c4593aaf,0
19,22,892,1764826454,abe65f9d8f3347e1d846f3712fecf67df6250c40ec6be34f14c0bf1a3220e2c1,0
19,23,893,1764826455,4130bdff9ab4b12e5fa365acdf5e0d86b4913bc2a3f1f0b19a721d8c1f07909b,0
19,24,894,1764826456,33f138d40fd625c03d481b4ab2c33146b43f3f1d94c637bc6587bed38068362d,0
19,25,895,1764826457,b9d14a482f80af71b592c68e2e8f018bc009b32fed3bf5f88e74caeb7360a3ad,0
19,26,896,1764826458,5a0b2447b910d17459f741bab031202f34d4653d75a084826ad71d676b838cd5,0
19,27,897,1764826459,ec4171f80bb15b8ee3689b8b5be4947c4a10546afa2b0bda702de83e09f39e18,0
19,28,898,1764826460,1d8de5ec76bc5caa35625e9cd37917b36e12a3b1fa663112960635527579d9c9,0
19,29,899,1764826461,0863ac8ccc0bb892e85b27b05aa1765bf7f82a097cbdcad0bf77b7d528dceeac,0
19,30,900,1764826462,19053e3afcdc0403bde6b451e03203de4235e844808c006e1894aaf50a9ffc74,0
19,31,901,1764826463,07030dd02742025b50ff63c524432dbe55c1d64099c5d751af7a82810d7e79dc,0
19,32,902,1764826464,a9edb45af87cc03753ac3a04cdb6c28a73aaab3dfb46a83c9264a97d7ccef81c,0
19,33,903,1764826465,07659af3ef11a0669e99278f967c671c98d19f12290f743858629ae82a8d08a1,0
19,34,904,1764826466,c892948cf3990bebf2acfa088a5e01783c08382ba8098ebaa6852a0e11fbf888,0
19,35,905,1764826467,ef345840bada7a7e00f786700b7aff89385d57106d795cbaed4e6d994f10b369,0
19,36,906,1764826468,05fb0a98c4f1c8f56df20e48c6de07030a9e7b195245abb0b06d38407ca203a6,0
19,37,907,1764826469,f744633fc59c2b04d32878c1335b5b43d3aee8df48b4dc4753265d358fdd8752,0
19,38,908,1764826470,594fa487b94a8d1f3c1e27f3a1480e17aec4606a2672fc12e75c5e52c908ee0f,0
19,39,909,1764826471,edf009d7af64e5e74f5f88e5c84319e19d0a9a77b57d1224f9369e66f72f6410,0
19,40,910,1764826472,c2a328346abe6af9b74566b744a8637bedcb40fb9afc361743bf0921db17747c,0
19,41,911,1764826473,5b1f779346f7ef8d49e36107fef9d257c8dbceecf0eb52b7c9e2ba1bf23ae8cf,0
19,42,912,1764826474,a6b7a1418e7a14ef39b07c3d28f50341d6e1b0b8ea27c221454409cdc4334bac,0
19,43,913,1764826475,fead95c2144fe3037eef2f7f30fb4c9f9b14cd37c1645f58e730107e12d7a2d7,0
19,44,914,1764826476,92d283bb1519b745ce0c2503dfcb083f91651f6733019c6a8cb9f094f6f96b51,0
19,45,915,1764826477,05cb69ee2e4e819f0ea36f0a684a235f5d112a57f3c6049311166ee712198bfd,0
19,46,916,1764826478,b14ea67bbc8ff7dcd65502a6d77756083de265539ec73ba4a59d2c6b5700ae1b,0
19,47,917,1764826479,208618164907628c1c04e802d9bc499ee09bc744e77e2e898285db0c83e58af8,0
19,48,918,1764826480,84f575d1c04e8a9bcb700699d61c8766d26660410c6070e72ab567d1dcada13d,0
19,49,919,1764826481,d3bbbbcf998637b5d65ef7e124c0923a63c68785d2ca59881ab502d2508a5ef2,0
19,50,920,1764826482,a8eed0e5fac5ec3dc21ec86c64465f27085e50910207c0358964cae6ab3b728a,0
19,51,921,1764826483,36e5ad3437f9dae4d8a5c87b9475f11299f4eb2fe8c75dc9aeac2be371ead2a6,0
19,52,922,1764826484,45e6063b0527cadca095382f10727d74d54678710578b2c21c093c052d7eed4b,0
19,53,923,1764826485,2526b77c7c6c747145a0ae8ae3f5f09313c94137b246d8016a587908636275ad,0
19,54,924,1764826486,1ae7f0938a8ee3fca5515e90db999a04ef30baaa82ddd9eaec4162ed00c13a50,0
19,55,925,1764826487,a6d7583c56f31306df1a1c3f8d3e09a32ddced8089ae26108f23526575946888,0
20,1,926,1764826488,24df232f44e25b8fd6836f39f3ac30f7436b9bb634444d49e424873ec58c0b87,0
20,2,927,1764826489,c00edb46e662f4e61a6800764802511e8221762fe571897497b8054957c5bdd8,0
20,3,928,1764826490,5ac8b5c7cf5a969fc6e97b8d050a7c7be3966bfb536a1a2e948fc1fc63bcfdb1,0
20,4,929,1764826491,d005a61ed7294f26069b0667b9e2cf016ff7d7d243cbae0a654d2215839bc6cb,0
20,5,930,1764826492,b8fbfd7c4ce3f48d5c8b4a0258aaf2baadb13eb3f9ec720873a8257b66d6c309,0
20,6,931,1764826493,43dbb1f66f1cf0d5518982a03dc1f27270cba0eef62361fd90755a81314c0256,0
20,7,932,1764826494,3dc64fa26b6b52f22ca57715188743f9e2c5864eca5d6c59ee59b3f78d9e115e,0
20,8,933,1764826495,1d086e874dc69f38845f2fa8f3271e3c7bef65d4ea6acb080b9cdc6b1ce17ac3,0
20,9,934,1764826496,2f0a67bb46dca8037143652741743abd3091879d0b5370024146bf9ee4b56b3f,0
20,10,935,1764826497,14a6e1e76341318c10e8121a2829b0b4d095015baf74d6340c738753c91d8234,0
20,11,936,1764826498,a1f528fa43d95728939e3ab5dfb5243fee900e2903772ae28ef617a4fd3f8194,0
20,12,937,1764826499,3b92955b0eccf1ba84d6bda5bac3119dd3885865e11ebbdd6bdf40ae4d2189fc,0
20,13,938,1764826500,8787fb33ee37bba9741cf83a999c4bcfe041d646221d586d81d970adc164725b,0
20,14,939,1764826501,9173316aacc964f9d3c41fb8a4f56f572cdf2356e4d6a23d505df4551e7521f5,0
20,15,940,1764826502,f2cae56df6c38feaacfdb126f002174c05b48ab49604f7bcabb336628cca7391,0
20,16,941,1764826503,6a14800ba52a6c28a0eda847e5421551c752170e1f235762aa2039b714706afd,0
20,17,942,1764826504,46d3880139b50b9bea2988aaf01f4a13e17879462f6985fd4899b1d3ff44d436,0
20,18,943,1764826505,53d5783bbdcce086767589fb2faa0665c64df7b82bd30eecde28884462ee428f,0
20,19,944,1764826506,f552dea7f92f318a915457e1b3bc89253f1dd3a59946342f3fa520fceb351fac,0
20,20,945,1764826507,abb559e665cd35ea8ac9449981c080448c1140f549aebfa9bb6e17f76d886dd5,0
20,21,946,1764826508,2de738bbcf3b87cbf1d5abd9758333d2dba1b7b7c8cc30ef187c73f73dbb6242,0
20,22,947,1764826509,0c773f27e0700a219abe072f618739c22593bdab70d6a71ee441a30eeca9d6e2,0
20,23,948,1764826510,7472d6f8897364a3b83790b167181e68390d9f0c7dceae5e219a57766f13ea93,0
20,24,949,1764826511,954f7ee7bb3b7ac3e6ee2b0f32142f42f1cdb32aa4bb39390bf4f82f522824ef,0
20,25,950,1764826512,25342b57b4ff9e1d015bf9f57d115d26e99a92a2ca0f3229a0147d3dd5328c02,0
20,26,951,1764826513,70c86176267b7a93e185a95b18f08441cd0c21ac489586dc0ab73bb86ef6c2df,0
20,27,952,1764826514,5184e5899c4ce10b53b8cb68fc5fac74580b3b9a54950da81fee89cf21c9576c,0
20,28,953,1764826515,e9f217ae2c5cf733c9339a600b8f97f791b3a23a0f0b19b17264ad821f52acad,0
20,29,954,1764826516,d654e5a5aa409ca1ea99a442523982e8c17f4cac032084a33d2f842a13f55ded,0
20,30,955,1764826517,bff277adf98148bbdd9fc1d8d3aacf223f5e2b8014c037beecc5fc1450b78962,0
20,31,956,1764826518,a04922736809fa6fee22cd32943dac7b8568db62c28661f8b8188653aa1958ea,0
20,32,957,1764826519,23c2fe8d2e6bad191d23ca70aaae609b6adb6540fd7bb8043603e41ac6d66553,0
20,33,958,1764826520,1222205b73bcc3913825f8826700a95ab9e5500b4948d2545bfba4194de6c26e,0
20,34,959,1764826521,e5088ef86e615d66fd80ad8429e26d9fe14a8bd3baf33c429e4d3d01e53f4aa2,0
20,35,960,1764826522,48798eb8b938cd07fdd86659ff045f95be6f0eed2b35dd6dac3f1bf19fb46981,0
20,36,961,1764826523,8e87b080f6ff2a81ec7d41c568a76c610ed65b574136d10c78175104615159e4,0
20,37,962,1764826524,be479c3dc91edd56e93892677d324fbddc7488293601c887a02deb808e9f963d,0
20,38,963,1764826525,3bfef6ff129761a28d33dab7d2fc67cc8a7c93d8ba8d9d8dafa63933ca7600b8,0
20,39,964,1764826526,0d7cb2c6e279d16f3094e09f450922c0a3ba40fcc10b11bafd23273dc618f0a0,0
20,40,965,1764826527,9336cc158bdd724203ef94b74688da1492d0878126e2c24e065488a126262d1e,0
20,41,966,1764826528,f97c41eae42542afee8f0e86f3c63e941eb669533bcac2d2ce24bff55ba61169,0
20,42,967,1764826529,3b48a184b980c13cf171db62721a010605742d0bfefea98191493dbf612d0f8b,0
20,43,968,1764826530,3bc0aa49e7aac94fd2a0320273ca66cd2cd6a3fed0b6f2623f0cfeffbce59390,0
20,44,969,1764826531,08d8b350e3a0d1030b4164732ea4689b659f570582675273fa1f0f13d5913917,0
20,45,970,1764826532,c76a0d57d4b06a3c69a4ea667be1a26f1474dff813c6437e73e122af8c8efd47,0
20,46,971,1764826533,359b5673b35fd34bcf456f5fd58d8969cb931e4cf7aab2267457e7cd2df93d9a,0
20,47,972,1764826534,b36b42093f0a18481ec9a6b638e60b1a6d36d0f643e1f6e31d8cb9925abd5237,0
20,48,973,1764826535,0a8ed3b2592299305c0aced6000b48c6153aea9b0f29b82c085fd81e02f86716,0
20,49,974,1764826536,11366e27d8feda75c874e4021d5ba8fc481c07863b13cfa3d2a8c8f943199019,0
20,50,975,1764826537,fea92e6f0c42af3adf5b64ef14b934c9f7cdb7626270d22bbe1328f7bcc12e83,0
20,51,976,1764826538,e28bc4483800657d32a3b1853692ee9a8969ad61b972517c97267a44a5c1d60c,0
20,52,977,1764826539,236ca4cfeb13be05015aabc274a0feb593b9c902f7b6cafa34781c6aab31618d,0
20,53,978,1764826540,e41fff7cf29cd128bc2444b7de5d1615f0b95d80e8e48cf6f4212542e7fee772,0
20,54,979,1764826541,fac68ee920318cec1873fa1a3dc4e95e0e4d0121f0a189c454cb1e149828b03d,0
20,55,980,1764826542,3cbe8bf501ae9dfd8cf40bcd009b5fb711d11fa32d2f329fe6b2731651acce01,0
21,1,981,1764826543,18b1d661f3850ec218bcd9e123401a22cd233c1ed6c31b3c3f0d5b4cc78fb489,0
21,2,982,1764826544,61f170d040fcf958d849136689a0eb8695fb3af59326c7adf22c7d3276dd71da,0
21,3,983,1764826545,0c3b0d175b950a356c7e9a8480db06009ec2bd83a78cfa0c788be3ee84e590a2,0
21,4,984,1764826546,fc9aab786376ab4aca01bd8c0c7d101834067129707a2ab4223cbe532c554d40,0
21,5,985,1764826547,e59ef51f61909d59e9ac59a030d256820d265b50f66e9df694ab3f999633fc52,0
21,6,986,1764826548,609082750cf2ff8a15ca916d442d5c8c859446b427987b397d2c0500a8716520,0
21,7,987,1764826549,42be6f4c9b9ee97d648fcf49f7d48622b5134e15b80970fc06f39dfd18b9265a,0
21,8,988,1764826550,6f8479fbbb65001c99e8d96f741d45d85445f10739cb847c723ae3fe589205b1,0
21,9,989,1764826551,82f014dba48d9c4842d82bb1782be2c71780388854db52150392b39052899983,0
21,10,990,1764826552,dd537d326fa9b6ea8b5a139ccf6b93594f32c1c107c8d774adc3f667bca8f7b1,0
21,11,991,1764826553,d79b0e658eb38a3ab42beb17b2cf282b80b65c3966d9b3045c28f97004a60f6e,0
21,12,992,1764826554,3476dd0f5fbecac445be5568efc2a4d9f7e0d20b0b9490a0784da5b68a7114c6,0
21,13,993,1764826555,43f5c6eb2c37e4e663077b910e92e3337c39b686ed6f3151461a3701991bfd86,0
21,14,994,1764826556,66b7bbac906ee60414075b4b368c2b560cda3512d7fa701060ed2d32b91a9f02,0
21,15,995,1764826557,968da07dd2c5dcc08feebb83ac5f2e1a7ababb011e5bc368e0d0a99c17ba69b1,0
21,16,996,1764826558,3abbf1224de44a169a9da439a07390bb3259de45ac95949f56f33894186510cf,0
21,17,997,1764826559,d0b2d927f314df45eb1b246ef20885d671e732d22c9908573f2ba9346c31115f,0
21,18,998,1764826560,e5559a4095910881d99a76167007ba5d71f997b3c19038c6d3e119e83f33ba22,0
21,19,999,1764826561,3361a71333ff34b782fd394c6cd036cb4157eeadb890383bc8e3db3562f021c8,0
21,20,1000,1764826562,43e0f71057df980af8b4f7a291abc35ac2ba0b0ffc9e3b64ddfa960678d52dc4,0
21,21,1001,1764826563,679845db2bba2e36a100d5f60a7dd36a7f81b474a3e6191c057e05e443be5524,0
21,22,1002,1764826564,611d8b318ea6ea21733fd682543c8f6652141a74ccc5fe82d346bdd5e8ab97ee,0
21,23,1003,1764826565,4c911afad436a89cdd2e864b92af83be4b3c38b40023d45d04e8151219437dbd,0
21,24,1004,1764826566,52bcbe3fe9a0114b236ec7c276c7e2b9825ed44f4ec9cfeb4c9e6e83b77027c2,0
21,25,1005,1764826567,62618ac04d35b38cb6d7cc44314089ecb6a43e375f6494e3f45dbc611ce05f08,0
21,26,1006,1764826568,221da7fbd887917091c1ae721828be9c53035216ac77ba7d833e78ae97e10fe6,0
21,27,1007,1764826569,3d8261804639b938a60d7f5a0811f0608a5dcf34ff63975108a1dc062123a46a,0
21,28,1008,1764826570,fb0afcec2a15d5fbbbbc1bcd5f083ffd2fd2df6796aca3f7e30a50d717645c82,0
21,29,1009,1764826571,b85267635b51a11bbac34573653cbf69e24b6cfd6ee2f43e2f96991598e31577,0
21,30,1010,1764826572,973bbc3dc91d3800273731c7c77e4f62f82617b73e1bbc988ff8179263a4a588,0
21,31,1011,1764826573,08e21546c7d08e4ba4326123ada9d6be38baac2033e4f72e1f5b07e80ea34d3c,0
21,32,1012,1764826574,b4ad26d7cbcda9fe8999f21a4d799e02f0fda089626933df7d4beb60b70b50c4,0
21,33,1013,1764826575,bd7e65de36bc9cd93d0e8a155b46cc554ddd839f6ac2c331780c0b0ba4a2000d,0
21,34,1014,1764826576,212b146d00e955d78cae720c24bdacaee707076154417097b82bd8c071354433,0
21,35,1015,1764826577,0bdeaeba8039cb232dd495c1d57e8473dc73701d8c5f4e9c6f66aa300b2f1073,0
21,36,1016,1764826578,528f43ad9847ac5da34a560f7ea43ddcf6a768eedb8ff1776a1cabc7a6e78f5c,0
21,37,1017,1764826579,745d6ce6047e5ee38a5308629e01a48b6ee8882f5e05c6f11b78d015d81a4e9e,0
21,38,1018,1764826580,aeafa02429647c1ef3b4ca0de46cdd3aab0f90c4ae7bfa8b4fec5b7badbc5264,0
21,39,1019,1764826581,752665b6b8201061d44c838a13cde1c3184f771129b273ab219caaeee035ebf0,0
21,40,1020,1764826582,c7e094b6fb838e2158a94221420e786c0345b5d5280fe5a5f3d1e1c47ed9ba42,0
21,41,1021,1764826583,34de0a285191f05669903358f62449fe260b5074b4e6e6a71a693e2550d921d4,0
21,42,1022,1764826584,eb1c67629a98ff62a176c2795a0d55a06554f993171678f9416b598524fb566e,0
21,43,1023,1764826585,5f40d87e04f53cc74517e5d45b367959d90eb5d93b186aeab6a858ace7e51fd2,0
22,1,1024,1764826586,e50e1b35e0bcbc466d7ff0722155810504b756300b4f07cde201d6fca4d92729,0
22,2,1025,1764826587,bddea2a843a9ec826fa1bc7596c81617d56d0338d982d9747a1179e764deec85,0
22,3,1026,1764826588,5ee4840888fc319288e7bf0c156b390de95ce67437d0326fd5ac58702d316653,0
22,4,1027,1764826589,0dc8cd948cf3bc6ef5888b8a1b2803f6d8816153b376663206a5cd81c5eb5dc0,0
22,5,1028,1764826590,413b0d9ebb2761ddc55356aa61fe50fbdff4cda77df22d161559de0db97af8de,0
22,6,1029,1764826591,d6e8c2dba8520fae54b2393f63e642731b571528f3b36793b176db7d921899df,0
22,7,1030,1764826592,b4357657e0480457666c0705bebe2e67b6006ff67407e0264e2e08bcb5cf6f4e,0
22,8,1031,1764826593,acef8e53ec4e231d4c791f3a00f08ee478430ac2db260f74a965ee93d182f6f3,0
22,9,1032,1764826594,5481175f4ddc4259b35243f71a3cb606bcaf21de85a73da4e2adb59cb5d4f6a9,0
22,10,1033,1764826595,f598bb85c395606cb721069a4a7f248c120b85f989e83cabe07dfae400e8ecd2,0
22,11,1034,1764826596,028643c641538cea989ebe1a5f4bd196453dcb3723411cceede30648e3c5267d,0
22,12,1035,1764826597,01d0d573d22ae27afab2a73de637d6945bfff7b6b24aed5a15aaee96164b2521,0
22,13,1036,1764826598,6033ad12ef45ae0835a2a4a5169c46d9a5cff81ab934f797482fea82f94dda36,0
22,14,1037,1764826599,962dcf5607efd6869a16223ec14cb56c090fa716af9130efd1740056400a80f7,0
22,15,1038,1764826600,dda299d31b1a8d22df32748bf1a1d77c6b868a07389cf7905be0364d0066e306,0
22,16,1039,1764826601,41341de359a6a116145910b6ee240f71e27cf497760d5a5542dda3af8deeac3c,0
22,17,1040,1764826602,b66e8d2f71372ddf914cb0203e188c9ac63845ad0521a13434be01269b61082e,0
22,18,1041,1764826603,df254a589dcdf33446e77c58e0233799b3cac39dede3b283e6ad970b22dfa85f,0
22,19,1042,1764826604,3748db17eaa1d1a4b143995084a7aab1d284c2f9bd27a39e7c2c5f8ffe5a16f2,0
22,20,1043,1764826605,b395d4923e969e7a6f236cb184b0252a447c0cae582a3bc12c9768b65aab4a61,0
22,21,1044,1764826606,c93d157bc0b9a408c3e2b281fc4c66ab7f9559ea32bed2aa1092c1756077b8fb,0
22,22,1045,1764826607,7fece5960cfd01307d0e512afdd0cf795f3ea8616eaccb10b1f826b8ddf1aaaf,0
22,23,1046,1764826608,20137c16f38094bb6436880d16861f51bb83140716b1baf6757e0cee6d03b020,0
22,24,1047,1764826609,efdbbfb9d351ff64ede3acad9cb729acabda11b4d702f7f4bd2a5cc45185a82e,0
22,25,1048,1764826610,b3eeed8adb99d634ed34385ec83f85291d7e501ab4e1571b105cd7e1a1225418,0
22,26,1049,1764826611,148d21b828b3b3826e3c174ba94211dec6acf156d2ba4e5408c4527054dab160,0
22,27,1050,1764826612,bb450e8c2b2c77c7864dac04aa46a35d415f8240d57fd09a0e87935a857925d3,0
22,28,1051,1764826613,401e4104a41b5c9cb03802bf4472d1a152a66603136592f33d592c86924ecb6c,0
22,29,1052,1764826614,46523196af5ca53ccb866516650ba3d18b058f03f9153250c15bc7eb5aa7efe4,0
22,30,1053,1764826615,a73f8f5a6a2028a588702109658e3cd1720cc329894680216b2a321df139bd05,0
22,31,1054,1764826616,ca4a334a7defbc36c6c6fcf6a675b1f83603cc837d50f289f7c1adafa3bd5c98,0
22,32,1055,1764826617,64fbd5e1165e761806e673598ea79160d540099a8e001bd537172c0b286506f4,0
22,33,1056,1764826618,678cbda1f1fd541f5de088d731837ccbf326626ed38415c9db1fe3d43a7a4541,0
22,34,1057,1764826619,cd25fd582c6743bd51f79550935869a26b5e08a5a55d319d9f82d8bcd571a80f,0
22,35,1058,1764826620,f1b2538b11a3fb9b6ac00727936b01aca6c430a3681bed1125e84da2fa89b855,0
22,36,1059,1764826621,f566116f4adbc3ddfe81ce5ee599be10becc3511c758047f34bb3481f3056342,0
22,37,1060,1764826622,6d12118c001367eb4c7eb39c82ecd2cbce7ea52b55f26c3efd294f8d5dbe6256,0
22,38,1061,1764826623,84b17663b7efabdb26511232744a65324dce4901a054893911b86a4d6dcc8d49,0
22,39,1062,1764826624,ef9510a5a8b6a53b6893ff06664bdbaabe98f9c247003f242c003448824f0683,0
22,40,1063,1764826625,49c35d3a05bde5b6ac974ea096033113ce518cab3348fae3250e6904105e289a,0
22,41,1064,1764826626,ec027e0c7ceb0d6520849ccff383686e8ef7fa2ba370edcb60ae0d82b16399bc,0
22,42,1065,1764826627,8dce518312f01f0092c42ecd939f2dec6d0baeb1e2be83755cfc3461170a4501,0
22,43,1066,1764826628,3481c7fc564b070dcd6e96122d47929f1aa0001439eb685a0a70ccf3cec0e5f8,0
22,44,1067,1764826629,8008d0ac34b82a2b13d3fa8b3077fb47a2695440c689a7c0b0e8d7b7c20fdd4c,0
22,45,1068,1764826630,aceda27592bd4b3061ca3ed72ccf15ed38fe28d40c3c6dfe580ed150b9d64f42,0
23,1,1069,1764826631,8daef0df570257db07f5882c44e3bc35e29a9244466136244e98a649e1e6d0d9,0
23,2,1070,1764826632,8b2e724eb2351878f755eb13cd3c3351b33019c0f033dc8ee2a0d96f39dde88d,0
23,3,1071,1764826633,b68a810fce2e3d5c07bbc9a5f159c4f928d8ee576d51bf7adf4b5eff040e5ca7,0
23,4,1072,1764826634,fcd6b26d3e623e30a33be273c26a0a964560324bc97ecb0bc36acc9287d61db7,0
23,5,1073,1764826635,e712fdf4a88a3e806b4085235f6cca8426bbe1193a1986a6e69e1de2f54a7a5e,0
23,6,1074,1764826636,cafa98b39ebc99a56bf501da675eefd73f31329f72d04ad5e3a194c72a8efad2,0
23,7,1075,1764826637,31a2e5624a3a675da9b505a5b7c115e671c829d6ae84b7f8ba23ce55c9bc255e,0
23,8,1076,1764826638,05d90ec07f6537d8abdc2cd8487e828266d70c3dca290b1c57fe79202858b338,0
23,9,1077,1764826639,c001a3a87677e7bb76572ca89e46ada022937af9b15e125e75618a2dcfffc69b,0
23,10,1078,1764826640,21f87029065c6a70b8ef4938d1cb1c4a80fdc71757e485c1192c4efec7c312a1,0
23,11,1079,1764826641,e9853442a2710f94c1b47d97bbcd946ce153ab968541884b47f6e3dcddd0df33,0
23,12,1080,1764826642,0ead8d2bfe3b37ee682c97d26f26f237dcac9ec7da4d2ee616ee12b131415396,0
23,13,1081,1764826643,f91b0dd486c50e6cd7f95378506220ce20777851f4b2514060070d4894ef834c,0
23,14,1082,1764826644,44a6e2e0bd8e7421079ae84ac25ebde4596f8b1d59e6d4da85a910d1187d8938,0
23,15,1083,1764826645,6e7a81e10c0b9d547256bfc811ff8bdf18810d8e1221b37eafbc2fb1ba4584e2,0
23,16,1084,1764826646,2945ecd0bbfd9df742707a62cb25640609f5d69c92971f77cd41d8a938f1a6ec,0
23,17,1085,1764826647,63a832a6127688571f01f683fe983ef4446ce589fb89b6192214d7f3148ed443,0
23,18,1086,1764826648,1c8065c21b6a4f4d97f1a906b040d268d219ccd02f6ff365cf7fc224d864c9e5,0
23,19,1087,1764826649,319a86482d8ae38279232de9e6683456ef9af14d5d56830b45e5f9ba12e42243,0
23,20,1088,1764826650,7ba2cfdb3d971e9a37c9a08d0d398eacf55c4868ba1581daed1d3426b9151c0d,0
23,21,1089,1764826651,37bf2ae46ebb31e79debebd693bb27ccffdd2c9f857d2eb497e692478dbfa966,0
23,22,1090,1764826652,f27120baf4dc2b832c18de721ebfbe73a2df2e7d20dad58f44b75ad5b15a0280,0
23,23,1091,1764826653,36a8fdbe325ef3956e5fe9e0a3b9ffc7d3e14aea13b1d14b6b22c268439d7f63,0
23,24,1092,1764826654,fbc7b77e15718b5404ace2e2bb0295eb5b1d061c078bf02bc6a1949fe3104774,0
23,25,1093,1764826655,c3e8f3fc5d7ad669a32613c953201a23f8d7edc4f2d5e732585c1150d540b58c,0
23,26,1094,1764826656,a6189dd1f887f45ab5e6c58d280aeb090449caa3b48977d063b340e123e5cb76,0
23,27,1095,1764826657,7633835993eca59aca3c411258deb6f04116b19bc5c3c8822bb4587696313e4e,0
23,28,1096,1764826658,deab48fea36ee6e26de7c2b07ec90304c77821c0380308632c573b9cef67cfeb,0
23,29,1097,1764826659,9f52da70f0cd970cd45d0ed7c17ef49d57dc0840f050727f46730165951c426f,0
23,30,1098,1764826660,6dcd1e111c3ef6b2a7094eff0657c062d74f507b2ca813bac18ab9df6067f9af,0
23,31,1099,1764826661,13872f345a87bcd34435a7177810668c0aad5ffda667cf482d86e47423b333da,0
23,32,1100,1764826662,706ebb3aede8091d4fdbc5dd0a9c703a2c0071a7e782658505223b3f6d9a645b,0
23,33,1101,1764826663,e48a4cd0dd3645ac803d65dd104116c426e9ebe78cdaf375a3074ae42cf49f37,0
23,34,1102,1764826664,eb06e8ed4ba653d796ee2d31d86a69c4ff6928e93e7b065d46abd2491b4a8a1d,0
23,35,1103,1764826665,c820ff270aa950c91b57fef93169ded2c9346a459cb68eed4479d010ad1e851a,0
23,36,1104,1764826666,3762f36eaa1e953efb9ed57e98c6ec455a01f73de073e14d920116aa86e272ad,0
23,37,1105,1764826667,23c858bc8b3d88127e7808290b9e3114b3f316a87d973865df66588d63a8765e,0
23,38,1106,1764826668,83cd0b7e73905c115c2a6384fe95d4791f8c844e68e637f0193389b67e7903a2,0
23,39,1107,1764826669,3e4ee7b2bf2ae5582a92d2c7614030f82a1c2f68cae06552f64e29f5834c2a93,0
23,40,1108,1764826670,0092a3178772e891a8aa688d33613dcd417f14d2004436f0579b099b429c5a9e,0
23,41,1109,1764826671,264a0835e00aa86049406adafd0e36427da1ef3f7ff855959cc4fc292dcd255f,0
23,42,1110,1764826672,4094a02f9ee19f6d70c5f96c630b1bdd80c38f9e8702ce07007ac53debf0d01d,0
23,43,1111,1764826673,0ad1ad7cec0c93750034ec23773f313ccbc4abdcc8b62c57463aeeb8540d6eb4,0
23,44,1112,1764826674,f69d2a1ecae288edd92e2e50d9390693fef4966e9a55bd19dad2ba91fc9af579,0
23,45,1113,1764826675,4d951595c5be4f74ffab42910cecf755baf2396a697e8b1d9b324263867d9321,0
23,46,1114,1764826676,43341219e998e4cd2d3f24283265ac5620d956b1558e34d62c1e6f49d18d5bde,0
23,47,1115,1764826677,94f8e2fe79c524f06dcd957326ff5079878ee03283e7aa30736184afdf186ac2,0
23,48,1116,1764826678,35f26a13bfa8c7c2fc52e233ca5fe63ea30a087027f735d134590bd63cf3a6be,0
23,49,1117,1764826679,b09161397ce18a5ad01c025777bf360dc3bf763c9a64ae9307f5ae423e789f3e,0
23,50,1118,1764826680,cc0357c33e431830ce335c4b721d189f0103294e2dda6adf55a2ebe4bcee88ff,0
