slide_index,gas_used,gas_price,cost_eth,cost_usd
1,231412,1771980767,0.000410057613253004,1.230172839759012
2,231412,1676971885,0.00038807141785162,1.1642142535548599
3,231412,1593655895,0.00036879109797374,1.10637329392122
4,231412,1520593734,0.000351883637172408,1.055650911517224
5,231412,1456523448,0.000337057004148576,1.011171012445728
6,231412,1400338393,0.000324055108200916,0.9721653246027481
7,231412,1351068120,0.00031265337578544,0.9379601273563201
8,231412,1307861617,0.000302654872513204,0.907964617539612
9,231412,1269972606,0.000293886900699672,0.881660702099016
10,231424,1236746655,0.00028621285788672,0.8586385736601599
11,231424,1207609897,0.000279469912803328,0.838409738409984
12,231424,1182059043,0.000273556831967232,0.820670495901696
13,231424,1159652770,0.00026837148264448,0.80511444793344
14,231424,1140004070,0.00026382430189568,0.7914729056870401
15,231424,1122773564,0.000259836749275136,0.779510247825408
16,231424,1107663642,0.000256339950686208,0.769019852058624
17,231424,1094413320,0.00025327350816768,0.75982052450304
18,231424,1082793735,0.00025058445732864,0.75175337198592
19,231424,1072604189,0.000248226351835136,0.744679055505408
20,231424,1063668685,0.00024615846175744,0.73847538527232
21,231424,1055832887,0.000244345070041088,0.7330352101232639
22,231424,1048961452,0.000242754855067648,0.728264565202944
23,231424,1042935695,0.00024136035027968,0.72408105083904
24,231424,1037651537,0.000240137469298688,0.7204124078960641
25,231424,1033017708,0.000239065090056192,0.717195270168576
26,231424,1028954171,0.000238124690069504,0.714374070208512
27,231424,1025390739,0.000237300026382336,0.711900079147008
28,231424,1022265864,0.000236576855310336,0.7097305659310079
29,231424,1019525572,0.000235942685974528,0.7078280579235839
30,231424,1017122532,0.000235386564845568,0.706159694536704
31,231424,1015015237,0.000234898886207488,0.704696658622464
32,231424,1013167290,0.00023447122692096,0.70341368076288
33,231424,1011546773,0.000234096200394752,0.702288601184256
34,231424,1010125695,0.00023376732883968,0.70130198651904
35,231424,1008879511,0.000233478931953664,0.700436795860992
36,231424,1007786697,0.000233226028566528,0.699678085699584
37,231424,1006828377,0.000233004250318848,0.6990127509565439
38,231424,1005987999,0.000232809766680576,0.698429300041728
39,231424,1005251048,0.000232639218532352,0.697917655597056
40,231424,1004604794,0.000232489659846656,0.697468979539968
41,231424,1004038076,0.000232358507700224,0.697075523100672
42,231424,1003541105,0.00023224349668352,0.69673049005056
43,231424,1003105297,0.000232142640252928,0.696427920758784
44,231424,1002723124,0.000232054196248576,0.696162588745728
45,231424,1002387986,0.000231976637272064,0.695929911816192
46,231424,1002094094,0.000231908623609856,0.6957258708295679
47,231424,1001836371,0.000231848980322304,0.695546940966912
48,231424,1001610367,0.000231796677572608,0.6953900327178241
49,231424,1001412177,0.000231750811650048,0.695252434950144
50,231424,1001238379,0.000231710590621696,0.695131771865088
51,231412,1001085970,0.00023166330648964,0.69498991946892
52,231412,1000952318,0.000231632377813016,0.6948971334390479
53,231412,1000835115,0.00023160525563238,0.69481576689714
54,231412,1000732337,0.000231581471569844,0.6947444147095321
55,231412,1000642208,0.000231560614637696,0.694681843913088
56,231412,1000563171,0.000231542324527452,0.694626973582356
57,231412,1000493861,0.000231526285361732,0.694578856085196
58,231412,1000433081,0.000231512220140372,0.6945366604211161
59,231412,1000379782,0.000231499886112184,0.694499658336552
60,231424,1000333042,0.000231501073911808,0.694503221735424
61,231424,1000292055,0.00023149158853632,0.69447476560896
62,231424,1000256112,0.000231483270463488,0.694449811390464
63,231424,1000224592,0.000231475975979008,0.694427927937024
64,231424,1000196952,0.000231469579419648,0.694408738258944
65,231424,1000172713,0.000231463969933312,0.694391909799936
66,231424,1000151457,0.000231459050784768,0.694377152354304
67,231424,1000132817,0.000231454737041408,0.694364211124224
68,231424,1000116472,0.000231450954416128,0.6943528632483841
69,231424,1000102138,0.000231447637184512,0.694342911553536
70,231424,1000089568,0.000231444728184832,0.6943341845544959
71,231424,1000078545,0.00023144217719808,0.69432653159424
72,231424,1000068879,0.000231439940253696,0.694319820761088
73,231424,1000060402,0.000231437978472448,0.694313935417344
74,231424,1000052969,0.000231436258297856,0.694308774893568
75,231424,1000046451,0.000231434749876224,0.694304249628672
76,231424,1000040735,0.00023143342705664,0.6943002811699199
77,231424,1000035722,0.000231432266928128,0.6942968007843839
78,231424,1000031326,0.000231431249588224,0.694293748764672
79,231424,1000027471,0.000231430357448704,0.694291072346112
80,231424,1000024091,0.000231429575235584,0.694288725706752
81,231424,1000021127,0.000231428889294848,0.694286667884544
82,231424,1000018527,0.000231428287592448,0.694284862777344
83,231424,1000016247,0.000231427759945728,0.694283279837184
84,231424,1000014248,0.000231427297329152,0.694281891987456
85,231424,1000012495,0.00023142689164288,0.69428067492864
86,231424,1000010958,0.000231426535944192,0.694279607832576
87,231424,1000009610,0.00023142622398464,0.69427867195392
88,231424,1000008428,0.000231425950441472,0.694277851324416
89,231424,1000007391,0.000231425710454784,0.694277131364352
90,231424,1000006482,0.000231425500090368,0.694276500271104
91,231424,1000005685,0.00023142531564544,0.69427594693632
92,231424,1000004986,0.000231425153880064,0.6942754616401919
93,231424,1000004373,0.000231425012017152,0.694275036051456
94,231424,1000003835,0.00023142488751104,0.69427466253312
95,231424,1000003364,0.000231424778510336,0.6942743355310079
96,231424,1000002950,0.0002314246827008,0.6942740481024
97,231424,1000002587,0.000231424598693888,0.694273796081664
98,231424,1000002269,0.000231424525101056,0.694273575303168
99,231424,1000001990,0.00023142446053376,0.69427338160128
100,231424,1000001746,0.000231424404066304,0.694273212198912
101,231412,1000001532,0.000231412354523184,0.694237063569552
102,231412,1000001344,0.000231412311017728,0.694236933053184
103,231412,1000001179,0.000231412272834748,0.694236818504244
104,231412,1000001034,0.000231412239280008,0.694236717840024
105,231412,1000000907,0.000231412209890684,0.694236629672052
106,231412,1000000796,0.000231412184203952,0.694236552611856
107,231412,1000000699,0.000231412161756988,0.694236485270964
108,231412,1000000613,0.000231412141855556,0.694236425566668
109,231412,1000000538,0.000231412124499656,0.694236373498968
110,231424,1000000472,0.000231424109232128,0.694272327696384
111,231424,1000000414,0.000231424095809536,0.6942722874286079
112,231424,1000000364,0.000231424084238336,0.6942722527150079
113,231424,1000000320,0.00023142407405568,0.69427222216704
114,231424,1000000281,0.000231424065030144,0.6942721950904319
115,231424,1000000247,0.000231424057161728,0.694272171485184
116,231424,1000000217,0.000231424050219008,0.694272150657024
117,231424,1000000191,0.000231424044201984,0.694272132605952
118,231424,1000000168,0.000231424038879232,0.6942721166376961
119,231424,1000000148,0.000231424034250752,0.6942721027522559
120,231424,1000000130,0.00023142403008512,0.6942720902553601
121,231424,1000000115,0.00023142402661376,0.69427207984128
122,231424,1000000101,0.000231424023373824,0.694272070121472
123,231424,1000000089,0.000231424020596736,0.694272061790208
124,231424,1000000079,0.000231424018282496,0.694272054847488
125,231424,1000000070,0.00023142401619968,0.69427204859904
126,231424,1000000062,0.000231424014348288,0.694272043044864
127,231424,1000000055,0.00023142401272832,0.6942720381849601
128,231424,1000000049,0.000231424011339776,0.694272034019328
129,231424,1000000043,0.000231424009951232,0.694272029853696
130,231424,1000000038,0.000231424008794112,0.694272026382336
131,231424,1000000034,0.000231424007868416,0.694272023605248
132,231424,1000000030,0.00023142400694272,0.6942720208281601
133,231424,1000000027,0.000231424006248448,0.694272018745344
134,231424,1000000024,0.000231424005554176,0.694272016662528
135,231424,1000000022,0.000231424005091328,0.694272015273984
136,231424,1000000020,0.00023142400462848,0.69427201388544
137,231424,1000000018,0.000231424004165632,0.694272012496896
138,231424,1000000016,0.000231424003702784,0.694272011108352
139,231424,1000000015,0.00023142400347136,0.69427201041408
140,231424,1000000014,0.000231424003239936,0.694272009719808
141,231412,1000000013,0.000231412003008356,0.694236009025068
142,231412,1000000012,0.000231412002776944,0.694236008330832
143,231412,1000000011,0.000231412002545532,0.694236007636596
144,231412,1000000010,0.00023141200231412,0.69423600694236
145,231412,1000000009,0.000231412002082708,0.694236006248124
146,231412,1000000008,0.000231412001851296,0.6942360055538881
147,231412,1000000008,0.000231412001851296,0.6942360055538881
148,231412,1000000008,0.000231412001851296,0.6942360055538881
149,231412,1000000008,0.000231412001851296,0.6942360055538881
150,231424,1000000008,0.000231424001851392,0.694272005554176
151,231424,1000000008,0.000231424001851392,0.694272005554176
152,231424,1000000008,0.000231424001851392,0.694272005554176
153,231424,1000000008,0.000231424001851392,0.694272005554176
154,231424,1000000008,0.000231424001851392,0.694272005554176
155,231424,1000000008,0.000231424001851392,0.694272005554176
156,231424,1000000008,0.000231424001851392,0.694272005554176
157,231424,1000000008,0.000231424001851392,0.694272005554176
158,231424,1000000008,0.000231424001851392,0.694272005554176
159,231424,1000000008,0.000231424001851392,0.694272005554176
160,231424,1000000008,0.000231424001851392,0.694272005554176
161,231424,1000000008,0.000231424001851392,0.694272005554176
162,231424,1000000008,0.000231424001851392,0.694272005554176
163,231424,1000000008,0.000231424001851392,0.694272005554176
164,231424,1000000008,0.000231424001851392,0.694272005554176
165,231424,1000000008,0.000231424001851392,0.694272005554176
166,231424,1000000008,0.000231424001851392,0.694272005554176
167,231424,1000000008,0.000231424001851392,0.694272005554176
168,231424,1000000008,0.000231424001851392,0.694272005554176
169,231424,1000000008,0.000231424001851392,0.694272005554176
170,231424,1000000008,0.000231424001851392,0.694272005554176
171,231424,1000000008,0.000231424001851392,0.694272005554176
172,231424,1000000008,0.000231424001851392,0.694272005554176
173,231424,1000000008,0.000231424001851392,0.694272005554176
174,231424,1000000008,0.000231424001851392,0.694272005554176
175,231424,1000000008,0.000231424001851392,0.694272005554176
176,231424,1000000008,0.000231424001851392,0.694272005554176
177,231424,1000000008,0.000231424001851392,0.694272005554176
178,231424,1000000008,0.000231424001851392,0.694272005554176
179,231424,1000000008,0.000231424001851392,0.694272005554176
180,231424,1000000008,0.000231424001851392,0.694272005554176
181,231424,1000000008,0.000231424001851392,0.694272005554176
182,231424,1000000008,0.000231424001851392,0.694272005554176
183,231424,1000000008,0.000231424001851392,0.694272005554176
184,231424,1000000008,0.000231424001851392,0.694272005554176
185,231424,1000000008,0.000231424001851392,0.694272005554176
186,231424,1000000008,0.000231424001851392,0.694272005554176
187,231424,1000000008,0.000231424001851392,0.694272005554176
188,231424,1000000008,0.000231424001851392,0.694272005554176
189,231424,1000000008,0.000231424001851392,0.694272005554176
190,231412,1000000008,0.000231412001851296,0.6942360055538881
191,231412,1000000008,0.000231412001851296,0.6942360055538881
192,231412,1000000008,0.000231412001851296,0.6942360055538881
193,231412,1000000008,0.000231412001851296,0.6942360055538881
194,231412,1000000008,0.000231412001851296,0.6942360055538881
195,231412,1000000008,0.000231412001851296,0.6942360055538881
196,231412,1000000008,0.000231412001851296,0.6942360055538881
197,231412,1000000008,0.000231412001851296,0.6942360055538881
198,231412,1000000008,0.000231412001851296,0.6942360055538881
199,231424,1000000008,0.000231424001851392,0.694272005554176
200,231424,1000000008,0.000231424001851392,0.694272005554176
201,231424,1000000008,0.000231424001851392,0.694272005554176
202,231424,1000000008,0.000231424001851392,0.694272005554176
203,231424,1000000008,0.000231424001851392,0.694272005554176
204,231424,1000000008,0.000231424001851392,0.694272005554176
205,231424,1000000008,0.000231424001851392,0.694272005554176
206,231424,1000000008,0.000231424001851392,0.694272005554176
207,231424,1000000008,0.000231424001851392,0.694272005554176
208,231424,1000000008,0.000231424001851392,0.694272005554176
209,231424,1000000008,0.000231424001851392,0.694272005554176
210,231424,1000000008,0.000231424001851392,0.694272005554176
211,231424,1000000008,0.000231424001851392,0.694272005554176
212,231424,1000000008,0.000231424001851392,0.694272005554176
213,231424,1000000008,0.000231424001851392,0.694272005554176
214,231424,1000000008,0.000231424001851392,0.694272005554176
215,231424,1000000008,0.000231424001851392,0.694272005554176
216,231424,1000000008,0.000231424001851392,0.694272005554176
217,231424,1000000008,0.000231424001851392,0.694272005554176
218,231424,1000000008,0.000231424001851392,0.694272005554176
219,231424,1000000008,0.000231424001851392,0.694272005554176
220,231424,1000000008,0.000231424001851392,0.694272005554176
221,231424,1000000008,0.000231424001851392,0.694272005554176
222,231424,1000000008,0.000231424001851392,0.694272005554176
223,231424,1000000008,0.000231424001851392,0.694272005554176
224,231424,1000000008,0.000231424001851392,0.694272005554176
225,231424,1000000008,0.000231424001851392,0.694272005554176
226,231424,1000000008,0.000231424001851392,0.694272005554176
227,231424,1000000008,0.000231424001851392,0.694272005554176
228,231424,1000000008,0.000231424001851392,0.694272005554176
229,231424,1000000008,0.000231424001851392,0.694272005554176
230,231424,1000000008,0.000231424001851392,0.694272005554176
231,231424,1000000008,0.000231424001851392,0.694272005554176
232,231424,1000000008,0.000231424001851392,0.694272005554176
233,231424,1000000008,0.000231424001851392,0.694272005554176
234,231424,1000000008,0.000231424001851392,0.694272005554176
235,231424,1000000008,0.000231424001851392,0.694272005554176
236,231424,1000000008,0.000231424001851392,0.694272005554176
237,231424,1000000008,0.000231424001851392,0.694272005554176
238,231424,1000000008,0.000231424001851392,0.694272005554176
239,231424,1000000008,0.000231424001851392,0.694272005554176
240,231412,1000000008,0.000231412001851296,0.6942360055538881
241,231412,1000000008,0.000231412001851296,0.6942360055538881
242,231412,1000000008,0.000231412001851296,0.6942360055538881
243,231412,1000000008,0.000231412001851296,0.6942360055538881
244,231412,1000000008,0.000231412001851296,0.6942360055538881
245,231412,1000000008,0.000231412001851296,0.6942360055538881
246,231412,1000000008,0.000231412001851296,0.6942360055538881
247,231412,1000000008,0.000231412001851296,0.6942360055538881
248,231412,1000000008,0.000231412001851296,0.6942360055538881
249,231424,1000000008,0.000231424001851392,0.694272005554176
250,231424,1000000008,0.000231424001851392,0.694272005554176
251,231424,1000000008,0.000231424001851392,0.694272005554176
252,231424,1000000008,0.000231424001851392,0.694272005554176
253,231424,1000000008,0.000231424001851392,0.694272005554176
254,231424,1000000008,0.000231424001851392,0.694272005554176
255,231424,1000000008,0.000231424001851392,0.694272005554176
256,231424,1000000008,0.000231424001851392,0.694272005554176
257,231424,1000000008,0.000231424001851392,0.694272005554176
258,231424,1000000008,0.000231424001851392,0.694272005554176
259,231424,1000000008,0.000231424001851392,0.694272005554176
260,231424,1000000008,0.000231424001851392,0.694272005554176
261,231424,1000000008,0.000231424001851392,0.694272005554176
262,231424,1000000008,0.000231424001851392,0.694272005554176
263,231424,1000000008,0.000231424001851392,0.694272005554176
264,231424,1000000008,0.000231424001851392,0.694272005554176
265,231424,1000000008,0.000231424001851392,0.694272005554176
266,231424,1000000008,0.000231424001851392,0.694272005554176
267,231424,1000000008,0.000231424001851392,0.694272005554176
268,231424,1000000008,0.000231424001851392,0.694272005554176
269,231424,1000000008,0.000231424001851392,0.694272005554176
270,231424,1000000008,0.000231424001851392,0.694272005554176
271,231424,1000000008,0.000231424001851392,0.694272005554176
272,231424,1000000008,0.000231424001851392,0.694272005554176
273,231424,1000000008,0.000231424001851392,0.694272005554176
274,231424,1000000008,0.000231424001851392,0.694272005554176
275,231424,1000000008,0.000231424001851392,0.694272005554176
276,231424,1000000008,0.000231424001851392,0.694272005554176
277,231424,1000000008,0.000231424001851392,0.694272005554176
278,231424,1000000008,0.000231424001851392,0.694272005554176
279,231424,1000000008,0.000231424001851392,0.694272005554176
280,231424,1000000008,0.000231424001851392,0.694272005554176
281,231424,1000000008,0.000231424001851392,0.694272005554176
282,231412,1000000008,0.000231412001851296,0.6942360055538881
283,231412,1000000008,0.000231412001851296,0.6942360055538881
284,231412,1000000008,0.000231412001851296,0.6942360055538881
285,231412,1000000008,0.000231412001851296,0.6942360055538881
286,231412,1000000008,0.000231412001851296,0.6942360055538881
287,231412,1000000008,0.000231412001851296,0.6942360055538881
288,231412,1000000008,0.000231412001851296,0.6942360055538881
289,231412,1000000008,0.000231412001851296,0.6942360055538881
290,231412,1000000008,0.000231412001851296,0.6942360055538881
291,231424,1000000008,0.000231424001851392,0.694272005554176
292,231424,1000000008,0.000231424001851392,0.694272005554176
293,231424,1000000008,0.000231424001851392,0.694272005554176
294,231424,1000000008,0.000231424001851392,0.694272005554176
295,231424,1000000008,0.000231424001851392,0.694272005554176
296,231424,1000000008,0.000231424001851392,0.694272005554176
297,231424,1000000008,0.000231424001851392,0.694272005554176
298,231424,1000000008,0.000231424001851392,0.694272005554176
299,231424,1000000008,0.000231424001851392,0.694272005554176
300,231424,1000000008,0.000231424001851392,0.694272005554176
301,231424,1000000008,0.000231424001851392,0.694272005554176
302,231424,1000000008,0.000231424001851392,0.694272005554176
303,231424,1000000008,0.000231424001851392,0.694272005554176
304,231424,1000000008,0.000231424001851392,0.694272005554176
305,231424,1000000008,0.000231424001851392,0.694272005554176
306,231424,1000000008,0.000231424001851392,0.694272005554176
307,231424,1000000008,0.000231424001851392,0.694272005554176
308,231424,1000000008,0.000231424001851392,0.694272005554176
309,231424,1000000008,0.000231424001851392,0.694272005554176
310,231424,1000000008,0.000231424001851392,0.694272005554176
311,231424,1000000008,0.000231424001851392,0.694272005554176
312,231424,1000000008,0.000231424001851392,0.694272005554176
313,231424,1000000008,0.000231424001851392,0.694272005554176
314,231424,1000000008,0.000231424001851392,0.694272005554176
315,231424,1000000008,0.000231424001851392,0.694272005554176
316,231424,1000000008,0.000231424001851392,0.694272005554176
317,231424,1000000008,0.000231424001851392,0.694272005554176
318,231424,1000000008,0.000231424001851392,0.694272005554176
319,231424,1000000008,0.000231424001851392,0.694272005554176
320,231424,1000000008,0.000231424001851392,0.694272005554176
321,231424,1000000008,0.000231424001851392,0.694272005554176
322,231424,1000000008,0.000231424001851392,0.694272005554176
323,231424,1000000008,0.000231424001851392,0.694272005554176
324,231424,1000000008,0.000231424001851392,0.694272005554176
325,231424,1000000008,0.000231424001851392,0.694272005554176
326,231424,1000000008,0.000231424001851392,0.694272005554176
327,231424,1000000008,0.000231424001851392,0.694272005554176
328,231424,1000000008,0.000231424001851392,0.694272005554176
329,231412,1000000008,0.000231412001851296,0.6942360055538881
330,231412,1000000008,0.000231412001851296,0.6942360055538881
331,231412,1000000008,0.000231412001851296,0.6942360055538881
332,231412,1000000008,0.000231412001851296,0.6942360055538881
333,231412,1000000008,0.000231412001851296,0.6942360055538881
334,231412,1000000008,0.000231412001851296,0.6942360055538881
335,231412,1000000008,0.000231412001851296,0.6942360055538881
336,231412,1000000008,0.000231412001851296,0.6942360055538881
337,231412,1000000008,0.000231412001851296,0.6942360055538881
338,231424,1000000008,0.000231424001851392,0.694272005554176
339,231424,1000000008,0.000231424001851392,0.694272005554176
340,231424,1000000008,0.000231424001851392,0.694272005554176
341,231424,1000000008,0.000231424001851392,0.694272005554176
342,231424,1000000008,0.000231424001851392,0.694272005554176
343,231424,1000000008,0.000231424001851392,0.694272005554176
344,231424,1000000008,0.000231424001851392,0.694272005554176
345,231424,1000000008,0.000231424001851392,0.694272005554176
346,231424,1000000008,0.000231424001851392,0.694272005554176
347,231424,1000000008,0.000231424001851392,0.694272005554176
348,231424,1000000008,0.000231424001851392,0.694272005554176
349,231424,1000000008,0.000231424001851392,0.694272005554176
350,231424,1000000008,0.000231424001851392,0.694272005554176
351,231424,1000000008,0.000231424001851392,0.694272005554176
352,231424,1000000008,0.000231424001851392,0.694272005554176
353,231424,1000000008,0.000231424001851392,0.694272005554176
354,231424,1000000008,0.000231424001851392,0.694272005554176
355,231424,1000000008,0.000231424001851392,0.694272005554176
356,231424,1000000008,0.000231424001851392,0.694272005554176
357,231424,1000000008,0.000231424001851392,0.694272005554176
358,231424,1000000008,0.000231424001851392,0.694272005554176
359,231424,1000000008,0.000231424001851392,0.694272005554176
360,231424,1000000008,0.000231424001851392,0.694272005554176
361,231424,1000000008,0.000231424001851392,0.694272005554176
362,231424,1000000008,0.000231424001851392,0.694272005554176
363,231424,1000000008,0.000231424001851392,0.694272005554176
364,231424,1000000008,0.000231424001851392,0.694272005554176
365,231424,1000000008,0.000231424001851392,0.694272005554176
366,231424,1000000008,0.000231424001851392,0.694272005554176
367,231424,1000000008,0.000231424001851392,0.694272005554176
368,231424,1000000008,0.000231424001851392,0.694272005554176
369,231424,1000000008,0.000231424001851392,0.694272005554176
370,231424,1000000008,0.000231424001851392,0.694272005554176
371,231424,1000000008,0.000231424001851392,0.694272005554176
372,231412,1000000008,0.000231412001851296,0.6942360055538881
373,231412,1000000008,0.000231412001851296,0.6942360055538881
374,231412,1000000008,0.000231412001851296,0.6942360055538881
375,231412,1000000008,0.000231412001851296,0.6942360055538881
376,231412,1000000008,0.000231412001851296,0.6942360055538881
377,231412,1000000008,0.000231412001851296,0.6942360055538881
378,231412,1000000008,0.000231412001851296,0.6942360055538881
379,231412,1000000008,0.000231412001851296,0.6942360055538881
380,231412,1000000008,0.000231412001851296,0.6942360055538881
381,231424,1000000008,0.000231424001851392,0.694272005554176
382,231424,1000000008,0.000231424001851392,0.694272005554176
383,231424,1000000008,0.000231424001851392,0.694272005554176
384,231424,1000000008,0.000231424001851392,0.694272005554176
385,231424,1000000008,0.000231424001851392,0.694272005554176
386,231424,1000000008,0.000231424001851392,0.694272005554176
387,231424,1000000008,0.000231424001851392,0.694272005554176
388,231424,1000000008,0.000231424001851392,0.694272005554176
389,231424,1000000008,0.000231424001851392,0.694272005554176
390,231424,1000000008,0.000231424001851392,0.694272005554176
391,231424,1000000008,0.000231424001851392,0.694272005554176
392,231424,1000000008,0.000231424001851392,0.694272005554176
393,231424,1000000008,0.000231424001851392,0.694272005554176
394,231424,1000000008,0.000231424001851392,0.694272005554176
395,231424,1000000008,0.000231424001851392,0.694272005554176
396,231424,1000000008,0.000231424001851392,0.694272005554176
397,231424,1000000008,0.000231424001851392,0.694272005554176
398,231424,1000000008,0.000231424001851392,0.694272005554176
399,231424,1000000008,0.000231424001851392,0.694272005554176
400,231424,1000000008,0.000231424001851392,0.694272005554176
401,231424,1000000008,0.000231424001851392,0.694272005554176
402,231424,1000000008,0.000231424001851392,0.694272005554176
403,231424,1000000008,0.000231424001851392,0.694272005554176
404,231424,1000000008,0.000231424001851392,0.694272005554176
405,231424,1000000008,0.000231424001851392,0.694272005554176
406,231424,1000000008,0.000231424001851392,0.694272005554176
407,231424,1000000008,0.000231424001851392,0.694272005554176
408,231424,1000000008,0.000231424001851392,0.694272005554176
409,231424,1000000008,0.000231424001851392,0.694272005554176
410,231436,1000000008,0.000231436001851488,0.694308005554464
411,231436,1000000008,0.000231436001851488,0.694308005554464
412,231436,1000000008,0.000231436001851488,0.694308005554464
413,231436,1000000008,0.000231436001851488,0.694308005554464
414,231436,1000000008,0.000231436001851488,0.694308005554464
415,231436,1000000008,0.000231436001851488,0.694308005554464
416,231436,1000000008,0.000231436001851488,0.694308005554464
417,231436,1000000008,0.000231436001851488,0.694308005554464
418,231436,1000000008,0.000231436001851488,0.694308005554464
419,231436,1000000008,0.000231436001851488,0.694308005554464
420,231436,1000000008,0.000231436001851488,0.694308005554464
421,231436,1000000008,0.000231436001851488,0.694308005554464
422,231436,1000000008,0.000231436001851488,0.694308005554464
423,231436,1000000008,0.000231436001851488,0.694308005554464
424,231436,1000000008,0.000231436001851488,0.694308005554464
425,231436,1000000008,0.000231436001851488,0.694308005554464
426,231436,1000000008,0.000231436001851488,0.694308005554464
427,231436,1000000008,0.000231436001851488,0.694308005554464
428,231436,1000000008,0.000231436001851488,0.694308005554464
429,231436,1000000008,0.000231436001851488,0.694308005554464
430,231436,1000000008,0.000231436001851488,0.694308005554464
431,231436,1000000008,0.000231436001851488,0.694308005554464
432,231436,1000000008,0.000231436001851488,0.694308005554464
433,231436,1000000008,0.000231436001851488,0.694308005554464
434,231436,1000000008,0.000231436001851488,0.694308005554464
435,231436,1000000008,0.000231436001851488,0.694308005554464
436,231436,1000000008,0.000231436001851488,0.694308005554464
437,231436,1000000008,0.000231436001851488,0.694308005554464
438,231436,1000000008,0.000231436001851488,0.694308005554464
439,231436,1000000008,0.000231436001851488,0.694308005554464
440,231436,1000000008,0.000231436001851488,0.694308005554464
441,231436,1000000008,0.000231436001851488,0.694308005554464
442,231436,1000000008,0.000231436001851488,0.694308005554464
443,231436,1000000008,0.000231436001851488,0.694308005554464
444,231436,1000000008,0.000231436001851488,0.694308005554464
445,231436,1000000008,0.000231436001851488,0.694308005554464
446,231436,1000000008,0.000231436001851488,0.694308005554464
447,231436,1000000008,0.000231436001851488,0.694308005554464
448,231436,1000000008,0.000231436001851488,0.694308005554464
449,231436,1000000008,0.000231436001851488,0.694308005554464
450,231436,1000000008,0.000231436001851488,0.694308005554464
451,231424,1000000008,0.000231424001851392,0.694272005554176
452,231424,1000000008,0.000231424001851392,0.694272005554176
453,231424,1000000008,0.000231424001851392,0.694272005554176
454,231424,1000000008,0.000231424001851392,0.694272005554176
455,231424,1000000008,0.000231424001851392,0.694272005554176
456,231424,1000000008,0.000231424001851392,0.694272005554176
457,231424,1000000008,0.000231424001851392,0.694272005554176
458,231424,1000000008,0.000231424001851392,0.694272005554176
459,231424,1000000008,0.000231424001851392,0.694272005554176
460,231436,1000000008,0.000231436001851488,0.694308005554464
461,231436,1000000008,0.000231436001851488,0.694308005554464
462,231436,1000000008,0.000231436001851488,0.694308005554464
463,231436,1000000008,0.000231436001851488,0.694308005554464
464,231436,1000000008,0.000231436001851488,0.694308005554464
465,231436,1000000008,0.000231436001851488,0.694308005554464
466,231436,1000000008,0.000231436001851488,0.694308005554464
467,231436,1000000008,0.000231436001851488,0.694308005554464
468,231436,1000000008,0.000231436001851488,0.694308005554464
469,231436,1000000008,0.000231436001851488,0.694308005554464
470,231436,1000000008,0.000231436001851488,0.694308005554464
471,231436,1000000008,0.000231436001851488,0.694308005554464
472,231436,1000000008,0.000231436001851488,0.694308005554464
473,231436,1000000008,0.000231436001851488,0.694308005554464
474,231436,1000000008,0.000231436001851488,0.694308005554464
475,231436,1000000008,0.000231436001851488,0.694308005554464
476,231436,1000000008,0.000231436001851488,0.694308005554464
477,231436,1000000008,0.000231436001851488,0.694308005554464
478,231436,1000000008,0.000231436001851488,0.694308005554464
479,231436,1000000008,0.000231436001851488,0.694308005554464
480,231436,1000000008,0.000231436001851488,0.694308005554464
481,231436,1000000008,0.000231436001851488,0.694308005554464
482,231436,1000000008,0.000231436001851488,0.694308005554464
483,231436,1000000008,0.000231436001851488,0.694308005554464
484,231436,1000000008,0.000231436001851488,0.694308005554464
485,231436,1000000008,0.000231436001851488,0.694308005554464
486,231436,1000000008,0.000231436001851488,0.694308005554464
487,231436,1000000008,0.000231436001851488,0.694308005554464
488,231436,1000000008,0.000231436001851488,0.694308005554464
489,231436,1000000008,0.000231436001851488,0.694308005554464
490,231436,1000000008,0.000231436001851488,0.694308005554464
491,231436,1000000008,0.000231436001851488,0.694308005554464
492,231436,1000000008,0.000231436001851488,0.694308005554464
493,231436,1000000008,0.000231436001851488,0.694308005554464
494,231436,1000000008,0.000231436001851488,0.694308005554464
495,231436,1000000008,0.000231436001851488,0.694308005554464
496,231436,1000000008,0.000231436001851488,0.694308005554464
497,231436,1000000008,0.000231436001851488,0.694308005554464
498,231436,1000000008,0.000231436001851488,0.694308005554464
499,231436,1000000008,0.000231436001851488,0.694308005554464
500,231436,1000000008,0.000231436001851488,0.694308005554464
501,231436,1000000008,0.000231436001851488,0.694308005554464
502,231436,1000000008,0.000231436001851488,0.694308005554464
503,231436,1000000008,0.000231436001851488,0.694308005554464
504,231436,1000000008,0.000231436001851488,0.694308005554464
505,231436,1000000008,0.000231436001851488,0.694308005554464
506,231436,1000000008,0.000231436001851488,0.694308005554464
507,231436,1000000008,0.000231436001851488,0.694308005554464
508,231436,1000000008,0.000231436001851488,0.694308005554464
509,231436,1000000008,0.000231436001851488,0.694308005554464
510,231436,1000000008,0.000231436001851488,0.694308005554464
511,231436,1000000008,0.000231436001851488,0.694308005554464
512,231436,1000000008,0.000231436001851488,0.694308005554464
513,231436,1000000008,0.000231436001851488,0.694308005554464
514,231436,1000000008,0.000231436001851488,0.694308005554464
515,231424,1000000008,0.000231424001851392,0.694272005554176
516,231424,1000000008,0.000231424001851392,0.694272005554176
517,231424,1000000008,0.000231424001851392,0.694272005554176
518,231424,1000000008,0.000231424001851392,0.694272005554176
519,231424,1000000008,0.000231424001851392,0.694272005554176
520,231424,1000000008,0.000231424001851392,0.694272005554176
521,231424,1000000008,0.000231424001851392,0.694272005554176
522,231424,1000000008,0.000231424001851392,0.694272005554176
523,231424,1000000008,0.000231424001851392,0.694272005554176
524,231436,1000000008,0.000231436001851488,0.694308005554464
525,231436,1000000008,0.000231436001851488,0.694308005554464
526,231436,1000000008,0.000231436001851488,0.694308005554464
527,231436,1000000008,0.000231436001851488,0.694308005554464
528,231436,1000000008,0.000231436001851488,0.694308005554464
529,231436,1000000008,0.000231436001851488,0.694308005554464
530,231436,1000000008,0.000231436001851488,0.694308005554464
531,231436,1000000008,0.000231436001851488,0.694308005554464
532,231436,1000000008,0.000231436001851488,0.694308005554464
533,231436,1000000008,0.000231436001851488,0.694308005554464
534,231436,1000000008,0.000231436001851488,0.694308005554464
535,231436,1000000008,0.000231436001851488,0.694308005554464
536,231436,1000000008,0.000231436001851488,0.694308005554464
537,231436,1000000008,0.000231436001851488,0.694308005554464
538,231436,1000000008,0.000231436001851488,0.694308005554464
539,231436,1000000008,0.000231436001851488,0.694308005554464
540,231436,1000000008,0.000231436001851488,0.694308005554464
541,231436,1000000008,0.000231436001851488,0.694308005554464
542,231436,1000000008,0.000231436001851488,0.694308005554464
543,231436,1000000008,0.000231436001851488,0.694308005554464
544,231436,1000000008,0.000231436001851488,0.694308005554464
545,231436,1000000008,0.000231436001851488,0.694308005554464
546,231436,1000000008,0.000231436001851488,0.694308005554464
547,231436,1000000008,0.000231436001851488,0.694308005554464
548,231436,1000000008,0.000231436001851488,0.694308005554464
549,231436,1000000008,0.000231436001851488,0.694308005554464
550,231436,1000000008,0.000231436001851488,0.694308005554464
551,231436,1000000008,0.000231436001851488,0.694308005554464
552,231436,1000000008,0.000231436001851488,0.694308005554464
553,231436,1000000008,0.000231436001851488,0.694308005554464
554,231436,1000000008,0.000231436001851488,0.694308005554464
555,231436,1000000008,0.000231436001851488,0.694308005554464
556,231436,1000000008,0.000231436001851488,0.694308005554464
557,231436,1000000008,0.000231436001851488,0.694308005554464
558,231436,1000000008,0.000231436001851488,0.694308005554464
559,231436,1000000008,0.000231436001851488,0.694308005554464
560,231436,1000000008,0.000231436001851488,0.694308005554464
561,231436,1000000008,0.000231436001851488,0.694308005554464
562,231436,1000000008,0.000231436001851488,0.694308005554464
563,231436,1000000008,0.000231436001851488,0.694308005554464
564,231436,1000000008,0.000231436001851488,0.694308005554464
565,231424,1000000008,0.000231424001851392,0.694272005554176
566,231424,1000000008,0.000231424001851392,0.694272005554176
567,231424,1000000008,0.000231424001851392,0.694272005554176
568,231424,1000000008,0.000231424001851392,0.694272005554176
569,231424,1000000008,0.000231424001851392,0.694272005554176
570,231424,1000000008,0.000231424001851392,0.694272005554176
571,231424,1000000008,0.000231424001851392,0.694272005554176
572,231424,1000000008,0.000231424001851392,0.694272005554176
573,231424,1000000008,0.000231424001851392,0.694272005554176
574,231436,1000000008,0.000231436001851488,0.694308005554464
575,231436,1000000008,0.000231436001851488,0.694308005554464
576,231436,1000000008,0.000231436001851488,0.694308005554464
577,231436,1000000008,0.000231436001851488,0.694308005554464
578,231436,1000000008,0.000231436001851488,0.694308005554464
579,231436,1000000008,0.000231436001851488,0.694308005554464
580,231436,1000000008,0.000231436001851488,0.694308005554464
581,231436,1000000008,0.000231436001851488,0.694308005554464
582,231436,1000000008,0.000231436001851488,0.694308005554464
583,231436,1000000008,0.000231436001851488,0.694308005554464
584,231436,1000000008,0.000231436001851488,0.694308005554464
585,231436,1000000008,0.000231436001851488,0.694308005554464
586,231436,1000000008,0.000231436001851488,0.694308005554464
587,231436,1000000008,0.000231436001851488,0.694308005554464
588,231436,1000000008,0.000231436001851488,0.694308005554464
589,231436,1000000008,0.000231436001851488,0.694308005554464
590,231436,1000000008,0.000231436001851488,0.694308005554464
591,231436,1000000008,0.000231436001851488,0.694308005554464
592,231436,1000000008,0.000231436001851488,0.694308005554464
593,231436,1000000008,0.000231436001851488,0.694308005554464
594,231436,1000000008,0.000231436001851488,0.694308005554464
595,231436,1000000008,0.000231436001851488,0.694308005554464
596,231436,1000000008,0.000231436001851488,0.694308005554464
597,231436,1000000008,0.000231436001851488,0.694308005554464
598,231436,1000000008,0.000231436001851488,0.694308005554464
599,231436,1000000008,0.000231436001851488,0.694308005554464
600,231436,1000000008,0.000231436001851488,0.694308005554464
601,231436,1000000008,0.000231436001851488,0.694308005554464
602,231436,1000000008,0.000231436001851488,0.694308005554464
603,231436,1000000008,0.000231436001851488,0.694308005554464
604,231436,1000000008,0.000231436001851488,0.694308005554464
605,231436,1000000008,0.000231436001851488,0.694308005554464
606,231436,1000000008,0.000231436001851488,0.694308005554464
607,231436,1000000008,0.000231436001851488,0.694308005554464
608,231436,1000000008,0.000231436001851488,0.694308005554464
609,231436,1000000008,0.000231436001851488,0.694308005554464
610,231436,1000000008,0.000231436001851488,0.694308005554464
611,231436,1000000008,0.000231436001851488,0.694308005554464
612,231436,1000000008,0.000231436001851488,0.694308005554464
613,231436,1000000008,0.000231436001851488,0.694308005554464
614,231436,1000000008,0.000231436001851488,0.694308005554464
615,231424,1000000008,0.000231424001851392,0.694272005554176
616,231424,1000000008,0.000231424001851392,0.694272005554176
617,231424,1000000008,0.000231424001851392,0.694272005554176
618,231424,1000000008,0.000231424001851392,0.694272005554176
619,231424,1000000008,0.000231424001851392,0.694272005554176
620,231424,1000000008,0.000231424001851392,0.694272005554176
621,231424,1000000008,0.000231424001851392,0.694272005554176
622,231424,1000000008,0.000231424001851392,0.694272005554176
623,231424,1000000008,0.000231424001851392,0.694272005554176
624,231436,1000000008,0.000231436001851488,0.694308005554464
625,231436,1000000008,0.000231436001851488,0.694308005554464
626,231436,1000000008,0.000231436001851488,0.694308005554464
627,231436,1000000008,0.000231436001851488,0.694308005554464
628,231436,1000000008,0.000231436001851488,0.694308005554464
629,231436,1000000008,0.000231436001851488,0.694308005554464
630,231436,1000000008,0.000231436001851488,0.694308005554464
631,231436,1000000008,0.000231436001851488,0.694308005554464
632,231436,1000000008,0.000231436001851488,0.694308005554464
633,231436,1000000008,0.000231436001851488,0.694308005554464
634,231436,1000000008,0.000231436001851488,0.694308005554464
635,231436,1000000008,0.000231436001851488,0.694308005554464
636,231436,1000000008,0.000231436001851488,0.694308005554464
637,231436,1000000008,0.000231436001851488,0.694308005554464
638,231436,1000000008,0.000231436001851488,0.694308005554464
639,231436,1000000008,0.000231436001851488,0.694308005554464
640,231436,1000000008,0.000231436001851488,0.694308005554464
641,231436,1000000008,0.000231436001851488,0.694308005554464
642,231436,1000000008,0.000231436001851488,0.694308005554464
643,231436,1000000008,0.000231436001851488,0.694308005554464
644,231436,1000000008,0.000231436001851488,0.694308005554464
645,231436,1000000008,0.000231436001851488,0.694308005554464
646,231436,1000000008,0.000231436001851488,0.694308005554464
647,231436,1000000008,0.000231436001851488,0.694308005554464
648,231436,1000000008,0.000231436001851488,0.694308005554464
649,231436,1000000008,0.000231436001851488,0.694308005554464
650,231436,1000000008,0.000231436001851488,0.694308005554464
651,231436,1000000008,0.000231436001851488,0.694308005554464
652,231436,1000000008,0.000231436001851488,0.694308005554464
653,231436,1000000008,0.000231436001851488,0.694308005554464
654,231436,1000000008,0.000231436001851488,0.694308005554464
655,231436,1000000008,0.000231436001851488,0.694308005554464
656,231436,1000000008,0.000231436001851488,0.694308005554464
657,231436,1000000008,0.000231436001851488,0.694308005554464
658,231436,1000000008,0.000231436001851488,0.694308005554464
659,231436,1000000008,0.000231436001851488,0.694308005554464
660,231436,1000000008,0.000231436001851488,0.694308005554464
661,231436,1000000008,0.000231436001851488,0.694308005554464
662,231436,1000000008,0.000231436001851488,0.694308005554464
663,231436,1000000008,0.000231436001851488,0.694308005554464
664,231436,1000000008,0.000231436001851488,0.694308005554464
665,231436,1000000008,0.000231436001851488,0.694308005554464
666,231436,1000000008,0.000231436001851488,0.694308005554464
667,231436,1000000008,0.000231436001851488,0.694308005554464
668,231436,1000000008,0.000231436001851488,0.694308005554464
669,231436,1000000008,0.000231436001851488,0.694308005554464
670,231436,1000000008,0.000231436001851488,0.694308005554464
671,231436,1000000008,0.000231436001851488,0.694308005554464
672,231436,1000000008,0.000231436001851488,0.694308005554464
673,231436,1000000008,0.000231436001851488,0.694308005554464
674,231436,1000000008,0.000231436001851488,0.694308005554464
675,231424,1000000008,0.000231424001851392,0.694272005554176
676,231424,1000000008,0.000231424001851392,0.694272005554176
677,231424,1000000008,0.000231424001851392,0.694272005554176
678,231424,1000000008,0.000231424001851392,0.694272005554176
679,231424,1000000008,0.000231424001851392,0.694272005554176
680,231424,1000000008,0.000231424001851392,0.694272005554176
681,231424,1000000008,0.000231424001851392,0.694272005554176
682,231424,1000000008,0.000231424001851392,0.694272005554176
683,231424,1000000008,0.000231424001851392,0.694272005554176
684,231436,1000000008,0.000231436001851488,0.694308005554464
685,231436,1000000008,0.000231436001851488,0.694308005554464
686,231436,1000000008,0.000231436001851488,0.694308005554464
687,231436,1000000008,0.000231436001851488,0.694308005554464
688,231436,1000000008,0.000231436001851488,0.694308005554464
689,231436,1000000008,0.000231436001851488,0.694308005554464
690,231436,1000000008,0.000231436001851488,0.694308005554464
691,231436,1000000008,0.000231436001851488,0.694308005554464
692,231436,1000000008,0.000231436001851488,0.694308005554464
693,231436,1000000008,0.000231436001851488,0.694308005554464
694,231436,1000000008,0.000231436001851488,0.694308005554464
695,231436,1000000008,0.000231436001851488,0.694308005554464
696,231436,1000000008,0.000231436001851488,0.694308005554464
697,231436,1000000008,0.000231436001851488,0.694308005554464
698,231436,1000000008,0.000231436001851488,0.694308005554464
699,231436,1000000008,0.000231436001851488,0.694308005554464
700,231436,1000000008,0.000231436001851488,0.694308005554464
701,231436,1000000008,0.000231436001851488,0.694308005554464
702,231436,1000000008,0.000231436001851488,0.694308005554464
703,231436,1000000008,0.000231436001851488,0.694308005554464
704,231436,1000000008,0.000231436001851488,0.694308005554464
705,231424,1000000008,0.000231424001851392,0.694272005554176
706,231424,1000000008,0.000231424001851392,0.694272005554176
707,231424,1000000008,0.000231424001851392,0.694272005554176
708,231424,1000000008,0.000231424001851392,0.694272005554176
709,231424,1000000008,0.000231424001851392,0.694272005554176
710,231424,1000000008,0.000231424001851392,0.694272005554176
711,231424,1000000008,0.000231424001851392,0.694272005554176
712,231424,1000000008,0.000231424001851392,0.694272005554176
713,231424,1000000008,0.000231424001851392,0.694272005554176
714,231436,1000000008,0.000231436001851488,0.694308005554464
715,231436,1000000008,0.000231436001851488,0.694308005554464
716,231436,1000000008,0.000231436001851488,0.694308005554464
717,231436,1000000008,0.000231436001851488,0.694308005554464
718,231436,1000000008,0.000231436001851488,0.694308005554464
719,231436,1000000008,0.000231436001851488,0.694308005554464
720,231436,1000000008,0.000231436001851488,0.694308005554464
721,231436,1000000008,0.000231436001851488,0.694308005554464
722,231436,1000000008,0.000231436001851488,0.694308005554464
723,231436,1000000008,0.000231436001851488,0.694308005554464
724,231436,1000000008,0.000231436001851488,0.694308005554464
725,231436,1000000008,0.000231436001851488,0.694308005554464
726,231436,1000000008,0.000231436001851488,0.694308005554464
727,231436,1000000008,0.000231436001851488,0.694308005554464
728,231436,1000000008,0.000231436001851488,0.694308005554464
729,231436,1000000008,0.000231436001851488,0.694308005554464
730,231436,1000000008,0.000231436001851488,0.694308005554464
731,231436,1000000008,0.000231436001851488,0.694308005554464
732,231436,1000000008,0.000231436001851488,0.694308005554464
733,231436,1000000008,0.000231436001851488,0.694308005554464
734,231436,1000000008,0.000231436001851488,0.694308005554464
735,231436,1000000008,0.000231436001851488,0.694308005554464
736,231436,1000000008,0.000231436001851488,0.694308005554464
737,231436,1000000008,0.000231436001851488,0.694308005554464
738,231436,1000000008,0.000231436001851488,0.694308005554464
739,231436,1000000008,0.000231436001851488,0.694308005554464
740,231436,1000000008,0.000231436001851488,0.694308005554464
741,231436,1000000008,0.000231436001851488,0.694308005554464
742,231436,1000000008,0.000231436001851488,0.694308005554464
743,231436,1000000008,0.000231436001851488,0.694308005554464
744,231436,1000000008,0.000231436001851488,0.694308005554464
745,231436,1000000008,0.000231436001851488,0.694308005554464
746,231436,1000000008,0.000231436001851488,0.694308005554464
747,231436,1000000008,0.000231436001851488,0.694308005554464
748,231436,1000000008,0.000231436001851488,0.694308005554464
749,231436,1000000008,0.000231436001851488,0.694308005554464
750,231436,1000000008,0.000231436001851488,0.694308005554464
751,231436,1000000008,0.000231436001851488,0.694308005554464
752,231436,1000000008,0.000231436001851488,0.694308005554464
753,231436,1000000008,0.000231436001851488,0.694308005554464
754,231436,1000000008,0.000231436001851488,0.694308005554464
755,231436,1000000008,0.000231436001851488,0.694308005554464
756,231436,1000000008,0.000231436001851488,0.694308005554464
757,231436,1000000008,0.000231436001851488,0.694308005554464
758,231436,1000000008,0.000231436001851488,0.694308005554464
759,231436,1000000008,0.000231436001851488,0.694308005554464
760,231424,1000000008,0.000231424001851392,0.694272005554176
761,231424,1000000008,0.000231424001851392,0.694272005554176
762,231424,1000000008,0.000231424001851392,0.694272005554176
763,231424,1000000008,0.000231424001851392,0.694272005554176
764,231424,1000000008,0.000231424001851392,0.694272005554176
765,231424,1000000008,0.000231424001851392,0.694272005554176
766,231424,1000000008,0.000231424001851392,0.694272005554176
767,231424,1000000008,0.000231424001851392,0.694272005554176
768,231424,1000000008,0.000231424001851392,0.694272005554176
769,231436,1000000008,0.000231436001851488,0.694308005554464
770,231436,1000000008,0.000231436001851488,0.694308005554464
771,231436,1000000008,0.000231436001851488,0.694308005554464
772,231436,1000000008,0.000231436001851488,0.694308005554464
773,231436,1000000008,0.000231436001851488,0.694308005554464
774,231436,1000000008,0.000231436001851488,0.694308005554464
775,231436,1000000008,0.000231436001851488,0.694308005554464
776,231436,1000000008,0.000231436001851488,0.694308005554464
777,231436,1000000008,0.000231436001851488,0.694308005554464
778,231436,1000000008,0.000231436001851488,0.694308005554464
779,231436,1000000008,0.000231436001851488,0.694308005554464
780,231436,1000000008,0.000231436001851488,0.694308005554464
781,231436,1000000008,0.000231436001851488,0.694308005554464
782,231436,1000000008,0.000231436001851488,0.694308005554464
783,231436,1000000008,0.000231436001851488,0.694308005554464
784,231436,1000000008,0.000231436001851488,0.694308005554464
785,231436,1000000008,0.000231436001851488,0.694308005554464
786,231436,1000000008,0.000231436001851488,0.694308005554464
787,231436,1000000008,0.000231436001851488,0.694308005554464
788,231436,1000000008,0.000231436001851488,0.694308005554464
789,231436,1000000008,0.000231436001851488,0.694308005554464
790,231436,1000000008,0.000231436001851488,0.694308005554464
791,231436,1000000008,0.000231436001851488,0.694308005554464
792,231436,1000000008,0.000231436001851488,0.694308005554464
793,231436,1000000008,0.000231436001851488,0.694308005554464
794,231436,1000000008,0.000231436001851488,0.694308005554464
795,231436,1000000008,0.000231436001851488,0.694308005554464
796,231436,1000000008,0.000231436001851488,0.694308005554464
797,231436,1000000008,0.000231436001851488,0.694308005554464
798,231436,1000000008,0.000231436001851488,0.694308005554464
799,231436,1000000008,0.000231436001851488,0.694308005554464
800,231436,1000000008,0.000231436001851488,0.694308005554464
801,231436,1000000008,0.000231436001851488,0.694308005554464
802,231436,1000000008,0.000231436001851488,0.694308005554464
803,231436,1000000008,0.000231436001851488,0.694308005554464
804,231436,1000000008,0.000231436001851488,0.694308005554464
805,231436,1000000008,0.000231436001851488,0.694308005554464
806,231436,1000000008,0.000231436001851488,0.694308005554464
807,231436,1000000008,0.000231436001851488,0.694308005554464
808,231436,1000000008,0.000231436001851488,0.694308005554464
809,231436,1000000008,0.000231436001851488,0.694308005554464
810,231436,1000000008,0.000231436001851488,0.694308005554464
811,231436,1000000008,0.000231436001851488,0.694308005554464
812,231436,1000000008,0.000231436001851488,0.694308005554464
813,231436,1000000008,0.000231436001851488,0.694308005554464
814,231436,1000000008,0.000231436001851488,0.694308005554464
815,231424,1000000008,0.000231424001851392,0.694272005554176
816,231424,1000000008,0.000231424001851392,0.694272005554176
817,231424,1000000008,0.000231424001851392,0.694272005554176
818,231424,1000000008,0.000231424001851392,0.694272005554176
819,231424,1000000008,0.000231424001851392,0.694272005554176
820,231424,1000000008,0.000231424001851392,0.694272005554176
821,231424,1000000008,0.000231424001851392,0.694272005554176
822,231424,1000000008,0.000231424001851392,0.694272005554176
823,231424,1000000008,0.000231424001851392,0.694272005554176
824,231436,1000000008,0.000231436001851488,0.694308005554464
825,231436,1000000008,0.000231436001851488,0.694308005554464
826,231436,1000000008,0.000231436001851488,0.694308005554464
827,231436,1000000008,0.000231436001851488,0.694308005554464
828,231436,1000000008,0.000231436001851488,0.694308005554464
829,231436,1000000008,0.000231436001851488,0.694308005554464
830,231436,1000000008,0.000231436001851488,0.694308005554464
831,231436,1000000008,0.000231436001851488,0.694308005554464
832,231436,1000000008,0.000231436001851488,0.694308005554464
833,231436,1000000008,0.000231436001851488,0.694308005554464
834,231436,1000000008,0.000231436001851488,0.694308005554464
835,231436,1000000008,0.000231436001851488,0.694308005554464
836,231436,1000000008,0.000231436001851488,0.694308005554464
837,231436,1000000008,0.000231436001851488,0.694308005554464
838,231436,1000000008,0.000231436001851488,0.694308005554464
839,231436,1000000008,0.000231436001851488,0.694308005554464
840,231436,1000000008,0.000231436001851488,0.694308005554464
841,231436,1000000008,0.000231436001851488,0.694308005554464
842,231436,1000000008,0.000231436001851488,0.694308005554464
843,231436,1000000008,0.000231436001851488,0.694308005554464
844,231436,1000000008,0.000231436001851488,0.694308005554464
845,231436,1000000008,0.000231436001851488,0.694308005554464
846,231436,1000000008,0.000231436001851488,0.694308005554464
847,231436,1000000008,0.000231436001851488,0.694308005554464
848,231436,1000000008,0.000231436001851488,0.694308005554464
849,231436,1000000008,0.000231436001851488,0.694308005554464
850,231436,1000000008,0.000231436001851488,0.694308005554464
851,231436,1000000008,0.000231436001851488,0.694308005554464
852,231436,1000000008,0.000231436001851488,0.694308005554464
853,231436,1000000008,0.000231436001851488,0.694308005554464
854,231436,1000000008,0.000231436001851488,0.694308005554464
855,231436,1000000008,0.000231436001851488,0.694308005554464
856,231436,1000000008,0.000231436001851488,0.694308005554464
857,231436,1000000008,0.000231436001851488,0.694308005554464
858,231436,1000000008,0.000231436001851488,0.694308005554464
859,231436,1000000008,0.000231436001851488,0.694308005554464
860,231436,1000000008,0.000231436001851488,0.694308005554464
861,231436,1000000008,0.000231436001851488,0.694308005554464
862,231436,1000000008,0.000231436001851488,0.694308005554464
863,231436,1000000008,0.000231436001851488,0.694308005554464
864,231436,1000000008,0.000231436001851488,0.694308005554464
865,231436,1000000008,0.000231436001851488,0.694308005554464
866,231436,1000000008,0.000231436001851488,0.694308005554464
867,231436,1000000008,0.000231436001851488,0.694308005554464
868,231436,1000000008,0.000231436001851488,0.694308005554464
869,231436,1000000008,0.000231436001851488,0.694308005554464
870,231424,1000000008,0.000231424001851392,0.694272005554176
871,231424,1000000008,0.000231424001851392,0.694272005554176
872,231424,1000000008,0.000231424001851392,0.694272005554176
873,231424,1000000008,0.000231424001851392,0.694272005554176
874,231424,1000000008,0.000231424001851392,0.694272005554176
875,231424,1000000008,0.000231424001851392,0.694272005554176
876,231424,1000000008,0.000231424001851392,0.694272005554176
877,231424,1000000008,0.000231424001851392,0.694272005554176
878,231424,1000000008,0.000231424001851392,0.694272005554176
879,231436,1000000008,0.000231436001851488,0.694308005554464
880,231436,1000000008,0.000231436001851488,0.694308005554464
881,231436,1000000008,0.000231436001851488,0.694308005554464
882,231436,1000000008,0.000231436001851488,0.694308005554464
883,231436,1000000008,0.000231436001851488,0.694308005554464
884,231436,1000000008,0.000231436001851488,0.694308005554464
885,231436,1000000008,0.000231436001851488,0.694308005554464
886,231436,1000000008,0.000231436001851488,0.694308005554464
887,231436,1000000008,0.000231436001851488,0.694308005554464
888,231436,1000000008,0.000231436001851488,0.694308005554464
889,231436,1000000008,0.000231436001851488,0.694308005554464
890,231436,1000000008,0.000231436001851488,0.694308005554464
891,231436,1000000008,0.000231436001851488,0.694308005554464
892,231436,1000000008,0.000231436001851488,0.694308005554464
893,231436,1000000008,0.000231436001851488,0.694308005554464
894,231436,1000000008,0.000231436001851488,0.694308005554464
895,231436,1000000008,0.000231436001851488,0.694308005554464
896,231436,1000000008,0.000231436001851488,0.694308005554464
897,231436,1000000008,0.000231436001851488,0.694308005554464
898,231436,1000000008,0.000231436001851488,0.694308005554464
899,231436,1000000008,0.000231436001851488,0.694308005554464
900,231436,1000000008,0.000231436001851488,0.694308005554464
901,231436,1000000008,0.000231436001851488,0.694308005554464
902,231436,1000000008,0.000231436001851488,0.694308005554464
903,231436,1000000008,0.000231436001851488,0.694308005554464
904,231436,1000000008,0.000231436001851488,0.694308005554464
905,231436,1000000008,0.000231436001851488,0.694308005554464
906,231436,1000000008,0.000231436001851488,0.694308005554464
907,231436,1000000008,0.000231436001851488,0.694308005554464
908,231436,1000000008,0.000231436001851488,0.694308005554464
909,231436,1000000008,0.000231436001851488,0.694308005554464
910,231436,1000000008,0.000231436001851488,0.694308005554464
911,231436,1000000008,0.000231436001851488,0.694308005554464
912,231436,1000000008,0.000231436001851488,0.694308005554464
913,231436,1000000008,0.000231436001851488,0.694308005554464
914,231436,1000000008,0.000231436001851488,0.694308005554464
915,231436,1000000008,0.000231436001851488,0.694308005554464
916,231436,1000000008,0.000231436001851488,0.694308005554464
917,231436,1000000008,0.000231436001851488,0.694308005554464
918,231436,1000000008,0.000231436001851488,0.694308005554464
919,231436,1000000008,0.000231436001851488,0.694308005554464
920,231436,1000000008,0.000231436001851488,0.694308005554464
921,231436,1000000008,0.000231436001851488,0.694308005554464
922,231436,1000000008,0.000231436001851488,0.694308005554464
923,231436,1000000008,0.000231436001851488,0.694308005554464
924,231436,1000000008,0.000231436001851488,0.694308005554464
925,231424,1000000008,0.000231424001851392,0.694272005554176
926,231424,1000000008,0.000231424001851392,0.694272005554176
927,231424,1000000008,0.000231424001851392,0.694272005554176
928,231424,1000000008,0.000231424001851392,0.694272005554176
929,231424,1000000008,0.000231424001851392,0.694272005554176
930,231424,1000000008,0.000231424001851392,0.694272005554176
931,231424,1000000008,0.000231424001851392,0.694272005554176
932,231424,1000000008,0.000231424001851392,0.694272005554176
933,231424,1000000008,0.000231424001851392,0.694272005554176
934,231436,1000000008,0.000231436001851488,0.694308005554464
935,231436,1000000008,0.000231436001851488,0.694308005554464
936,231436,1000000008,0.000231436001851488,0.694308005554464
937,231436,1000000008,0.000231436001851488,0.694308005554464
938,231436,1000000008,0.000231436001851488,0.694308005554464
939,231436,1000000008,0.000231436001851488,0.694308005554464
940,231436,1000000008,0.000231436001851488,0.694308005554464
941,231436,1000000008,0.000231436001851488,0.694308005554464
942,231436,1000000008,0.000231436001851488,0.694308005554464
943,231436,1000000008,0.000231436001851488,0.694308005554464
944,231436,1000000008,0.000231436001851488,0.694308005554464
945,231436,1000000008,0.000231436001851488,0.694308005554464
946,231436,1000000008,0.000231436001851488,0.694308005554464
947,231436,1000000008,0.000231436001851488,0.694308005554464
948,231436,1000000008,0.000231436001851488,0.694308005554464
949,231436,1000000008,0.000231436001851488,0.694308005554464
950,231436,1000000008,0.000231436001851488,0.694308005554464
951,231436,1000000008,0.000231436001851488,0.694308005554464
952,231436,1000000008,0.000231436001851488,0.694308005554464
953,231436,1000000008,0.000231436001851488,0.694308005554464
954,231436,1000000008,0.000231436001851488,0.694308005554464
955,231436,1000000008,0.000231436001851488,0.694308005554464
956,231436,1000000008,0.000231436001851488,0.694308005554464
957,231436,1000000008,0.000231436001851488,0.694308005554464
958,231436,1000000008,0.000231436001851488,0.694308005554464
959,231436,1000000008,0.000231436001851488,0.694308005554464
960,231436,1000000008,0.000231436001851488,0.694308005554464
961,231436,1000000008,0.000231436001851488,0.694308005554464
962,231436,1000000008,0.000231436001851488,0.694308005554464
963,231436,1000000008,0.000231436001851488,0.694308005554464
964,231436,1000000008,0.000231436001851488,0.694308005554464
965,231436,1000000008,0.000231436001851488,0.694308005554464
966,231436,1000000008,0.000231436001851488,0.694308005554464
967,231436,1000000008,0.000231436001851488,0.694308005554464
968,231436,1000000008,0.000231436001851488,0.694308005554464
969,231436,1000000008,0.000231436001851488,0.694308005554464
970,231436,1000000008,0.000231436001851488,0.694308005554464
971,231436,1000000008,0.000231436001851488,0.694308005554464
972,231436,1000000008,0.000231436001851488,0.694308005554464
973,231436,1000000008,0.000231436001851488,0.694308005554464
974,231436,1000000008,0.000231436001851488,0.694308005554464
975,231436,1000000008,0.000231436001851488,0.694308005554464
976,231436,1000000008,0.000231436001851488,0.694308005554464
977,231436,1000000008,0.000231436001851488,0.694308005554464
978,231436,1000000008,0.000231436001851488,0.694308005554464
979,231436,1000000008,0.000231436001851488,0.694308005554464
980,231424,1000000008,0.000231424001851392,0.694272005554176
981,231424,1000000008,0.000231424001851392,0.694272005554176
982,231424,1000000008,0.000231424001851392,0.694272005554176
983,231424,1000000008,0.000231424001851392,0.694272005554176
984,231424,1000000008,0.000231424001851392,0.694272005554176
985,231424,1000000008,0.000231424001851392,0.694272005554176
986,231424,1000000008,0.000231424001851392,0.694272005554176
987,231424,1000000008,0.000231424001851392,0.694272005554176
988,231424,1000000008,0.000231424001851392,0.694272005554176
989,231436,1000000008,0.000231436001851488,0.694308005554464
990,231436,1000000008,0.000231436001851488,0.694308005554464
991,231436,1000000008,0.000231436001851488,0.694308005554464
992,231436,1000000008,0.000231436001851488,0.694308005554464
993,231436,1000000008,0.000231436001851488,0.694308005554464
994,231436,1000000008,0.000231436001851488,0.694308005554464
995,231436,1000000008,0.000231436001851488,0.694308005554464
996,231436,1000000008,0.000231436001851488,0.694308005554464
997,231436,1000000008,0.000231436001851488,0.694308005554464
998,231436,1000000008,0.000231436001851488,0.694308005554464
999,231436,1000000008,0.000231436001851488,0.694308005554464
1000,231436,1000000008,0.000231436001851488,0.694308005554464
1001,231436,1000000008,0.000231436001851488,0.694308005554464
1002,231436,1000000008,0.000231436001851488,0.694308005554464
1003,231436,1000000008,0.000231436001851488,0.694308005554464
1004,231436,1000000008,0.000231436001851488,0.694308005554464
1005,231436,1000000008,0.000231436001851488,0.694308005554464
1006,231436,1000000008,0.000231436001851488,0.694308005554464
1007,231436,1000000008,0.000231436001851488,0.694308005554464
1008,231436,1000000008,0.000231436001851488,0.694308005554464
1009,231436,1000000008,0.000231436001851488,0.694308005554464
1010,231436,1000000008,0.000231436001851488,0.694308005554464
1011,231436,1000000008,0.000231436001851488,0.694308005554464
1012,231436,1000000008,0.000231436001851488,0.694308005554464
1013,231436,1000000008,0.000231436001851488,0.694308005554464
1014,231436,1000000008,0.000231436001851488,0.694308005554464
1015,231436,1000000008,0.000231436001851488,0.694308005554464
1016,231436,1000000008,0.000231436001851488,0.694308005554464
1017,231436,1000000008,0.000231436001851488,0.694308005554464
1018,231436,1000000008,0.000231436001851488,0.694308005554464
1019,231436,1000000008,0.000231436001851488,0.694308005554464
1020,231436,1000000008,0.000231436001851488,0.694308005554464
1021,231436,1000000008,0.000231436001851488,0.694308005554464
1022,231436,1000000008,0.000231436001851488,0.694308005554464
1023,231424,1000000008,0.000231424001851392,0.694272005554176
1024,231424,1000000008,0.000231424001851392,0.694272005554176
1025,231424,1000000008,0.000231424001851392,0.694272005554176
1026,231424,1000000008,0.000231424001851392,0.694272005554176
1027,231424,1000000008,0.000231424001851392,0.694272005554176
1028,231424,1000000008,0.000231424001851392,0.694272005554176
1029,231424,1000000008,0.000231424001851392,0.694272005554176
1030,231424,1000000008,0.000231424001851392,0.694272005554176
1031,231424,1000000008,0.000231424001851392,0.694272005554176
1032,231436,1000000008,0.000231436001851488,0.694308005554464
1033,231436,1000000008,0.000231436001851488,0.694308005554464
1034,231436,1000000008,0.000231436001851488,0.694308005554464
1035,231436,1000000008,0.000231436001851488,0.694308005554464
1036,231436,1000000008,0.000231436001851488,0.694308005554464
1037,231436,1000000008,0.000231436001851488,0.694308005554464
1038,231436,1000000008,0.000231436001851488,0.694308005554464
1039,231436,1000000008,0.000231436001851488,0.694308005554464
1040,231436,1000000008,0.000231436001851488,0.694308005554464
1041,231436,1000000008,0.000231436001851488,0.694308005554464
1042,231436,1000000008,0.000231436001851488,0.694308005554464
1043,231436,1000000008,0.000231436001851488,0.694308005554464
1044,231436,1000000008,0.000231436001851488,0.694308005554464
1045,231436,1000000008,0.000231436001851488,0.694308005554464
1046,231436,1000000008,0.000231436001851488,0.694308005554464
1047,231436,1000000008,0.000231436001851488,0.694308005554464
1048,231436,1000000008,0.000231436001851488,0.694308005554464
1049,231436,1000000008,0.000231436001851488,0.694308005554464
1050,231436,1000000008,0.000231436001851488,0.694308005554464
1051,231436,1000000008,0.000231436001851488,0.694308005554464
1052,231436,1000000008,0.000231436001851488,0.694308005554464
1053,231436,1000000008,0.000231436001851488,0.694308005554464
1054,231436,1000000008,0.000231436001851488,0.694308005554464
1055,231436,1000000008,0.000231436001851488,0.694308005554464
1056,231436,1000000008,0.000231436001851488,0.694308005554464
1057,231436,1000000008,0.000231436001851488,0.694308005554464
1058,231436,1000000008,0.000231436001851488,0.694308005554464
1059,231436,1000000008,0.000231436001851488,0.694308005554464
1060,231436,1000000008,0.000231436001851488,0.694308005554464
1061,231436,1000000008,0.000231436001851488,0.694308005554464
1062,231436,1000000008,0.000231436001851488,0.694308005554464
1063,231436,1000000008,0.000231436001851488,0.694308005554464
1064,231436,1000000008,0.000231436001851488,0.694308005554464
1065,231436,1000000008,0.000231436001851488,0.694308005554464
1066,231436,1000000008,0.000231436001851488,0.694308005554464
1067,231436,1000000008,0.000231436001851488,0.694308005554464
1068,231424,1000000008,0.000231424001851392,0.694272005554176
1069,231424,1000000008,0.000231424001851392,0.694272005554176
1070,231424,1000000008,0.000231424001851392,0.694272005554176
1071,231424,1000000008,0.000231424001851392,0.694272005554176
1072,231424,1000000008,0.000231424001851392,0.694272005554176
1073,231424,1000000008,0.000231424001851392,0.694272005554176
1074,231424,1000000008,0.000231424001851392,0.694272005554176
1075,231424,1000000008,0.000231424001851392,0.694272005554176
1076,231424,1000000008,0.000231424001851392,0.694272005554176
1077,231436,1000000008,0.000231436001851488,0.694308005554464
1078,231436,1000000008,0.000231436001851488,0.694308005554464
1079,231436,1000000008,0.000231436001851488,0.694308005554464
1080,231436,1000000008,0.000231436001851488,0.694308005554464
1081,231436,1000000008,0.000231436001851488,0.694308005554464
1082,231436,1000000008,0.000231436001851488,0.694308005554464
1083,231436,1000000008,0.000231436001851488,0.694308005554464
1084,231436,1000000008,0.000231436001851488,0.694308005554464
1085,231436,1000000008,0.000231436001851488,0.694308005554464
1086,231436,1000000008,0.000231436001851488,0.694308005554464
1087,231436,1000000008,0.000231436001851488,0.694308005554464
1088,231436,1000000008,0.000231436001851488,0.694308005554464
1089,231436,1000000008,0.000231436001851488,0.694308005554464
1090,231436,1000000008,0.000231436001851488,0.694308005554464
1091,231436,1000000008,0.000231436001851488,0.694308005554464
1092,231436,1000000008,0.000231436001851488,0.694308005554464
1093,231436,1000000008,0.000231436001851488,0.694308005554464
1094,231436,1000000008,0.000231436001851488,0.694308005554464
1095,231436,1000000008,0.000231436001851488,0.694308005554464
1096,231436,1000000008,0.000231436001851488,0.694308005554464
1097,231436,1000000008,0.000231436001851488,0.694308005554464
1098,231436,1000000008,0.000231436001851488,0.694308005554464
1099,231436,1000000008,0.000231436001851488,0.694308005554464
1100,231436,1000000008,0.000231436001851488,0.694308005554464
1101,231436,1000000008,0.000231436001851488,0.694308005554464
1102,231436,1000000008,0.000231436001851488,0.694308005554464
1103,231436,1000000008,0.000231436001851488,0.694308005554464
1104,231436,1000000008,0.000231436001851488,0.694308005554464
1105,231436,1000000008,0.000231436001851488,0.694308005554464
1106,231436,1000000008,0.000231436001851488,0.694308005554464
1107,231436,1000000008,0.000231436001851488,0.694308005554464
1108,231436,1000000008,0.000231436001851488,0.694308005554464
1109,231436,1000000008,0.000231436001851488,0.694308005554464
1110,231436,1000000008,0.000231436001851488,0.694308005554464
1111,231436,1000000008,0.000231436001851488,0.694308005554464
1112,231436,1000000008,0.000231436001851488,0.694308005554464
1113,231436,1000000008,0.000231436001851488,0.694308005554464
1114,231436,1000000008,0.000231436001851488,0.694308005554464
1115,231436,1000000008,0.000231436001851488,0.694308005554464
1116,231436,1000000008,0.000231436001851488,0.694308005554464
1117,231436,1000000008,0.000231436001851488,0.694308005554464
