tx_hash,block,gas_used,effective_gas_price
9d4e0f621e59a58bb1e273b036299c4e836d8c40fe4643cfe64d16a1ab59497f,2,231412,1771980767
04a1ac6eb8811e4bb59095d525408cd3a25f396ed477f0ec220d679382d2c4c6,3,231412,1676971885
4e7d0f129febbd0666523eda137c62336a58b633ae3ac1c6f45f8dc87d7f4088,4,231412,1593655895
44dd171e0f566787c826e9b884027578ee7882a15137223669cff1333f35a807,5,231412,1520593734
06a277a3bba8c478c2051facd140b8fbc0016f882eeb1a8c35450ca3f47b3a51,6,231412,1456523448
3ddd4a45eb937a738cec22b7afa75798ac8ca042cc9012f7f02be37a4c7dc5a2,7,231412,1400338393
e16faaae91ccc3160fb0c3215dafabb9fb4567c5c6d62b2a8a6bda4d48b2549d,8,231412,1351068120
cff85738b91cc39a68e14e15cfb8b4e129d36d25a01a0e16eba49c252bb78254,9,231412,1307861617
d5cc180144c1c25045e5fc9822d353a4f679f00c9e322b1dde8ad7091f98ed8b,10,231412,1269972606
c2e4df09ae67d37f5eb11e4eeb7464dd819a06fb084eeec45629f99fdc7648dd,11,231424,1236746655
2eaf85779d1ba51e1dd9e569d9a9396b7526e5e89972e86ef22f1b47506dce6f,12,231424,1207609897
2593ad62251ad2e30ecdb8c34cdf4924ebf46961160137d3b135174bcb1dde8b,13,231424,1182059043
cf4f1b8fb5012c1e5c4083590a775e20aa68867fa294a70bcf6cace0d04552b6,14,231424,1159652770
479b4b3853987faa1e8669bf2111e38be70ef389ffeff0da47ad4292a81907aa,15,231424,1140004070
b8d7d3ea11d992f6cd52678a9d3510c2dbf4df93b6ac5ff30387897eccfa501d,16,231424,1122773564
9ad673d9905028750871bb339593e89283fe671c5105d29c946c13f3e3d7ae95,17,231424,1107663642
9b6ff8da999aac38edea2aa6f92576f46803e9c90f47742db4082d5f9f68c672,18,231424,1094413320
2639bad260f45e3ce5b6389afe77fa63c5b2a85f8d898abb116efe0345e217dd,19,231424,1082793735
dcbda952c4be2c9db97eaed04b2a74cb95eee58c819772744a979018b64f05f6,20,231424,1072604189
a59530f06ebeee30775c265e15c2ee201e6bd3f0c9ec4f69fac073da21d5b78b,21,231424,1063668685
c40c9f7a2c500b649268db561e1b6f213f6013f8b9f23f279d97cf6d0c1c3c6e,22,231424,1055832887
4093d4adf5719bff25cb510da1fa9dacb6f9ca74db68a209710641c42682071f,23,231424,1048961452
75d5749d75d5037e4d02fd72d75c27040d1cdaf4db7eb74511dccf5aebf969a8,24,231424,1042935695
96f22841a6b5547a9e2867834fdbe059a7cf197dadfd5a3288af10782325fb3e,25,231424,1037651537
8aa452038b374964e8a470a382676e5b0df909e6226aa56cdeaeb19ce1378766,26,231424,1033017708
a139248da616db0ff3255f32f0adc059f4332ab84dd142a6d8dd248ff87094bc,27,231424,1028954171
10f807ceabd1038d0a16b65ce328501a1c9945d3a1780d672be5422a82a8ec55,28,231424,1025390739
6f1af32bf62604b4a34a494fb638eab6270f16e8a11b6eba3602a4e63413574c,29,231424,1022265864
0b99c0b06c898fd5d1e988f955aa1a2abae6e7cfa85dd7a73f56e3c726016d83,30,231424,1019525572
0b59d4a9c12bb4e5470fdc176f09f4b9eed198a432622eb5d235a1dfca25c844,31,231424,1017122532
99a305e2173a56899caf9999a978ec7217beaa42a9a29652322c849e70664d44,32,231424,1015015237
38c30626a4e788bb1abb2c253dce220c58a27d2ac3fbe873d67eb4bbc2c895b8,33,231424,1013167290
24300a190d274d1a46c1c928deed473482c3b3e74182e57879afb84ce76b5225,34,231424,1011546773
d08ea966d3d76a9cc5d9f6978e0c8f3c16ada53e248d2f4d0f54e9038ee1daea,35,231424,1010125695
6159cad71c091a72ccc6349e07085252cd40e603f0ab15902276f2dcc2bb87de,36,231424,1008879511
c5f2374574ee9df986d117ce182b4ce45fbee9cebfae2ee827b3bcab389827a9,37,231424,1007786697
bee9893468af4a6131acc5def5fc54386afe653a293915aa404b8430fac0ba82,38,231424,1006828377
59d505acc4b1cb9a27f4238a588730387101b82c7020e0c938050448e3881165,39,231424,1005987999
92319df97f6286f8fd83ccc14085f1fc69671ce4c651dabac42d1719c01e058f,40,231424,1005251048
2b24355280ae012c3ca16819cb0614a7284462fe1a8422516871317257ef0d51,41,231424,1004604794
9cf56acd6cae1061f42aed5bdf176f4fd2f00380e21e29d8c75600d15bb8f5ce,42,231424,1004038076
3e426019ad6fa72500bcd1c349404bc4b28dc6e59b0a7413a7c38fd5dbded1f7,43,231424,1003541105
12a602ca79ead7f7b05bce83a63bb98a66a743de3e67f93943fb02d3f8cc94e5,44,231424,1003105297
56f05577b0b296c7c0ec109d59ecc9292aebcb86f8ca17501146fc37685d817e,45,231424,1002723124
f862a68a7a823021bfc8a0029d367d30b23023a61a20795f997f09a96890f1a8,46,231424,1002387986
d22b7f401c446cb747cd21c9c0174d5a9d4e6ea52486351251eccafb82d84bf0,47,231424,1002094094
a9267902680314d89f0caccc83f10ebb65b0be950421deb7a14bfa8e029bc521,48,231424,1001836371
9dcae1282bc787bae55cddbeed947ae16e5baac495bf2ad0016fc61fad45ea75,49,231424,1001610367
d5a1a134d67531cf8e83c91a0cc44f5bd8c03bad6ff632c1a2d13bea85863898,50,231424,1001412177
ea60f38430b69e10c75c1a448453349ddea44d011d964f6e15af393fe424d9cc,51,231424,1001238379
1e6167fee83cfe8222b19457d2b1fa319be0e30ec5f13d7b4cce18b152a58d5e,52,231412,1001085970
514efe2d84704a6b246696683f700024ea6ddde9089eb7a9add9cacda9753b60,53,231412,1000952318
445fc306604f728198b8a7657a0a30908a14086b845f1bc4881f27d4f310b08e,54,231412,1000835115
783a88d89fd190d1d235476dc8462d23e6110a881562dcdba3df65539cad138c,55,231412,1000732337
becc505e86c0019ab727e715bf10d62aa4f2c1500333c30ffb4fbbe7d393b9aa,56,231412,1000642208
8166f786420c83a08abb48754b9787f91aa68363c1b0eab9eb415215b39931c3,57,231412,1000563171
3799cf5c36616cb801306922cbc7fd4b732dcadfc857344b9aec3afa51c4b5d8,58,231412,1000493861
d44392beeafd895ebc776e94969b0322421ba138a85a0709a80bbaa2ea786492,59,231412,1000433081
e85e454b69c84527c8ff46714f2d9b6ffbbf7dcf2d47680e8e33a85edae5a191,60,231412,1000379782
7b8abf32ce3445abea11de423155de1374137b777e3a4e53b2871973a2222f51,61,231424,1000333042
be89e3d983902fa229b691395306e93d98c976a956dc93f481c9b4b89bdf7e3a,62,231424,1000292055
db41d029f8c5a9d7cf6448a079d9bf862476648916c4d10c16ecad7c6cd97bd8,63,231424,1000256112
c2780e9cc0a709da9324d2c1358a1d30be1ec7ff984468c6f1278cafd8849a34,64,231424,1000224592
1a03eaf2bbb0343cc9d444f8c6bdfcd5a7aea347260a4086ee42a750c5b64fec,65,231424,1000196952
f4e106195152a0bfd944fd2adad05b3d0a4aa79eea7bdc2d9deeed16008a4caf,66,231424,1000172713
762fd5d308ec3a9280c257bb537c9429fed20e009f06e8997e15faf445143c32,67,231424,1000151457
068e0632b0c33c2e733fd14e6ecdd191431fea8e3a5455930094342bc11cc05f,68,231424,1000132817
43283b24d44785b9558e8c62e295d4083494aa68f89df41ee646531ab813e9a4,69,231424,1000116472
619cd0804f964f60a6c67126b116d1d1bb91491e188f18e7206f8554edd7f810,70,231424,1000102138
51231adbed881aec1f8f063f3f435bb784a0420cfb90a4447f160e8471def24e,71,231424,1000089568
1e92a4390acbe5adb3a94e60011296e29f7fd3f31626aafb298303c4b3c3ec94,72,231424,1000078545
28a2ed640c0681334437fda5932025dfe7200b35d7426d9e06bc7ca2b7a3135a,73,231424,1000068879
2c264de1d97c5921e1616a4665e34e96a085b5f6046b688fa337e5d17c168ec5,74,231424,1000060402
6b016ed40a4a12abf566e9d236273fa8f7c9ccc317d017d0f0d77ae6be03d0bb,75,231424,1000052969
82e20001f1c7d4e5cac57ce38dc60872122b49ac771b4ad7b4f1bb2c9e1eab02,76,231424,1000046451
78e5151b38f719f7ffa15feaaa70b4c43cb9168a4c7340bb5daf69eae1bc79b9,77,231424,1000040735
ce81bdfe58ea2404e01cd268ea0c87de978b0a1cc3dd3783397561cc34919f2d,78,231424,1000035722
62fb0e8239ea75204fb255b14a5a2217d8443b86f04277c2912f88f4bc17a44b,79,231424,1000031326
f70a336e088e3879932bd0a45798e033157c54a9129f887f45f39597b50ff869,80,231424,1000027471
54a5d7442dbd3a789336f27090709e2eb27ecaf9d89b1104bb303d2cce427b7b,81,231424,1000024091
c5d08da899e7bb0ba107829580956b498a3d85ed1c57ece7de251c83b69276e8,82,231424,1000021127
090d38571c46ea2f5fd39e2327f52f6ca662b34c1fd9a01b5cc15cec14421562,83,231424,1000018527
7e46c8274326b285e9f26b741c401bea2178caee07da962891b61ac501454540,84,231424,1000016247
9bccb01022c3848c383bd97ea44a53c91bc2af5ae4b916102be4d9c91201f9e4,85,231424,1000014248
e26018055d79bbff668cad17a1ec37d83a9b593eb115472aefe11094f8b33b38,86,231424,1000012495
e701591e0e85315b1d73fe3bc88671824e0d7ab105e3f5af423a81fe9d3a99ef,87,231424,1000010958
09f95e837f3c50bd01eedc97447dfcf214370a25c956e638d51533968c86e484,88,231424,1000009610
0022faec8170dbe7dc873af19f8c982a3e6f9852517d1f60f0cbeec0f22fe2c1,89,231424,1000008428
703fedd2d9269e3d7366ac21c0135d3ea15e679e5310d7ab638fe5285e4c5e44,90,231424,1000007391
5ee431cff612d7ba2d08e8a90e301cbf946bd57d6d553058fcfe9bb4e86fc04a,91,231424,1000006482
097dc2450ac76fce66e95ef8b12d6368d94da0736055302070d9753cf4cc53a7,92,231424,1000005685
daa9c65c255d87ef86d710a7f27119523d3fbdeaa3dfad7a965b3557cc2ddf71,93,231424,1000004986
e456c9692eddee3a1488491c1c690ecefa8827d1aaa028bc8140af110d512a5b,94,231424,1000004373
9101ad97e55b94afcbfc7874073114ac8e859e394a6f445393c1d00aaae8714a,95,231424,1000003835
f0865e3bdc179e3de914d1749bdec2900940c3d79d492c639f9ca66c08d8cca5,96,231424,1000003364
856d7fb677df3211db0237f79c64bbcc1990b515e29fc8b9515ac4ba756e2ac3,97,231424,1000002950
168375d2997b8bfc173e6d2247342ab56669aea67c264f8a6a45e83c064f552b,98,231424,1000002587
d7a977ccf920fd9b81bd1b96b5723cef1c286ebfa889cedf6148d32b97ad046e,99,231424,1000002269
a17c0b855be7265a58ca731abfc31b00a181317d0e9c8e3f47387dfd525c3193,100,231424,1000001990
1fc807beba477de92e5d2f6b5353e227890bddf963e964fc5a6d644e54147354,101,231424,1000001746
5df340b0c4baca47dbda03757903d8f0e46d9aa02addb8c65f628a526b75818c,102,231412,1000001532
c4e21548b312b38df55ec243388f3d1a646a06b913d5d0343c4e518b5c6e3ffa,103,231412,1000001344
9755a32429c799a8c848c48df65fdf9bb96c3e5db0bad7a7943d36caa886e69c,104,231412,1000001179
990affc1a6e4f5822c7ecf68f8c1e6f7c79771c391e33a928fb0a732f5604944,105,231412,1000001034
90038cf4f0cd9170552535c807fcf2884b7d5b67b9620eb1b419f80e7c3356c6,106,231412,1000000907
314a0874155897c6770b992f5fe564a67699dab857dcc75f623b2ae3cf5f8356,107,231412,1000000796
435f17136d2d1a222c3b618ace72cc5a3095f85e6c4cec5b7abd80a6522f8c0a,108,231412,1000000699
4dcd8627f8c50f9a0cf3febf5294577bc0f42175003c4be491efab6f4d5cd3e2,109,231412,1000000613
e8bbd222e070077e340194959a52fd232b49030e6bdfcf2fd9407f16006e3b68,110,231412,1000000538
30f4c662e1854d1d42a5cf4686b2cd081b5b977bdb23759676171425523b6698,111,231424,1000000472
c854b10d36944cb4cf1461648f34f82ace1ab9e138fdf721f18ecf652953e478,112,231424,1000000414
103cc3dea2baa19201a4a6f2d3eaffeee92f4a8a932ffa45f53f247b9ba94bdf,113,231424,1000000364
7f71dbca2b9d439ad3c7eaa8cc99ce6e35b1d37a583d7cdb50fc6595febb7795,114,231424,1000000320
1605a06bc8e3c3fb0ef6cc878671439620002eab109468d79ec4acedd6317613,115,231424,1000000281
7fcc0b47ddc341c55c79db50d97c2e2d217436013f15053de4a44d763a495c85,116,231424,1000000247
eed85c1ebceebdf6f9c98552a45966ea79375c45e6f53bef8ed45d3eb386b2ac,117,231424,1000000217
42e05984473d738a11796dab604a3a27e7af9d237816e73757bc6906575e34ba,118,231424,1000000191
c441536d6405a6741300790b167d68caf158543f1943beb12577939e082a0d9c,119,231424,1000000168
d72a378e5b57b42d088f8da6b7172b9d578d7bddce899898ada131373077ae49,120,231424,1000000148
7139633d24db1f8dbef630866134e1f8da3f1f8b68ecacb69dfe55ea4c5128ba,121,231424,1000000130
8bcb2b0a452e76e3e3920d4da9bd18ae17d41042b675b91a1a105390305de846,122,231424,1000000115
c3238313e063c5ff8927edb826523d72db9b71406951e23c1a7a2b2c0213d3ab,123,231424,1000000101
3a93ac4ecefd446b81447c8a95f7dd452399d2e35762fadfd39fe90140191ccb,124,231424,1000000089
9757a03ece62f6c71c1e039b06d88540877be38423a8f94a8360e42112754266,125,231424,1000000079
24eb6de30804166b539c2a26f7cd74fd1c640565848039e86de856f5349891e8,126,231424,1000000070
ddada8eb0510f2cc6c181414511b38a9eaca074ad51eda9bda1b7fd51cfc1dba,127,231424,1000000062
74b8ed29c96d7d7c209143d32b1b4f6ac2f69d4461897108094428177307fe6e,128,231424,1000000055
3bf3f2f1ac0ca59bc4cdd20f6e1ad8419e32895caae02fc8d8362ab0802a1700,129,231424,1000000049
79da54914dd5483c02aa1f4342d6fc762862cc7372f75418725a04168d8713c7,130,231424,1000000043
81a77c6b1bfd43256a477876da3681c81b7ea6043c1df59e5e1877187db4375c,131,231424,1000000038
335d5b0520e359a1d3f418ef7c5b1d7a4b11d5fde1ad1efaf9f5d728cce9c2a0,132,231424,1000000034
08cd18a64ac03cc4a6dd787e6d3a364eb98e47e1fc460be48a28861b8d6f58c7,133,231424,1000000030
56291c6965398b9f5019825fbdcc19244d34bf6818d4fca6b15306e0d2c61a2a,134,231424,1000000027
b2001e64d510f6455bb97d3a1fb0348e22ac08eaa08aeba9f28dc6576f67e5aa,135,231424,1000000024
610779106b9ab7bea4802d331a8a2bcdc939d7c38cb03eea9281e6626073cd2f,136,231424,1000000022
513ba2794482bf4ee07898193ea8ebf029c01c41986de1973ba44c8a09a5d4c6,137,231424,1000000020
f54c0daf0eaf473496b5288ca5a710f81f986e70fa931f1e291dcb09aeb7e281,138,231424,1000000018
93ea023b703dc2b43ce5497d28f0279fcf27d707cfbadcd8e80959cefdab312a,139,231424,1000000016
6e5703a26dcb6dc1483429b8c9a86433144cc2cd5226ac7766eafe278ba68a81,140,231424,1000000015
81dfa3fe38faccee9106a2315c3c392598e8989b0efb7fa627155ca3485e8bde,141,231424,1000000014
aebb36eed0ac32606743b73f4e4db7dedecee4aa936b3444ccad6d2a68b4d466,142,231412,1000000013
3c71a9845951d4c0e80ad2558f1f9d4379e25539cd3a11aa7988770acb762ad0,143,231412,1000000012
4bcba79c09ced98795396f4a86411f0ea7f4173149f5c410583cf9549aee8dec,144,231412,1000000011
ae3ee5ac2687a1f3868cc8c6479dcd6682b40955cef41c4644398a82f2379616,145,231412,1000000010
35f16c1dc8f9966bf3ab371fac95f0b8014c815c2046d1914ac42a570bfe13da,146,231412,1000000009
af30f30a79ab7a4e6be009f5df0737768cc40c928b371bb1b85138104a1007d2,147,231412,1000000008
36b3b00839fa8901c35fd3750cf83818ce6bf0baa562a55ead6a71136ef509af,148,231412,1000000008
55cab5d6f2f3f9257e5c18f5d9b21800f18b06a18449efdb92c3584b9f9ba6bf,149,231412,1000000008
f209d26879b50f9aaf9c0ba664f81eca8d08f015150607b57d77348e109c8bdd,150,231412,1000000008
0e0469df924952a3527b2b5408693b8c839e375c095ca3cd9f2ee8e0b8b556be,151,231424,1000000008
2c399d51e4fc9f78a38af98c96f53594812af7c5c9da80c3093de49d47c45a28,152,231424,1000000008
f74fa66ebe78cc36e233eaf12d181104dbf17617103faac05b89415bd2a0e244,153,231424,1000000008
c3104a683dde2774b7a007f7c63849101777ea4e034bfdcd352237155a67a56f,154,231424,1000000008
a8bc613bfeaf063b735588db3855d70dc27a37d44f882996182bc0434fb3412c,155,231424,1000000008
4b4c2c8b59148fd0754e439b2ff0766d6c40db63bf532be0c573c0cf52fca515,156,231424,1000000008
0ffb5ed369c1b087995021408ae2c9ffd8ddea9e4d64d0b48e36813e9d6d0c93,157,231424,1000000008
e8f88868bd59e90efc951f4abd3ebbb63b6bbd83ee42b92282c968f09c38e3b6,158,231424,1000000008
f33c994bc378c556a0ee94fa7eb155f60b1ab41124de4e0d62cfa4437d655fab,159,231424,1000000008
12a9f31d81b5d8d9d4300d3f281fd1b14cb0f8f04a8a407d0b11882e5e21cab6,160,231424,1000000008
779d6c3c823148c4c14293a486624077dc4561fc496d1adea63b2ac3ce23c598,161,231424,1000000008
30ed813cd118c4685ad72768030fe8724d57fe62ddc5edd43c4eed2aee560b5a,162,231424,1000000008
92fc9e0f1166e17eaafbf655e8d51f1ff55d03b85ed0daf3f827a2514811659b,163,231424,1000000008
20c419138a4603417b04a5e90f9b081f24a6d9065008fb05a989639ac0126073,164,231424,1000000008
7a15bc86f673582fb972c9f1088c0d3bbacd6fd78fe07e05507ead89a13a8d08,165,231424,1000000008
ccaf1296b38ce4aa5ec8c9abfcf73f9a7f40fc941418e1b22717527da9bcdea0,166,231424,1000000008
e5c9ef27abd976e4bfc40e3610f1fcbc0a394715390429d5f5946406e12a21f0,167,231424,1000000008
f8a832d91c41ccfa88758693a1c866be5b832c5b375f2ace9ea30a72497e1f7f,168,231424,1000000008
c79510916b1c694aa53e8f9434244eed0d01eb28e81845e9c6bd6bf292382993,169,231424,1000000008
446e005f71dd52099622b38606374d78b1923c69f121ea5ee12c68a635cd979c,170,231424,1000000008
2cba959eb3915a3881e2d26ca39cfbd6d8dbd2b66de3b47a8a4f6533430cb000,171,231424,1000000008
898fb3be9b58c91c0a2a81976078e313037fa0edb59b5ff546e51c8dd0f2f97e,172,231424,1000000008
0f5a3886a6c24efcc6af7603ecfadd0f607d540d22e2098928cf6af412b53503,173,231424,1000000008
2f667fd0506b5711bc433dcb39d2de80f4caddd0ca1554d907c9631072b51bcd,174,231424,1000000008
99f567d9fdff4d295682f6026943b64e05f16734dd6388a7b4d34f346b4e4907,175,231424,1000000008
aa53399f7961eca4ee30d50d48e389d336068d6617a3fee9865a525b96c4e590,176,231424,1000000008
ce75b15597cb24cb4ca8fb9fca1649540fb78d70146d90ed26083c27bdbd5b65,177,231424,1000000008
7f2813f8d34173466385d8b2f14ce028b2378edf2f3630021d452fb53fba6ce3,178,231424,1000000008
bedbfc19a486031bc93b8d1be62f1502f6ad82216504409eeaf7a4be11475c72,179,231424,1000000008
62032c289f1c8c3496b005e0149764f67458610f534eb1e0af45cea4883c2e37,180,231424,1000000008
b7703f0e1a49c237d8dcee13ebe35cdf66ef0518d939422575c9fd662c690ff8,181,231424,1000000008
cb5e3a49e31cb648d66e79dc22561af4957160a13d8b2703d65123553c3da5e5,182,231424,1000000008
cd7b94be95b22e2fa36aed42d52c906c1fa6bd8061873915829c5b2fc495eb99,183,231424,1000000008
3b21fe291b87523e277bd865e67856f4263bf23ee754d848f2ee48a58ee80ea4,184,231424,1000000008
6ddb8c9be90f807a50b6f2069453407640731dafe6fcc933338ae33ced0d2ec7,185,231424,1000000008
60f8ebded59a69aa5532c17459257e199f3051a5d4654d835534a873c1183910,186,231424,1000000008
2bfd68dca4fbd292fd5b5ddbd644da9faf6584ed8e11ac36d861eaa58f2444bb,187,231424,1000000008
5c943febf985961d43d0d415f63bab5754eb48f6dd4fce38b082b4fbb380bb59,188,231424,1000000008
293e5a25ae12108206378881eaa896404300939a36e6be86b3f43ad980d77264,189,231424,1000000008
61328d02b7520b0e4ca27b21dab85683da64e4c924e85de1d2ebb3f193d32bd7,190,231424,1000000008
1eebf46240dc3bdaae283a3d65283c165cf4aad1cfebb3f60a8643b31508c78b,191,231412,1000000008
86d7b38d5a3e019c9cd3a5d02328d427248ff8c83a8e0a0d914e80b88d745103,192,231412,1000000008
e033a30b00818e5b40a6c4774c6d8ea1ca02a897a7c41bece432fc650cc90b03,193,231412,1000000008
aa8acdb7cd2ff8a32151a2d064fff20fef1aab80dd8e734cca939506b1c14bb9,194,231412,1000000008
b07e2d69acfe4fe2ce57bb999a26141255e6337f6d18159a9c8a62aae50db806,195,231412,1000000008
2dc775eda032afa4f2df34b9fe5c99b196cd6a372f91b9588cc911cf7e9b8e88,196,231412,1000000008
8343a92b9d31cc5aeca09c49b0b4423f0b92cde2de2e0b34b9607007acb81fc3,197,231412,1000000008
13927f045721a5bbd68e3e6e5259ae8336b0833e9777b4a1cae0395f255e3d78,198,231412,1000000008
8b511da165ba1c9351e19adb52dd612642bf5064ea7d22b6aacc8328f9408d1f,199,231412,1000000008
4e42a55258e851401d97d2016093e83a4ceba792cd2ccb4beb8175fa93a013d1,200,231424,1000000008
e3a534e72b2b46eae647a6b3c827258825e82488bc41adaa32207d4902e65570,201,231424,1000000008
2e003a3f08f7977e9408bbeee7eaa3bde9ae54a636d163513781e6bbcb28a5e4,202,231424,1000000008
6d4a3e0279172899d07747cd98437b2eb61624647cd1d23108e85bc9b117a28d,203,231424,1000000008
16bef85092064a7d1e302cb8b62b439f1144c590bf554accd48372a65c08b5e0,204,231424,1000000008
34dcec75440dd53c8f4242c512f5ae7237ebe7d22946b5dcb1997e2cafa3bcdb,205,231424,1000000008
c2b3642f0f56136ab6bd66f43259c4ee5d1f99f96317d82412a9210c361d016a,206,231424,1000000008
ce558af74ab9a70f09c679d1541db48c85993f88b4e7d1e429f04b43edb277ca,207,231424,1000000008
2e7b231483603ce457e103de783d9ad28f49cb15542d7559e601bbf161cb3d74,208,231424,1000000008
8edd79743a3a7b4931bee288c643fb436cdb33bca2b966256ace634374bc1150,209,231424,1000000008
d644592084a647a786b37c414d0f6262d91f8185a0a32592c307266d7afbb065,210,231424,1000000008
71aa97be53461606d71f058658ccb8851b739ec867f65dc23bdac9d8d04ac757,211,231424,1000000008
188e60b25105839042688d6dd27e7858d32a711051f911158abf8963df826094,212,231424,1000000008
091f4e7b8367377e8dafb9d7a96c6c1b39e0a2c30345036cd314c31f0e641a4c,213,231424,1000000008
916b5fb77b58348351e29f14d317eb8de0d4effc9466167b1deca8c897a54b04,214,231424,1000000008
0138621a038fa3be86036bebe6f088b3ad2102614762cb290480f4e040c6bc8a,215,231424,1000000008
748df02b6ccf6dd8efdd1f8265fd49f27729ee245f6fd83621e38b8c255c2416,216,231424,1000000008
6fa0aea77516ead93982169aa14321c301f251bbb2acc4d11c35ae1008bab1e1,217,231424,1000000008
1f52e5afcf179baa1d05212f50a692a633029e43895c2e45dc712fa8f85f2b17,218,231424,1000000008
70538c96325b9b39bbf13e163ded4cfa0ee9b98080d6dad52023f8fedb252692,219,231424,1000000008
4afe69659dbb5c21ac40fdcd6162613e9df0a156d5553d2875440715b96b5e0e,220,231424,1000000008
10ea66aae3ae1d1e3c4bd5fc789b9d8f08c92b41473558439b422720472b55f6,221,231424,1000000008
89304777b9364d8341f607a6974b313d728ec1fd4ffe7bdc6f55bc9dbb33a890,222,231424,1000000008
3a96b8fa39d40d817ac5aaa08e61cc718d1ee196dce35a55328d9ce6a71153cc,223,231424,1000000008
04dbdb92ceb328f73380e7703f166c4f51b5f68455ce6b7b94e581d53f05d55f,224,231424,1000000008
e67c7e0937662d9d7184e606d9a410c7e191e751392d034fdd272e8d6f8b8653,225,231424,1000000008
b465c37b18721e191682bc2b5a4050f21c9f64e1a6c29c011e179f9aac0bc30f,226,231424,1000000008
8c3f651fb78b778ac715779e14b9e2cf050471f079a1c719f287fcd8dacff7db,227,231424,1000000008
a5c31e1bab5b433ce40004abf8d1740f9553e16bebe789e43ccd5aeaf6b02788,228,231424,1000000008
57cb1d87effd612fdc0b3f06424c5bff56b95a05582fb9a70c264500673ab7e3,229,231424,1000000008
b81266f6fa75531d9c404d7e42d88bc6a83e1a6d7ef64eb98fa9f319caf78508,230,231424,1000000008
04deb27258981c80316a723e5d751a0e905636d782d9fc1d9808328ac25f6c3c,231,231424,1000000008
5adbf90471a405400f34324b669a99522d5471edfec13c2698af968c2c1a5824,232,231424,1000000008
14875c87895106ea10b636c11578de17a1ab91c824df084deaca0a693810115f,233,231424,1000000008
a599e2e0ce1e54be063912fa291560fdbc6a6cd15ccfb349cc2c0638e6dbed89,234,231424,1000000008
7f3845398fad35bbe87ad4edb27ed09e4f4d19828549245bb61c8ebeb8be8599,235,231424,1000000008
d9c2e12912b14882c3218a0991f4a16909ce18c07b52f317fde5a524e0ed1d31,236,231424,1000000008
c4e4092f63d8ec4b01b9fc1573718bb73a1c9ca38a263e6a49101f2c71e3584f,237,231424,1000000008
4d47106d729daee73b767efefd311807ffd315bbb26555c1220c4f950825d15b,238,231424,1000000008
2612082baac314485c14130f6801bb9cb75d4aba1325d3f8b9b7c76acd38f0bc,239,231424,1000000008
767c7545ce7d56542af2d8acd91e4bcde51f569295738327d66c993165c4295d,240,231424,1000000008
9dca21a53b71bc3395274702f3cd9b3669a3955363fe3f71a02073fa8fe1329c,241,231412,1000000008
8edf9ca167a83daf0e1e0357f15813b211594113a6d6ddc9425583c81dddefb9,242,231412,1000000008
8dae09329ed695cb27740cfa1de2760013653e56a2a09d5087ace53855314c08,243,231412,1000000008
537f5a1f5de31dfcfe070858295a62c4dc90745a7973a25a3ad0f9ef461c1e38,244,231412,1000000008
57602760aa47cb44b66fa67b67ba699df8ca9db2554d6cdca665b2d6d96c8eb7,245,231412,1000000008
979a3316d9c56532f14a64020fbcccc53cff851ac3c01086009b7bdacf218529,246,231412,1000000008
e45265fc42ed54c20c47cc05c41e494e146fc7633b6468d8b535f741efc57647,247,231412,1000000008
e988f86cf8cda9585f3652d54829bbc31a8b49ea62456d14d1e12716d9c0111e,248,231412,1000000008
dda26ec19e05f3af622d1ccaa6f75372c34136c88b77fdb6c29e822e54682a57,249,231412,1000000008
0e4410e5934161870d4d4abe23e60bba825d42a0f025453c0efcab279d96de60,250,231424,1000000008
c72130adf9c2d544c2d8246bba75f8f3014eff0c1434cfff456b2018daddde30,251,231424,1000000008
f5dce5289ab6d99f1cecf865094002f1e0c8be7dd20c1fbacd02f4da5be90793,252,231424,1000000008
144dd5d80aba0b93f247bb373d6cca0ff35a4feced2a2df4483112aae306b271,253,231424,1000000008
848f7d6983bc551b3802958e710c809a7eb70ab104276c31c5debc95290ee8a9,254,231424,1000000008
f322499329f816bacfbfa695b3c872efca17ef2106c58516ebbbf7a4dd1bfab6,255,231424,1000000008
8867697ae7ddfa40ab3245cd417cde68d959cad2d4f1f9686be421970cf92c7c,256,231424,1000000008
b2f4f3445860da7600375a750db5e0750879b6cd482142b2d603820f004a9296,257,231424,1000000008
637eac9e53cda7efe70b9b1a1bec288e1e9cfe4180ad76d3f45c80be55e1ddd3,258,231424,1000000008
a1e26b21291573aa706fe93345bf373952c95f16c893cd3516cad1180920e549,259,231424,1000000008
cdda8494ffd0de797b102623df3f8864597cc0207eea4aba4f143f61e0faa06e,260,231424,1000000008
661e158065dff99fb72a608a7fc8b951dc8c3badcd2f33222047779fc3248110,261,231424,1000000008
a6c2f18766eb0970c4f659c4954fd48989d78f7f45f8e1cbec763f7c286efc0b,262,231424,1000000008
1edd3dad6e37ad515e48d94e40d1ed38d2ca300fa7065d5295bffb5231949f61,263,231424,1000000008
e0e7c61f43a9d3f5fb3d75040003d43abd3b188f3a16e14796d567e7a40d1276,264,231424,1000000008
51484c5f4d7fb245e7b9a6d174283a806c7182680a767ab34dd6a68372f6e114,265,231424,1000000008
fce6b52e309cc5429dc684a05d1998d09eef536289a2fd393df770751b1ffcec,266,231424,1000000008
1424dd5e52f1eef78c6b05398893f18b0d3e16226a1e8611fdaf77016a1c08e0,267,231424,1000000008
734f30ab343eaae7a9035c1e095297be664c31d0351d9fcb7d8c6344c850bc66,268,231424,1000000008
be67a36e3272c0ee09281641aa430c5c35173529c7cf260ddd4fff14b3670296,269,231424,1000000008
fccb7743c85814b9de49aa412381cfcca65b48f8a9a79a3639f165a46fe4f6dd,270,231424,1000000008
b0e7c9cda7459663b2cfe0a47710c30251485dcac61c5e4147baac88373285c0,271,231424,1000000008
df965d017a366db13bfa48b92605514ffcb7b410eb6c9f9fc6fb6010578836d1,272,231424,1000000008
b9d369f63272e18205dce2e123c508072a0eb85e9f7ace0268b0d47bd1fa82ea,273,231424,1000000008
e0f6577a87657aff5cbd6ed6bce4ac19f070a3a65a38740f3f245641ef45d62e,274,231424,1000000008
64c5b9911f549bb39359920a3dfb710b470a3b8dd7bc9415bd235dd2497dc6e3,275,231424,1000000008
d014193b23f9efbe5ecce64a6ceb6fdd0d8c9ebacc1c783866ca10e2d0c43135,276,231424,1000000008
11bc0c0ded5dc51eacc168b4ad73147f726cf52965f3b4e4c05a2325ad3d0cf4,277,231424,1000000008
33a1b19f51e9212a5dbacddad1009e026719970a61704bf9ea1c8aba26e6ad40,278,231424,1000000008
781b5b3b129f0521bb71f8148ccb8edfc9a0acbb27bab755059109b5d5541eef,279,231424,1000000008
abb4c342cdcae01ab6da86cbc3903e1c579df31a76d7eb319ed78f14c39fb38b,280,231424,1000000008
9f10a93e07b6cb70771047c2152e4f1fa0a7ffe30e91b6f6a8d0d960fd9a7b05,281,231424,1000000008
747b36603b6de019fd512ac1dcfec34db841936d54466f87c5122667e6013eb8,282,231424,1000000008
45ed82a924581dd1148dc0b3a002815bd5d7155cb885dd565c740f4a34b0df24,283,231412,1000000008
7e75984f65110df3b64f3b47b3e223f122aa977d6b343f6a71a92e92b2190230,284,231412,1000000008
029b21439345ada4f88553ec8f5eb65e323161d670c631bf00c5940e66a9f2eb,285,231412,1000000008
6fe5544c3a9c58af99f0cb47a366a8e4f9853e6b7d12b345715f48717766fce2,286,231412,1000000008
86b0a6c6597b893f988cc9e5c1b595001fab00e8e76abb19e3d675a6c2eb036f,287,231412,1000000008
5231a57b30d9d53b1d6f810cf5cab185fa1cc79e863b93dfb28c75c88071372b,288,231412,1000000008
467dff3562d5aeb6bc98837bb969e7dc22af5736f86e17ba0a6c8f9a6226001a,289,231412,1000000008
09167658cf542fe459cb0e75f849b955e40648707a569a49dc0df0951d7a9b08,290,231412,1000000008
c5c078d87b62d9bc39600d02ffcad1608c9dc371c821c77f757d02548adcdd65,291,231412,1000000008
2710b1c57ec2900a05e066276278c8ce6575d0252afea2bafd2cdf773f582b3c,292,231424,1000000008
8cbd40c4e308cb310f39ea0d996ea4788e519b3840fb6415312034d2bc8c704e,293,231424,1000000008
d586a9f8e66aac05aeb4aeb2c0d5132d508b56835b32af01f9b91f43fa083c1f,294,231424,1000000008
eb56d2cccc8783eebe016677d8b0a5448b9838174a54ba53bb1fd3a772e91619,295,231424,1000000008
8fcc4d5a81debcb371992e3508e0c7a27d6a30b79a45d6b008498718946c9cdd,296,231424,1000000008
dc7bc7d8ee349d0b491a824fa90733e37aa29e1f84ee7875ed40b1bf4cf06f07,297,231424,1000000008
487a5dc5de196b65ed514569aecd3f4bad0a9c0f537cf1c05744a26deaadc886,298,231424,1000000008
f457a48862814940aaed592da332189b1f417edeeeb616b916535481e91da803,299,231424,1000000008
bd5d2e3ccc9bdfe25657a0cf7f0221a083ad361e7fca3619e7cb5aae6282ae06,300,231424,1000000008
5893e62ff5008795c7a76e23e8cfd6bdd8034802878a251a52d9e184b02e76f5,301,231424,1000000008
ebc739e1f44e9556b6bdde8cf679e170e8746a9afabde5473c203d1f450aa433,302,231424,1000000008
5ffad5b6600c252fa817878a65f5c9dea0ce7070ad69ada899066774f41a43ba,303,231424,1000000008
73bbe01d21f67d556880a5aa8c977a4d3470f6e116e26ff0b7f216e47a21085b,304,231424,1000000008
a465067b227931d98abd4937fa3b590c4651d9f27ba651b3622601c854c45612,305,231424,1000000008
6be1bf540a9fa92eb20dcf46e62b43534b43895b4a88f05e723f3fca8781f545,306,231424,1000000008
e8d4a2f6b7a5e8397310e1889056c2858f862d1dcc64b2765a9eb2f26755479d,307,231424,1000000008
81d59a1dd327dab1f9545ffca402c524d2110dfad9b926f745ea1106f6026874,308,231424,1000000008
e1e424f66967169916139fe7943e3bd6752d6251336bcc964ef2ca37309cd470,309,231424,1000000008
8bc30c6b096da414f75bfb61a795bcd355c4b02aeaa4e17f93d3c802f6a29968,310,231424,1000000008
502f0a6b55f2d2f4becf7fc6cbbc8e90ef12b0a2470621e5c9eb22ce197dab43,311,231424,1000000008
b44fc05e718d309f71f21ddc434676c8653a79049de6f55d105b0c84f6a8234c,312,231424,1000000008
3931f161278bd39eb651e5dc95c20325e71753801b97e77c8a7ef132a2b10b40,313,231424,1000000008
6ba49e37939480ac4edfcbf0d8b5fe236b94e1937e66dcef1ed91df2cfc7c472,314,231424,1000000008
705df4d5e5f5b3c057833c5ac82ee8e2c150ff30cb863efc7796ca5c037bde04,315,231424,1000000008
d34a2321f2a1f5ae6230d9ccc394ee86fbe8e8ceeda8cca32529f7be6fa60ff7,316,231424,1000000008
bea9071061e95c6499b9f3088af8013e078ae5590c02a4e0261db6d56d860583,317,231424,1000000008
1281b301f0e4c10a6ba16b5e507d49ec13f6d9841295d7d00f92c946199395d4,318,231424,1000000008
ae0e2980f599b46dda1269a1f750007241cfcce0ed3c941e4b6d526dcd6b9f55,319,231424,1000000008
a26ed1ab32cc8e48f2a3702d90c1a41cccf19f9ca8a409356c4c3827d9bc6ff7,320,231424,1000000008
03b3252982a6851ef9e0e601816780ab7b3eccfcf9683d07180240e29bbbf76c,321,231424,1000000008
ea80f84309a0ff38cea9c252dd0bfbab4210713865e175711ba158764ac9e75c,322,231424,1000000008
8fdf4526983fa59c1596138258d3fcf7d65b29c00cc75b2bc9601a26b4bbb01c,323,231424,1000000008
4ecd65180f4ce1a55004995bfaaea34d16f9beb3a938bf3df9d19af6475f2298,324,231424,1000000008
c86a126dea5631b1fa8cd93ea9abaea18f374275bddcb28e6de6ee7c91e865c9,325,231424,1000000008
8a7e14fd5e8fb58cab637d421bb0e86dcc9c8b02abc724976024d5a65e115848,326,231424,1000000008
9b58b393b54d37547557f3745958272a826b3398eb5c9b9837b87a0e3bba809d,327,231424,1000000008
35040dbc9a313c9778b9366a813a62e9bdf5fc09972c3c8ca1155dc157dfcdec,328,231424,1000000008
241f2e973bb4aa3df1cb06eb57e654edf00bd2528b7bc12f88caafc2a28ee84d,329,231424,1000000008
82050c405cb5af27807ccf0f528271a62755c2510c57c8630c704efe22f2489a,330,231412,1000000008
7b66879c52502861a1c91db7847ced195efe245f5cf1f9ed890af5a3569bcda1,331,231412,1000000008
f273dd64e91cef3fd08a5e907649874713656603e3a7f6f0b6d5d8f94a70abd2,332,231412,1000000008
614339bdb766ca5f55311f8a5cacf1eb1277474a862a22a465a6270b876a9c8d,333,231412,1000000008
0f983cfa2c6e9ed27f5a3df4cdf193aee6abe3acdcfb5b48d75267c6f0fe21be,334,231412,1000000008
3d6f608bc487ca675c5032b36982a10db4d1ccb3684350e5e8b6b91176a98f87,335,231412,1000000008
023243fe1e60a5478491dfdc1252071ba6ad1028a0e776c1db1409e22087765d,336,231412,1000000008
dc208a4b203c379c7b9dc965ddc1169d1c8d8b473793d62c72c2d86ce61d996a,337,231412,1000000008
4eb45a469a4c817f69092bf8356094decbf494061b488f10b9540a6ce6364242,338,231412,1000000008
c364c6c0538e4e8b4b3d822c12bc1a678bbbd3df5373d37d6b181591341ac1ea,339,231424,1000000008
a9a60e5ac6a6e73d47fccce4e782de0e64de859510e5f6be8808c0360c8cbf13,340,231424,1000000008
e9caafac66560c5c47099ae92b7096ffa60add148674e040950c69790cf3610f,341,231424,1000000008
427be29b25575721dc55aa6e1df9215e76ccff12dbafeff7152e4a9a1a19a540,342,231424,1000000008
a069a58bb4b2ee70ebe2121371d00e7fd65dcf81b922298a95f85a8d8dd2c40d,343,231424,1000000008
63672dd17d2faf73b057ba8ce58abe5a09687b941418106522312621d5d8527f,344,231424,1000000008
66cb9b59e049d6377e2dfb6982c3e4acc96ae00fe7eba5eccca305a9641f8a6a,345,231424,1000000008
45ac8b7b54e6f5a4570f7195e69f5438b9bc76ae8f5c185086e165c69b0b9ffe,346,231424,1000000008
e35dccfd60d5ca50271ca800174fb26e399087cb506c3ad222fb6a06c8dfb3d9,347,231424,1000000008
003d2b140cba84a1f9a8b876794bae5000cfc7da3800f8ef9afba37a1501281f,348,231424,1000000008
61d70c5b1fcc7c52522d447e6bd2a418420fb234ab261d43fa657525975f2eab,349,231424,1000000008
1280d2a86c76edd419478a4a4802b19dcd02af1c6cbbe1bbad4a0b9c9518e578,350,231424,1000000008
e838128a64552365980ee41d75f0cea7e1dc3c36b154ee362d2e27fccfb57621,351,231424,1000000008
b5c0e5a9dd85ce56ea63c1c23a990030aa89de8f8b154005b6f2cead13e3c15a,352,231424,1000000008
85d0dee6f4cab2287b1eb978f3d522caa304759dd265c2dcd1b21f9f7fa89fe4,353,231424,1000000008
dc11bf6f11368be848aee8d0273dc16d726d32769b9fa39e7a71bf61716b851e,354,231424,1000000008
08e4e1025d586bbe38ddac28c7bde56671c4d27d4e0fedaee4fec80f42a02380,355,231424,1000000008
5749f7e12f2ace844153efcd0714a0adddf43b5919aab23128a1d7a8ef3c293b,356,231424,1000000008
0b10a2d64c454c672c47fdf0ddda56e84600b9e8675a855adccff0d76efad8e0,357,231424,1000000008
5161962f5f6fe7255b09d0addbb61f1485b5162270ba14ed224e1809ac48c52d,358,231424,1000000008
977bf92871d73e173f5a52a6477f6fa7045ad7a14f4dd0eb44bfeb1270a08c50,359,231424,1000000008
462ac446401108b4f66d15ff7ac227ac79f6f2a35b5efac1b8a89f982cc9e83b,360,231424,1000000008
27fe499962551b54108d2c97e6748c4e9d6287f4f55bc056bc0924321f7770ad,361,231424,1000000008
f35da1d19efc56dc6c87be3259ca7a0d35d9e9f34df646401a840e756e68c00d,362,231424,1000000008
84aeef15b2a23aa8b38ce31675aa5f55e1377db308d20a5b515408b7ed6a9ac4,363,231424,1000000008
063f96dea8a7c588f9d21c7cd43c236013df164ce6d8a101de6be90467857ae6,364,231424,1000000008
fe99337b5544b394f80e7f442e690cf18344098c9251d8fba2fc669fcf11bde5,365,231424,1000000008
b7bbbb25c837c78137ef932998d7c0a1b2f660c155d3a2b62b4d6190f538498e,366,231424,1000000008
cdad3e65267b3c6fa82e0435e3ee9409c4b7bb4abe8cd28a5162a897664ed37e,367,231424,1000000008
0282980131e76cd7d461d04c8429abc5e4f1faaf8da78282932d65b9aa148173,368,231424,1000000008
f502641ca5dba9787e2870b9cde67beb0dadfc2b489dbe1e4c5537dff4743f51,369,231424,1000000008
bd910829a32182ccc1001eff278179e099fd55e18a43320b902a95a8736bfb0f,370,231424,1000000008
4ea94affcf6d8f5c3562fde4d721570d430932961875dc530ab485c67e501be3,371,231424,1000000008
5f9f0b8345fc4dc4f7462ca4c9382e6031c77b40a37ebdf663a4ddf8c06d7406,372,231424,1000000008
69ae87cad208545ae08c6e60b63c5376d7553a77ab652d8f5432c554c7027f65,373,231412,1000000008
03344d6835ccafb7121c6031284a80cd59e88c5f315910d87ff33f0d3254816f,374,231412,1000000008
340a68557451283fb0d2c8b952be89109e871e215daafd05f65f8bbfa078d408,375,231412,1000000008
7cd3b025d45dae463796febcaec93748d1949a75b47ed530086942e451b8d61d,376,231412,1000000008
0c62abd9dea68789dd4aeef5cd131b07746ae7cf9af0a9c1aef9e22ac4a0af14,377,231412,1000000008
3c06a10f44b7307ef197a7f74b76c6dcc63597741dc0d7719d85aaf610ffe1b4,378,231412,1000000008
cbda9eb9a402d1ccd89bb705ebc1c1f51e4be2fd87267659851445e06b1b433d,379,231412,1000000008
ba138500a091fcadf8b1e8552301ac6efaccb2539a19b405c71dd708d65cc7b8,380,231412,1000000008
4db514b74d534a53539030883c2580a3b2eff28e423addb8698bd50282ef3733,381,231412,1000000008
94f6c82de737ac7f3c0da69ae03ae9b80dafb5c232ef5d46cf01c74204f12fae,382,231424,1000000008
e780f71f169ce648893ba4a193296fb060a48c597095f45dbaaa1b4609d1a43e,383,231424,1000000008
78ef69d02df6015a409833758c467e1bc406eda956a1c9f8210a4d507a627c29,384,231424,1000000008
6c0b7c7f19d8401a8bdd3fc26ce571e35147c8cc1b4419c3e29cdd9c02b771b1,385,231424,1000000008
c35cbad255c69d38f8b4e762ae6b5e8275ee5327b10664b796ef42688f2b919a,386,231424,1000000008
0ca8d1cf13a8442a63e457c80fd7bc8e67f4c0b058183e4296d52cc47af87586,387,231424,1000000008
5e3dfc0d212309754ba5b47750353daae05d1951d1e22266ca00f2c9242128d0,388,231424,1000000008
425a91694d6c48b345fb993b552362008ca08082c1743d888de1f07705e98e46,389,231424,1000000008
2d15debf88b25bd834bbe56eb5b5c054d05a0413bd749757f09d3df3504c6a09,390,231424,1000000008
88d6faaae596b5217aa93e769822ba1260e1e7c4e1fb73a40628706b5f02ec97,391,231424,1000000008
02ae6f82353f6757161cbd08970944dba798c8661010137cf8f0e5c91b2425a1,392,231424,1000000008
29dcddf22df712b8c7da23645f041d5d07adadb2e926c4cb617edfa6fd9b8069,393,231424,1000000008
5c4e05051c81ef2c7cee825af609313109b6892cd17a2bb32a05dc060af65976,394,231424,1000000008
986c0667dd2c50e051d7eaafc7ce091a16510128baf7a2958d0bfd805e56ee5c,395,231424,1000000008
d16f0f01ce73b1ce77fd36f2d565e9d1348b747fcf66562395d1dde60ade786a,396,231424,1000000008
c2a2d3cea109fd9ecf13afbae13019923bb3171dcb6d6f27732c307fadde4737,397,231424,1000000008
1f41ea5229201e5a1f9144822d3323e346142f69475c6654b05d2ab2a165e12c,398,231424,1000000008
674e43ab38a4f1b151962e869a26046689704c9f6185fe75d7c78acae3635afe,399,231424,1000000008
0742f43da729601b96a8c474a9f6d79228b78d32d33fce6aaf498ee8c9daaa03,400,231424,1000000008
17cc2854659e7072a5cebfc43304a8138781957f5d2402e3217752d42ce2d11f,401,231424,1000000008
0dc2012d1d123a493cc1ffedf15aa770fa04883951cbd349afbd15dafef6ac57,402,231424,1000000008
b7c88b1a6467be74bfa24d0128444a9f683cc11fa024eaae48fa7aedd0861dad,403,231424,1000000008
f43311c5ea18c5dd90bd2a387080e05f99cbe28bd729d0c19cb01635f226f677,404,231424,1000000008
7b1b0add2dcf648c94bd1b7115ed4834c245dcda4b23084ddd358ecf25031f06,405,231424,1000000008
371d363d03485d2726da0804ad0199d4284a7a4b34814def238842d3aa56df07,406,231424,1000000008
9f2f14493a561f2b33aac2ccf1d8611c26db99d157b1a06ed24c6efc2ef67365,407,231424,1000000008
577f024982cb349faefa141d361146d9936133d87a4e0dbaeaf5034f84c9104a,408,231424,1000000008
52be24807170e4d067557f16beacd0c67beab2e332946951b04c668c70aca223,409,231424,1000000008
c6e0cb7b00e36154ba58979e5d9250976d896578f743fce37d60ad5676e34998,410,231424,1000000008
cc20b72e79a42ca2b54a8f70660c7939def81c0f203c7f6a08c71b6d530c7927,411,231436,1000000008
f98c10c8ce7e1038a0edacebc2932b88871bce3547e4b50a5db2b04bc12e8c81,412,231436,1000000008
24d24458f8fadbb75e2eef4d8bfb5c5520257edefb374c2a1718d581f287aa34,413,231436,1000000008
4b6f19cdbbff6ea53025f3ae49f3c9b04b595868b20fdd10e5939e380f198781,414,231436,1000000008
5caad59a1ba7da01f02ef69d3832dd6c6ee7baa49f900cd3ef2ecf2d8c26213f,415,231436,1000000008
c93a48c8325e79e8a46004ff0e7d14711e04c5b01637e08edf642a0b95de8d14,416,231436,1000000008
793e9e2f73a8727577e0daddea8deefdc159e38641ec8525e0a88b697dc2840f,417,231436,1000000008
1a09225c3357e2c33195e9fdb886489636b2d4667024a6c5ab2dc484ca62fedc,418,231436,1000000008
6d315b0d30c4a79a47f550d30892dfb1af713d8cd7f7c705eb1573f3b3ed4146,419,231436,1000000008
8c5c02a76972ed9f153d0edd1f8ceb680f6fe53fd3a775dc427354b37d231386,420,231436,1000000008
9c2df8ba0549f13e586ebc93321ae5ea197629da3364e30399171140f14be7f9,421,231436,1000000008
b2e7b7cac24702ef64ad71891b56fa6f413d64857ed3290aac5d371e14b7fe03,422,231436,1000000008
a77b5ff9999b068c67a98911baceecac955487cdb9f7fe03c8be0abf3aaf4e42,423,231436,1000000008
ce299e27daf891ebfb325b5a46fc71b225a2340a89b6b7a52a0fe32a1a912186,424,231436,1000000008
8e7245467699e11c06e571b7ba594c89549ee97d7a5a9410ed0d2e3f4569b454,425,231436,1000000008
5d64ae29c0faf532421d8ccebb573b1e6fbd3699c9f8ee1875367bde43ebb16e,426,231436,1000000008
54eeb715e5ecc91da74fb2212fd077e90341a1baa61367f1ce167bed7019e554,427,231436,1000000008
abfdef86ca78daa818081304735a92f4896c42b171bc42b1eb4d691a86106b4f,428,231436,1000000008
4958c4d3a0a684959d254de57b80617990e715a816f46e74d02bfe16219d1f77,429,231436,1000000008
c3d35cd683232b3c4ce3b951b94a83383d72de497372cb1e30851abfa6110a8d,430,231436,1000000008
6cafe9a607bf161dd7752261e86dd5ef84864651a4dde71c1f3b6391f028f209,431,231436,1000000008
e920849171174a65c437136d7fd7d8a960169a02ad4a62cf6e0a7acbbea198e6,432,231436,1000000008
ec4cfb50947c92a9058e2a8414c38637937ecfd3ebecc902c85d68a42cc45b58,433,231436,1000000008
7ebd02d9a46c41aeeb167368a58016b9c3a0a9cf2220eb59d338140f0a6404dc,434,231436,1000000008
ff8a57dbf10755060fa2a04b132dff613ba162d3a778f3b27f8df0934b2281dc,435,231436,1000000008
22b7a3680b0d691f92363c435917bb32bbd3de8363d26d4cd467f5ddc14dfbbb,436,231436,1000000008
91c6843f357141354d81c7f15d0e303452133f8fdf0e7bc2fe4f98d20aca0c15,437,231436,1000000008
a245af7f62c0a6b03d62ff6c42a7d69884728518de7f1b17a1a070cc92f723c1,438,231436,1000000008
4efb1aa084bf1620997e6b88786f437b4b108adcf568c3d735a37376a9cb6641,439,231436,1000000008
14168da06593dfe9e79b2b22c771f9c721e5f6cb93fb5560bf43c96d8337c54d,440,231436,1000000008
8af95764c37b9c57f55a1e254ba19dd0cdf18ca083b1423aed47f10ff9d88785,441,231436,1000000008
9539c8bc708632bc6a919c4bf59a061bafab52724ae916f5ae2ad509c854213e,442,231436,1000000008
18eb59cd348eadd97682ca3aedc6664076a5a62f75e3b2191dfb8b1d92520df1,443,231436,1000000008
6de31c06bf0b055fb305f1426fd4572ea3a1258ceb1d0aaa92766b8966f01d35,444,231436,1000000008
92c45c05b161228d1c889484e51ec8f2a4c036eb71f233edbbc6cbcbc004bbba,445,231436,1000000008
32409f08763c7c99691e1944a90c2a6c381d531c56522cee3a1d487d0ba5ba6c,446,231436,1000000008
92cee2ac49c7b449d0f6c03a7426964afd8b1ca400deff2ec64f64e1d3201c50,447,231436,1000000008
981e328defd28b832d8287a938e9b81bb90edffd00de8ed6355f600e8ef9669e,448,231436,1000000008
e957f8db0c863323f286703cf38da33d0a66276247a6ffed82d08d1b1749c0d9,449,231436,1000000008
28e5d40974637d243b2038f94d6849e26b0d974a584ab777a819b7f74318f748,450,231436,1000000008
e96afc9d513db4341c95ae69bafbda2d052e73627ae9df1927595c8301f211d0,451,231436,1000000008
3fdcfc7648545757a1fa7b7571593ae51c2bbc105304ce3570a8732845421d4b,452,231424,1000000008
73794130ac0fa7d9350367b9174f94ea9e4185ceeef9620666f91934b81cfba8,453,231424,1000000008
63be43c346527df5846cb68f5366f24ce69ffe040cc7260671c74eff22a19f32,454,231424,1000000008
7cdfb277f1105d1808d0424ff3b3f1714246bda3a0050014a7d77064f5656e47,455,231424,1000000008
5db08897e489fdeeb3bb7d2bf4f810e2ac860211e1ad1f21307d73c451b354be,456,231424,1000000008
6748aa2753f6c5aac57da5707ae64cd8cd77b18e47032581bc3c32cdd415882a,457,231424,1000000008
49875f03d97857586b5a40702487e255edb4a2118e18ea8ed315669314925bd3,458,231424,1000000008
d1814984cb241116546d16f42058d099a761e102504737484a2e93af54d7ada2,459,231424,1000000008
4cdd64487c64d8900f55a47867d00264ad11b1a4054e26f6f43e3dccdd0495df,460,231424,1000000008
e1491bf1bd5d941b4b0ed75feb65ac05996bbc9d849ddb18cb8d2c6ded120ccd,461,231436,1000000008
ced4c477c82defd0b1027a162de658ae3fe698d04cc49a01632e04d3df178174,462,231436,1000000008
339ff81b90df98415b3bdab9ba6fb8bef905bc11d503b8762eb267f97a88b4e5,463,231436,1000000008
095c98f453e140be8fa6c80580a104f9873f2a61fe46f1f83a6d1bd7015457d8,464,231436,1000000008
4ccc10605cc5b10918bd70d5dfe68f6162fdbc7fdb75d093531219d1203d74a8,465,231436,1000000008
fe86efb5ac4035e231812e458262db7b4613d3c199e207eeade364092e3253bf,466,231436,1000000008
8be03ef883b58ef2965a1c59887db24945df00412cd02d9476a7e5f44bd9a9ba,467,231436,1000000008
510d81387c27f6917256ee87ee46a3af8624d0ef6611ad125aaa0427819e728e,468,231436,1000000008
fea45bafb28b8b3d9ac23ba036c9d365f7416bb256c6e99623b1216aa367b6af,469,231436,1000000008
81f1308cf1d9a214d627703332d7592e40f34b70b57e440963fbcae9b7dd2156,470,231436,1000000008
a35139fbc75dc4158bdbe4904827d71a937dc5fd11709760c1ac9b58aeb82240,471,231436,1000000008
de6b19b4e99b95daa5ffc886ac89103e980287f30ec0c17c9c41337d6fdffb02,472,231436,1000000008
a1aa06f96d1a9de0ef1395e59986cd072f4ccbdb12287fbc40160202b12e04b5,473,231436,1000000008
79c678d4d5ca7c39600ad77375abe7a3db8ccc1b883ae67244344a29c8f69537,474,231436,1000000008
e50ae61e3bb20f3ddb0102e5b481d1dc27159eb41f6d7bd1dad158568b780352,475,231436,1000000008
ac1ca2a4e93daa4fa20f8d5d4e5d342413c4f142fe06074524b27757108f9e1f,476,231436,1000000008
78ed8307a2438b745ad79684ef64139ae5ad78d6edc56d84ddf7bb478b1f5f8f,477,231436,1000000008
d9e231721d96859962e7ab3da201bc765b8aeda58b172fce055ed661a9065cfb,478,231436,1000000008
db822dc016fcd7e8233a07450609f05f9ccb7a0f8048958eeb746e2da28c627a,479,231436,1000000008
c949cf80bb25a5872edd75ca23a22a4f219b8847e7e62e1e9d75dcf8ecbefc8d,480,231436,1000000008
c4013a9a938a21d1d3d239c37c49930d61165946043639d7af9fc62561078086,481,231436,1000000008
9625491c7720ce7cd605537cc300fc37a3b52b278cd480a7054ff9020151ebdf,482,231436,1000000008
03525c60add996423253b5543d634d64bc0d209e2c89dce0da9b7780b71330fc,483,231436,1000000008
e81289f4ced2862e1243b7a4a55e9823cb02f0b459ffa91e25ec8f2f75967792,484,231436,1000000008
cb8c34435cf52d1be192445c9ccd35ab3977f2149e289e1899c1194c24cb8cb9,485,231436,1000000008
048d1dab08c2de97ef157134a3a2cc3de05cc099c9145ce66f971c7bdb7837c6,486,231436,1000000008
59c91270def19e0a44fcf452b3a719ca1894b0e980f12d02327c9256e21ee37b,487,231436,1000000008
268ac1ea76d5af19656b165b4892546429b4b0a173cdf68634e3279457e55ed8,488,231436,1000000008
f1dff4a6ab539158e63449b02a78cdd55706de237a0ee1b2b91de6bb328bcd37,489,231436,1000000008
3f7f51e2e92d75d5f9f96924a665c4ba09e4f94415fad7e117c27e8dd2c27797,490,231436,1000000008
afbd5a3e19390f7bbbb1116398cc89d18211b70b4b0b814a534f326b1de0c00b,491,231436,1000000008
aacdc7aed8149b9e39bbf2ce9b043ff448ff03b69ba748cddd949aa74304275b,492,231436,1000000008
7527e5d8b41267e42a66d7dfceaae08f0e87cbf2c1ec46c98e0e076cf70793d0,493,231436,1000000008
2761029ab0f794c77c91237038b4395607cca40a75eebed932feaadc35b2d9ac,494,231436,1000000008
5824cdcda71a95ae8e7d4d98fbfef395e9bff090075807dbde99ec13f4ceb918,495,231436,1000000008
4b94173f2ac55f98fd55cceac3540dae34a2c836e747a791bcef5c453b52e24f,496,231436,1000000008
3c2efe5e153d0be05792e521a275cab793afd6b2cebd5a19c17413a4e993362c,497,231436,1000000008
e561b2e6805933c4b234c74ad361b7fc11da6a571aa1ae812a789fe3ca6c6363,498,231436,1000000008
fdb1ed730f996d52109e82b0d9830e9d8d4b74795e4edb84dc586371e0f96156,499,231436,1000000008
7b5ea068626ec419cbfeacacacbf830e3a32173f611028cee58c55021c7b6d46,500,231436,1000000008
16f73fcfbcd2896092835a0c32209e208b51a0c3c1d7706755d1f12f2ca0fdc0,501,231436,1000000008
5400154c3b2ae0d3cd9e3c74d002b828f815cc24105196595279396474c89dfc,502,231436,1000000008
31a93b15012c0e866249ff50e0b563ef07ae9e0badc03cdc7edb98d51502ab57,503,231436,1000000008
88db5fe4ff685c8ff57311562893ac20eb5922a6faf330b1c1c4d4d53222c613,504,231436,1000000008
a763f9a39655f94864b30c0bc66846247ff296a26afd3ca24aa9a6ca56ddbbb1,505,231436,1000000008
3a95dd855d804fcc96d709e3fef7ed18e954ad1204dfe540a2bfa84a3ee4d5c1,506,231436,1000000008
4b9af8db2a24889fd4315064e6c4f4bec3b23c98baaea15abe9dcc09ee2f3d17,507,231436,1000000008
8aac402ac859bd0330201e70fdfde96e099b95f48f1804364395745f430eba18,508,231436,1000000008
d4119cafac4e014c3becdc10d143e85f0549aaab3ea8066473d457839599d034,509,231436,1000000008
64898041a8d2b869744b51769f5c284615226873cbf897da63ec2ddeecea0131,510,231436,1000000008
0c22e22d9ef1fa033d83e166f9feeeca705d94aea70bd1fe61809b2f72c09fcc,511,231436,1000000008
17825375e6fe088615073b8b4e6f9f784ec4f1abfedb52e52133dc74a9f04791,512,231436,1000000008
c43c01b21159b11bda62a3511a76451d33a08402edd9e5af97c1ab446db84ff1,513,231436,1000000008
d854891f536cad35a39e79a1604624f4b5a9209f7c3c67a303cebd3d076446e5,514,231436,1000000008
7d9a8d4cf9169013e29537bd7dd23a5d93f424f144754fa0be89ef8b38d90ba0,515,231436,1000000008
8c36adaac1009b1fbe5478abcf446f035b289c3bdbb5d811c6ef4f148661fda4,516,231424,1000000008
5c10c39d9477080d941181614777007503df021ebd5ca8e935dd438e5e51ce33,517,231424,1000000008
2b241a79a0f526c8caf8e5a075ff1294dcccfc903cb7003eea48974834b1150a,518,231424,1000000008
0db1ad6098e45bde5322a7199210d37f42419065f29196df8d6ad8d29a79ccb3,519,231424,1000000008
0a165df318eb2c4cca47d95317e9fedc20fdfdc45b18246368c9d30efa810892,520,231424,1000000008
6ff4dd690539d0f20542a91d8aa1cf6116623e21e832df6a2189451523b4c87c,521,231424,1000000008
169184fb9665e0896341f73612091d68d362fbcebee03fec0372779a73518edc,522,231424,1000000008
a7b35dfc3a517c698af0ed955c28cc39fa459939eb2f99544f19f1a52f383e80,523,231424,1000000008
23d61aca341e702db3da14cb1df6b7415b35ef4456a921889cf3f23bf0c4f6f0,524,231424,1000000008
0874cda9871621b6102ed1224b1ae8313a7b0597a3acb8f5fc3fa3467905b046,525,231436,1000000008
d837097ab520f972f58cc9d325651160d64ceaec68819e51525cec2d2256c6a8,526,231436,1000000008
9aaf49e4d8fa99ec1e2b7398377597c174d46ad0d11adaca5c24c52a076c8e54,527,231436,1000000008
c4d696faf309e35f98c570ee437e49f536962b7ec1171a50c365e9351b646aed,528,231436,1000000008
cee9b605b439236e4e901d644fece03b22e70ec641d46774e1213d114d62c7f5,529,231436,1000000008
341f32c42e05196d8f0292cbe0d5587e37968a4d0f793cff61159d21f9f83dff,530,231436,1000000008
241c86979131157b4c76cea1e2116ecc01a21c6dbe6674379b0b221df5385a5b,531,231436,1000000008
79d392a3663251f7a8f599f4448d3b1e6702b8df4f5e285179f73e957976aee6,532,231436,1000000008
92787a0cac746b2952128e902aeab5924ff6d693f427611ba05d9a7baed5c53f,533,231436,1000000008
2b8fbd5dcae3b1b5893865245037f4b337c755059b286d5e1b1bdbaa57f09484,534,231436,1000000008
60b146aeda8d4419bdbc487995cd0fffc8a5d116dc5fa89eb1418ca1fc90fbc2,535,231436,1000000008
d34b7dd428e4ae24a42882bc5353f98d4a3ec28862a9b4991fc40efbedaf7e49,536,231436,1000000008
7bff9f9c05b43cd8140de804e11463ef751563abd67edd27608b62d5b1407926,537,231436,1000000008
e11895bea7850feada8b75e49c95a9ae2219fc557372df7553d1e81cd0e557db,538,231436,1000000008
67b5714fb6fe5fb80e50bcb4a750aa9cddea241c11bace56b15bcb652be60795,539,231436,1000000008
bd021395e1f5d365cb58b55355e6f1b5b7418d4b3906c4e19d118dde2878439e,540,231436,1000000008
874b7448985e1e5f53cf072e17b1b8d86a87f6b7ee22c770be988b441a86fc04,541,231436,1000000008
da7470e04b58f4cb7ab05f241296df27d7968891ae88cfad2972898d3fbbc571,542,231436,1000000008
4517312e5db99269a2b80783187975b8686bc39b3ce225e209ddc7b88ce6e7d5,543,231436,1000000008
d8d499a74b78f584df28c5b5f13a66ee387fc8c07c1bea623f44d8503496c386,544,231436,1000000008
6bffdcdfae439b6bebc8c1736a774d11b56c3791adcbbd51557d5b7dd42f6a2c,545,231436,1000000008
7b581b1d98f0c8b6d2e2a1edeaea01a4c3843a56759265670b835309d3ea6747,546,231436,1000000008
a2382cc63cd1cee070080f1f0069aa5dd7a881dfdd3ce1d0ed67a8b1c3f83a0d,547,231436,1000000008
4627f8c194f8e0206f45b41531f6dc37f8db06e9768781ea80d111baa872f353,548,231436,1000000008
19a5fa54178feff3e4d40fba39bf166063f43337618fa1670be8e22149e53eb3,549,231436,1000000008
3325e02fbc602bbd31c8866c962ba88b6246d1bff511198444fde0e137d7a780,550,231436,1000000008
c1b443453020cc11e9dca085f342198e4bc2e8b2ceb38d95f1523e7ae02c982b,551,231436,1000000008
fe1ce12a2d5de40b79a3d2c56e0e6d295964e631317b8802a7f00ea18939bf7d,552,231436,1000000008
f9703418ef4881756afd9ef1852b2b4a9de7328b1cc3822fd317881fc428d70a,553,231436,1000000008
edc7eb056107c3c8d5a1dc356778a5e032b505db01ec27f50452ded6816e6fd3,554,231436,1000000008
8bb87123b2bc23f2c203f81ff78253473973233a72606ac8b3a480367b2ac919,555,231436,1000000008
55c4192f6253cbb30371a75177efdf23b91009e69f462ef3c510fb3561905130,556,231436,1000000008
64d1b76f0f764b32e4f0a967e7ffbafe195212b8b864b8a02f3f6d99f07e1e74,557,231436,1000000008
7dd18078dfceda0ba624850838093b55fade012b82deff59da17854ab41a1edc,558,231436,1000000008
30b1d99fc220515fba31a80b27903d9f344ba679044769f799cadd8b9526703e,559,231436,1000000008
4f713a9cc49ae7d6d8507bcfe4e3fe84f09388f7622a425828bce79abd81593e,560,231436,1000000008
3bca47f953ad6b421f766f77db77fd5c16982e749745364e24caf755d95537d9,561,231436,1000000008
6dccbaec1298c8f62dfb3f9282ce8992f54960d4f1f05bf9610c324576833df6,562,231436,1000000008
d91a0b75d3accef5b09445e1542ba91252b35e3b08364766e25c99998cb7e013,563,231436,1000000008
db0854d6f4ddbe0f614fa714fc1040141c4493d6b2484fd47924e7c1358afaa3,564,231436,1000000008
0c58236e70a534a4cffcbf19f91c63c63bfd852a3a130e1bdf777104be7d4641,565,231436,1000000008
0408c883fa04c7ae854823af53c386a1ca383453fd9fd8334444ca74cbf222a6,566,231424,1000000008
c2c66d43e13b5068bfe9ff7935ce3301f7bbf9692b702fecc7af5346f31b84a1,567,231424,1000000008
e4f4d26fa3d56ba1ddaa861f0c8575c3d875a2da1edb9a0a3e34285774a97175,568,231424,1000000008
5c5d946e3498c1dd80a4b7f964bd66d7fcb237fb9103424d8dc798e89c850a89,569,231424,1000000008
80aca173a55d212c3e448190aae9d07f281506ad423590088d5483e7250074eb,570,231424,1000000008
934737aa685517dda185588317f1a87c607da10e5e8fa5dfa91c5f54965be54c,571,231424,1000000008
c2217a37779853b67f6122341914330150087e813f4fcc58558a2db1fd1f386e,572,231424,1000000008
925b56ddf8551bc1da49ee5d6a12446a63e8766b7905c1af98d951c05c6520a4,573,231424,1000000008
700b4429b980d92d2b962d5944a509552ab45901614095ab834b4c49fdd1e6fb,574,231424,1000000008
c90ee349febd5a4ba518a909d4d847300fb6c620d89f0afbcdd0e25cea0f05a6,575,231436,1000000008
0f6d365d8d6315aebb1bf9a30695a94f951c3d7e394238caf2ac06fd42deef48,576,231436,1000000008
7b3ee3aef53d82d60ac320c04a7308202571cdca6d60cf04b5bb8a5913a6ab37,577,231436,1000000008
b737af669ec14a2ffa12bf55bfa0f0a892503bd5dfccc6bd8e5906df6aba91c9,578,231436,1000000008
8a707cad83feaecd3477bb7d0b21e1a4bc853632186bf4e0828cf3a0efbfb4c2,579,231436,1000000008
0df425774d0d8a31369a1b2d20750e8aafd50eef0f24cdacc1e6d1f9afb092d0,580,231436,1000000008
4fe1d31f6c2d2e2022135cf855687375f7ad7fae4f7ee7be9cee24d2362e01a4,581,231436,1000000008
2a6b22a0848a0538f39958602c3b0565d427685c01ff8d6f8b4bab4acadc1fec,582,231436,1000000008
ae33ca8fa36ba6bf7e07ba834ce774ad8161e7b42e3317b7098e057bb2f4a7be,583,231436,1000000008
8f4fa29273860586a8ccad84ff70f8d382552cbce81899053563225bc106e75a,584,231436,1000000008
18fe467539ebc5b753a960d8042f1f5345a87dd14e9a054eb0bc38501f8f48d7,585,231436,1000000008
2d8387044a85552acfbd802ad5731fcc5230fbda4875da62fdf6b908e55415ac,586,231436,1000000008
b21de83c686244161f022fb61b4ebea97a751d373a9265c914e0ef717c15309d,587,231436,1000000008
11c53ac3aa5c7f7be07f93416021ee63ffe8abb77ce3bdc043624b9a3d71e841,588,231436,1000000008
f9d439de065a6c2ce1ef6d9f4720131aa21f58637afb8f00a421fb7e55f6c137,589,231436,1000000008
7cc33f9daa28e28ff00653b97fa7ea3ea8028b8d17cfe5b803dcb17c61dc6940,590,231436,1000000008
f2b5080337909332214579fce3d72b953c03367252fb6c0c737b9105efa7ba01,591,231436,1000000008
653b64cdf7fe2bfaca061eb32d2cb0e7785abec169c70a2e770d1ccf2291ac5c,592,231436,1000000008
5b45031fecde676c0d82d07f75c370ad367977e1900bb650f1a7a3d38995b6d2,593,231436,1000000008
bf951aab9d4febc42afb8059d1312cbbbb2b9e02ed539e9a81573220e7ff3746,594,231436,1000000008
35f64a48a1f17e1391da1a32738932a616a4632fea902809b0bfd5e91d79b78a,595,231436,1000000008
555a44c71a5a71e1517a447ffe03f7be821acd61b56769a2bcf8d50d4b7c98bc,596,231436,1000000008
09868dff41307da9e82eac70da8e962a9ade0adf6d0327ec77900ccd2f1f3d46,597,231436,1000000008
b534797bb79efb35ac50d81640fe458503d1802d3e6c4ea65fa732c05e8f4a0c,598,231436,1000000008
9fa9a61feaaa3bb320fedb1e658fa3916f1a07800b1f4ce4368aeb93a32ccb8d,599,231436,1000000008
88b15086fa9c173af2fbe8678dc58e73215fc9e9482a5fcccba7a5b4ca399e56,600,231436,1000000008
bbcd6070f6b93d9a3e80cdc5a9fff623d4c037f63152163edf55e5d52e0cbedc,601,231436,1000000008
86d00a5d98b9df6b74bc4c29ecce64ed560807dfad913b40486d35eb91cf7e5a,602,231436,1000000008
1eaf357a1b4cd1cc498890f8f7fc6d3bfbff1ddffe5087a90285b51343c8cb32,603,231436,1000000008
e4ba48430083e70ab6c525d8f184f0e7ddc1a5702999ae1279a4ffb83f2fe386,604,231436,1000000008
7b6aec338734c88675f925fefdd3bafd1494fc3ee0b19dcfe4f242b93103a057,605,231436,1000000008
23b715f4e9aa8483a7c3d5da23b6b4ed05539dc3f8ba47453a5975d35b221d7e,606,231436,1000000008
ceed1cc6be5b689e89e58c411203015507a223c7a8419ffb749d23bf2246128a,607,231436,1000000008
f10f54f6288e59a9d89100e9013b7356cc469fcb384061024d6f216611d8657f,608,231436,1000000008
7e7fe2599af0127381de7dd05bb53b71b260fd0f2fe165350f037a4965377e0c,609,231436,1000000008
59271095329c813c957bbd2f44e8c51cd328cf3dede21840c2723d02e9b26f97,610,231436,1000000008
a4c3436017af3505f54397dee649c706d94cd2376403998b1ba9e877516bb134,611,231436,1000000008
9d3b28d527f4f4ff85ff6d6108c7f4eee1e28844f6df2b0d9f3cfa9c33906622,612,231436,1000000008
935823d2d6a220c97ee227958d5175884cc863cc04dab1eef5f677d727dbc8aa,613,231436,1000000008
c5e71e28c4f8fb7f1952bea0b33eeefbae5aee1b081313965a36bec1637983be,614,231436,1000000008
1b30736c4ffbecc38e155c0790241eed3324e5987c863be14d0f1b8995ac517e,615,231436,1000000008
c9fb7d78035e4b2b2a442666add9fbc1d6b1994b68c1476caacf538164353d02,616,231424,1000000008
e42a1a83cbf5c013f26cc754b39843d8177c8678346376ab03cb9f2775218da7,617,231424,1000000008
cb997ff2a2d16be5a7cffe1b91e9c199c7f7f2c79f8e930462ee073f6bf79e86,618,231424,1000000008
857d562085238e40cdf5fad1953d1313118ebf6ebc7c366c228cfc423904957f,619,231424,1000000008
6e233d7ac9eb47b5136183704fb637b164aeaa25c7b565c1416e7d21453a2419,620,231424,1000000008
96dca35a9a3f6de2e9cca5be878288384ff025c3df7829efdbcbff147b12834d,621,231424,1000000008
94bb497616a01439fcaf1db883c26973de3aff5d9ac222bd9fbbf1b2a088adbc,622,231424,1000000008
b808ef6e69155cdccf056012ef4448eb8111e0dedbd2160285e4a52aea95cb13,623,231424,1000000008
141d5a166c41af6e6404a0b6e3de3eabd29326470c5c592420fc40069e3c653c,624,231424,1000000008
bd86fb208db3c8b58555d7da5418969f046eecabeb5c4b75f97739b552c2051d,625,231436,1000000008
559171ba445fb5e0ad57779b6dee78d2d215aa2c9f0da6addaa17bb81680ca49,626,231436,1000000008
8402e6eff4bbf8622dd6a424a3f26f12938b8152658fd0ba91e6caf42d8e67eb,627,231436,1000000008
620b08b8dc1e2aea3bde066058a432d9e6e3c6d234e5a03bd1b2cbf6301177ed,628,231436,1000000008
398084493b0f99f4b5e6230bac5cd64f7ad5c115137bbb7e75198009069c19a5,629,231436,1000000008
ab6b11f91ff2ae0900e1833a21f6bb0659b64718788d93ef37d2bb036091702b,630,231436,1000000008
8e9d9fa4d9d6327d8d4af62626a183e13199a8e76f94f5e52da2376c4cf17294,631,231436,1000000008
7fc10e6bb3fea8a49b293f762b786ef3d42052ad1fca05034b1f134df7a1ef7c,632,231436,1000000008
578c845144d02096adef6002bf17a6e521a118bdd347d967041b94d55a35eb25,633,231436,1000000008
500fd1bb248b0b44710ec6a9152c4a558cfc36e1d4c4efb4ef398f0c3cef7e8c,634,231436,1000000008
edc35de14e37f20970180a04d8235abbfe6d521362b32dc6843f9ed97c590365,635,231436,1000000008
b77aa9fced1f2427b86a0f9f1e03372c1260a2038f57db693098dd1eafcd325d,636,231436,1000000008
4c5399ae92a9606dd010ef9e96c46ca95b20ec3f46f8ec9ac3a385481466778a,637,231436,1000000008
b67cf973ba77e2feede59a2f0f64abd1ecd6fcff8ac79cbb3728d061785a1a86,638,231436,1000000008
0d32794247832b469e2f15a0ed206b0d4d0cbf5b8c6ef81e2d29bff4322c8a3a,639,231436,1000000008
660b470cae8ff263990da552b78278d350cec71182e925a650164822500092f4,640,231436,1000000008
da6c97f383a021e1b27c0f0025c78f11afd7dac8faafcc45cbd5554090c463b6,641,231436,1000000008
0a023d656fc8481ae38b6959f1abe90dcec4d282c79a0d3e6791bf2c81cf35fb,642,231436,1000000008
5f11a30b43b963f6db2b7ccdca2a3826b8faac6aeb854a2b0cdd8984378d57b3,643,231436,1000000008
e947ccbb8d63b52d426afce175d6b5dbc5a6d602fe21f08e981e121b2ad8b1aa,644,231436,1000000008
bc16535a7562be50d4935f429e30b30d2b5b0b697638cd68c045b673dac0e652,645,231436,1000000008
a0fa666feec9b7ca5a623147aa809b6a8898815fe8ef26fa003b4ee5e7269f01,646,231436,1000000008
ec780a3004375fbdd5dbb02f8793ec117275a7662e738b20e2b377c9f07f679c,647,231436,1000000008
a0628bd05131f0cebc5163ae0f6c3f3769d5c3aa7642f23e9008d8432192ca4c,648,231436,1000000008
1054877a386e932fb4244f33b18640e437fa0d7703704bdac908917117e3a6f1,649,231436,1000000008
1853e02123a944eed42a98545a9ff14a79a698b41a9dd7f6f275bfb7add4a2dc,650,231436,1000000008
2292bdfec436cdc951e1bc5b04b305a68d67bfefc4057fa2288d7f9ef6e1bc0d,651,231436,1000000008
c02ac7d031df562bc4cf8da5a00933704acf1f432a53bc0fd4a2930cfcce21b7,652,231436,1000000008
c160d57154c3dc4ddf4b4b883fb4aa3738fff70b5ff33f69a17a652769c239c2,653,231436,1000000008
e18e2994060cc441eec86024b198b775d286fcca3cdfa7447fd64bbe2fb98b6b,654,231436,1000000008
267756258c490865610b3bdeecc357650ec69d97259fd60302cab0c6642c6239,655,231436,1000000008
ceddd13c42507ac601ab16f76ebca3d4d6913b4349cc0ff4d6d0e58ea0fc6a1a,656,231436,1000000008
ff060e00bcb96e794ddd155fe5741d2ff84036437ebc871184d04fdcfdc688c1,657,231436,1000000008
09d77cc52f1406294813ee38d8cc52cd52273964fdc3f8b884f2326b0591e931,658,231436,1000000008
10c8bac766995410293d2b931575494d78a1ccd77c893b8aa50b5e0682d854b8,659,231436,1000000008
958c8c8d09b05bdb3dc0f6fbcb5f192125573d4a83e9a194f9a0fb6e3e6fd615,660,231436,1000000008
8548dcb11dec3dce83c5166f35a7dbb00409352699750ea10ccb1fad912f8523,661,231436,1000000008
d967e6cddd2a7a8444ebb7fc272eab905518d3fad0926dc9922132b0f1012885,662,231436,1000000008
24a448560e3641413222e397fa74de98d942a3d5ccd43214dda2d2e07fece32f,663,231436,1000000008
a71fd82b9ff56ba43d1c430eb2626ebf8af7090676e303bb7a222a943604f5d6,664,231436,1000000008
c575e05da53d3fe5f07775951b8244aef5c98fb4f843935a1a06a3fb89101110,665,231436,1000000008
61691831a8ab04f2b4ec7fa1daf08fdfc004158a09dc54ef0cb05343e788a86c,666,231436,1000000008
a19a010053a31489cc0320ff3771576193636ca26dd035d30ce1ae8230340b9d,667,231436,1000000008
a5f61a5c6094890b5c0e22259540350927484b873b6f79216f4c3727ffece493,668,231436,1000000008
dbc421d9e4ec3ec6c8b0d6ace8a9e98a43bcc19cbb6de50b3bf7261773cb27af,669,231436,1000000008
afdeef7f13d51024930027168ae257814f8d521a435d100dc0f95c613a74ac82,670,231436,1000000008
37e90d6e22f9476f579eb5f84997f38acc2d28b31dfb388fec926a8d59f25b16,671,231436,1000000008
7873c717ddea5becc4360d74675dc1f1f1f2af79cb89be7a0264c3879045c0ac,672,231436,1000000008
3dcea4d220ceb38896ffc1d8bc570d1f113d322a98e822b7b455a03c0f7b17a8,673,231436,1000000008
a74882d263d439ebd7a1c8970c64eb56d31240e9a2fc4d335838219ad69b8141,674,231436,1000000008
3ed0e9a28713e9f55672ca0678222d15724a46daedb304805d5ed98c53688c27,675,231436,1000000008
e502f097a3622f9bf5681d452a6a20b1c70d1b3655c2dfa2a31be06104645860,676,231424,1000000008
6ff8b8b1686565e2eae62c1a07458c00b8ebfb6814c2038c1240d07cc1714468,677,231424,1000000008
203d3edb37b38e5ac98234c357689ba82a8b362cd4643ade142c3200b1458d3c,678,231424,1000000008
6732c54fb64c885fb4a7eaf9887b9c28fda6c66e898a2edeb8e386ab5fbfd7a4,679,231424,1000000008
d8730801dd78ad09dcb4e576d2dd9e9b2e382d6aefa9c32cda6ae2e67a781e31,680,231424,1000000008
76f2e89cae57823a7798dcdd14a31c90fd0843b908394b924a4ac16a057cfa70,681,231424,1000000008
64aa543fc86adc0e7e3c3571747a7c87d8d88522ab6afc1ebb34052cbe0a62de,682,231424,1000000008
907b70f2c743c70f358227194545c10005ae5851a56d5ed51be852f5e5bace13,683,231424,1000000008
0cad9728dcde09ec6e160126f31132bd63cb2f0d35042494e561882e63bfc9ff,684,231424,1000000008
f56b28c1939bfec3aa868622f373558f2e1a5f07f84af89889e28ac621e0ded8,685,231436,1000000008
23dd201997a7c364c98efd823ad5699496e2fdcf1f34e1ff799579fb2f2aa9ac,686,231436,1000000008
2a1e9d2047c0d82d1a598fb267cc20f5d3407051d84f5b5718f5dcb913ca38ca,687,231436,1000000008
2f651e9093cabc57008cd1f16296937e805f00f7f8b2ac9f9db1a8b032a46b33,688,231436,1000000008
2ad10f0200c3bb32e1b7b88f431f7897ad2c4a53e94ed8371d915c4555ef3db0,689,231436,1000000008
2b8534fa2634a89908e3c525f9e038fb632d09e66521f2fd57bdbf22b4e6da73,690,231436,1000000008
8e59e06fed11593c9f27fd1703440486b0e9a1526480945f95e14f24bbfcad60,691,231436,1000000008
62b96e05d7fe63e2131379a10d1f230deb29b5fa1178da6b52467c76a6ff1cb7,692,231436,1000000008
bc9e1b90dcb0dfc95993ff261e7a41ca6a0dd64fcfa415bcc9cddc8fd439be8e,693,231436,1000000008
e7782a80f02af610a64384259a36968b701987899c2804828da840f70b58ea7f,694,231436,1000000008
941ef21273161c70b21606744d510dff9a2d9a66cde3afa050ec16103411fd43,695,231436,1000000008
1d53bc49ab1d57190c14ceaf0b067bded7189c11628495b5562d7ca2641052d2,696,231436,1000000008
d5d123801ad4df5b25f0ff5914c634f01dc9811378adedaebfa9f9185635dc24,697,231436,1000000008
999532f3339fe0fe01a85b412e5a609601acd18036121990455003440f359f2f,698,231436,1000000008
0ece97a268127ff25aa585e44f859dba8b78d7887c15aa47fe4ef160b5212e46,699,231436,1000000008
df2f165e062bd8c2fc5828b4301f69ed7cb3d43b908912d8911bdc3092c7b299,700,231436,1000000008
5e6cc90f7e7ae547423e163cfc8a95ed465b1f91955206f55d19bbee79278691,701,231436,1000000008
55f356e878a4c46a69be785a02d9a6dabb7d5494364084d05d84c2a92c177aa0,702,231436,1000000008
f857028fee5c85372ad2be4371a8a1e1c84f12c16f3eebbd685f341bbf7059ad,703,231436,1000000008
309776be6c22e9c0f28ff6576bbaa994e782f8fa682ec800b51a947f17331cf6,704,231436,1000000008
3ad06b62ff789b488529bc26807928b9976aca5e2b636a7f55537afe96b5f2e7,705,231436,1000000008
4d3b51725a4f6eb4ae7c4d5bb0086eec9363a66cd06c96062687439c8120085a,706,231424,1000000008
160d7a3feb5b475ec8c8a757c912a29a1a2f08d0185f42a3fb62dde76cfed3ff,707,231424,1000000008
503040c69fc2e53bf9281c89a11e9dc502fb5a0d0c53c2732a06c1c2f0fe34a4,708,231424,1000000008
948ffbf45e0a57d1f21845f66d709ba2c4a30ab5cc68ee9bc0db83b48241e8f4,709,231424,1000000008
d039d673f905cf5a522c6ad43b50667622fd4601ef7be0a50276c40c05359b4e,710,231424,1000000008
06b70f0ae3e154a237612b4953a09c81743bcf53a08294a1081ac6dd03be4fb2,711,231424,1000000008
ca7d64fa14f67e14d36446b6c49d91d01c0d03d8f7803f7027562b90e76f4793,712,231424,1000000008
b62f9745cde45952c0a8c15abb4fed187f6381235bdf8fac2d291ad2db056675,713,231424,1000000008
e2233ceeb503ad0850e336ec8426c3d2201bca9ef24303fd623cd482f02cac36,714,231424,1000000008
78936b941dc1ce0e9a9056166a48c6d79480a0368cc9d05931e1289f3415ba3b,715,231436,1000000008
32eca8337a210f98ef5052b31e6dbece89c6b3d9d1d212624aa642a631874aff,716,231436,1000000008
c80caf4ff4d3f74d85fc89b23b8c5695b73187d9ff25b768a48b826656d6df93,717,231436,1000000008
f27576f737311bb230ee2d0910f2917e00dce79458285cf46cf9bfeee43c3c8c,718,231436,1000000008
7b1984bead44bb0d69934fbb22acd39b92e439e2be664d3bfa7fbde6caf13c75,719,231436,1000000008
d873b6cc75ccda95ccb79d3421e6f658ec6d3e8e3b30ce3b1e097b9ec96993d2,720,231436,1000000008
d6a04665550580a1570ec84ca8cfa3299ce8ed29aee34b2aebe5c098edbba3fc,721,231436,1000000008
2f53cc1e7822350e72ce54b23191096b2725929283dd91ec966e1c4dfed068de,722,231436,1000000008
fe6d2d60d3b22e90b6f0927481052610500c2c6aa7d0667ebd7dda71404178da,723,231436,1000000008
94064aaee8bbe8b0f47973d753126bab614aac80d9bc72907d5bcfb1c2c2c31a,724,231436,1000000008
b70badcfe4e4df7d58dfe4cfa185eca29e173e141804dab38c0d8c9da72a7c78,725,231436,1000000008
9c13722816035bf12f7b9b1955d7e1d1e1f5c3b45bca7f04d1607066bf143f6b,726,231436,1000000008
0dc553e9cc6a27648168ef760ccee2c8537ab494d70a4e66b6e73dcf18bcd5cf,727,231436,1000000008
b07548fb8f98d5305de0be396f9c5218e7cf28850604875259a2815af23f1ec2,728,231436,1000000008
5c95fe911f34bad8337ad58610f46304d6a515bbe5484f48b26bcfd9907ffdbd,729,231436,1000000008
be09238de09eaab76d43583e53bf157adbdb69524e1f5792cbcb297f997b08b7,730,231436,1000000008
d1cef43cbe4bd78ddd328fd13d6b046162377f5d415eba5ad89a7af27860b8ff,731,231436,1000000008
1bc362f27a6ad99fac6649d7755b54796872511c895c751badc31ad5481de429,732,231436,1000000008
74dbdbe37ce24d6878e1f5bab07cbec2482021546381eadba159ee713c5d3688,733,231436,1000000008
9d8c487cee02ab8c95cc7db51e076750f25bb57d47995639d0ec8e5d2a5f5efe,734,231436,1000000008
c75383ebbbd2d9b383261ec9f8c10b5943ab16a72e3ad28f07c2a38646e2dcd9,735,231436,1000000008
687e8942b794491a4ed40560a412f247a58e015a6807a979ca15a8e2be5acb64,736,231436,1000000008
161010e59d8988fa1cc1ce3ff6cf72d6dad84671db6f0a9af0eceafa52d0d772,737,231436,1000000008
0359099866d9c00a3f3715acd62eb801ac6e1884b16dcc972c1a54f803c37d5b,738,231436,1000000008
27390cd8c3b1ee61749525360ae93a160fcd8c9693abc1baef34af6263b5e7dc,739,231436,1000000008
745f84c7f484aba412eb208074d6683f11b55989cecd10e16ea73c97cee2203f,740,231436,1000000008
3126823c90dc5181816211bbc439cff56edd2983415960f28fd4fdf153dfe9d6,741,231436,1000000008
eaacf519e9c671355eeb5b0679091e8d6be597c80c614cdaf71f8afb2f2cb581,742,231436,1000000008
3b50c7fac5921ecf8ac61c17acc5e6ac1d8b136bdd196f5772e301d75b0f6a1e,743,231436,1000000008
ee32671ec46c495a918b5a00d2551cfe6de11cd017e6b8d5e1b627adff614231,744,231436,1000000008
00131460e6b8a01ef25380066172a28568df27d879be42048e2f713406302aa8,745,231436,1000000008
62824c4d41de0393502076f08fa522183f8951c104cf4b2db5c7a2dc48d358c2,746,231436,1000000008
bf309cacaf942abf00509bb3986aef67f91cfb3120848adb5e4cc7c09f1c9958,747,231436,1000000008
7deda9b77b56705c006968c184e1aa7565a114e3503db7c7bca4c17f2eac6fcf,748,231436,1000000008
cd028545fcf41f06455778ec93639edcb052c379159bdc54705ff56c68ca73f7,749,231436,1000000008
a01707d4fb1f380c59f8e48d26807dfd395e302d0912adb5909410360ac1f0ce,750,231436,1000000008
5ad439c15abe07e189cb2aa3915f7cd60eb4029e55cf53e8a16f50b8bab74d83,751,231436,1000000008
19f09069731f9e8e419a0d2c33d46b859778b3a5603c65373e5d974e63a01dd0,752,231436,1000000008
be4eee7020c7f5879b12a4ff45041c7cdc19df7569ed23fc9c8a8c4b860f79b8,753,231436,1000000008
ff6fa818d2f5a340911392fb90b67823cd96e0da63c409dbb1f8965038dac0de,754,231436,1000000008
a816077fd28f4a18e4607d5fb4840d0368fc7ddd740eff62112ef08000fe82c5,755,231436,1000000008
dd8c363ba61e615bfda9c5c4bf59d871cb3496290bda28ca82458681afbcce5a,756,231436,1000000008
3987c51ceff3f12f273fe23ff84b06d3acf22c5bd6c198a218f6c7cee8dc3950,757,231436,1000000008
eb5e5add5aadd1f68c13008872f0e819e1aed0f08756a48f30520397efd09a6d,758,231436,1000000008
e210df9de1a16c30a69edb110dbf27d5b4d22887f588ecc35e2d6d31a9f94489,759,231436,1000000008
89dd444bf56d60db44b95a6c7220fe0d66451ef2dabe187f255030d5f7fc9467,760,231436,1000000008
5a5c0d7a042ced9b01fdf6fa1bb1c0fa2d60d5723503d961df0688d6157fa3b9,761,231424,1000000008
415cb12534745c277b5045e26c550ca103d854fd233d17de95e279ea5dcb032c,762,231424,1000000008
2bb4997cc530f9e1f5806c7e3db3df9851b12bc98ff0a20ed25961738ce56998,763,231424,1000000008
19b2209efe8897234762401e824f078d8d53c5981135828fbd311f7f855e78d1,764,231424,1000000008
9c66025565f54e0accd87cc118baa14ea709b04f03f65c31665945173439a78f,765,231424,1000000008
f56afd9fbead815272fddb613ccf7c96bd9bb415b2a72610c8d3a6d7b8e39601,766,231424,1000000008
c318e19ef53960925d2e58c41ee0fe61a2ef3c1469ecf6716602858d589c06bd,767,231424,1000000008
25bb5f0c71c9aae44e3084a365c5a60701f0be4e7040098873411a06d2753c56,768,231424,1000000008
838079f1b23b6de52e56aedb13ed266419c79fb5de78d7bcf624d5ef209a4980,769,231424,1000000008
675cf8bb4ae8926b9504e9409b19d6890e47b2b787d483dd2b78aaf71a26bddc,770,231436,1000000008
a14cdfcb21b4ff038e1e568b52dc95b9ee0f1afe90c67d357c3947129a6b914d,771,231436,1000000008
201b053f5b5b3e9917addeb674db5df0c1e8cb7d87a8f778791f47703c3c4d0d,772,231436,1000000008
e433fc04b6ae4b5cce29bdb3458c4fb5d7bf3632df814d170ce61d305c70b4e4,773,231436,1000000008
515a86413d71b236f7ad1fedb3de01539cb4d8ae29708e666e0522b0e64c53fa,774,231436,1000000008
cdd024e327b0e48900f6eb8cc4008d85b8d86db59c9a2c233edb1c65b2cb49ba,775,231436,1000000008
b957bf2f8607926f3ffecac6ed64394fdd12b37e104597e9b19dc2bef61eca6c,776,231436,1000000008
a7c440206c264e1fa5ed07f53ccbf9c6f3522ed286ea2132c615ca509c1028e5,777,231436,1000000008
17c7a78a650c163f766e7ced23167a8ebdfe08f0253bca91be7ba62f2c8b3ad2,778,231436,1000000008
4c18f5f58ba6ee61a26210a0e87347109223a81ac93ab0b70dea4fbe409be7ce,779,231436,1000000008
385cda61983ee051df3554929a02ee466066ccaeb584c6f0eb370b45d8a11a32,780,231436,1000000008
6dfe419564cca5d445b8c9464654bf5a77e98eae5f6ad6e0e7d4797a182217ff,781,231436,1000000008
33b0d1d0ba18999da78e4b37f41e93c5d6be33aef3eb4631b313e6f1248d8b2c,782,231436,1000000008
e2625f27c6b4496b75a62ed69d8f51971876a6dd36b364d8ff349935a3c032cb,783,231436,1000000008
c39df11ff41f77e7c1cffa3740dc4fe6a2b97a3e1652119d24fe50f248db20ac,784,231436,1000000008
58cd4564f5acba1b07bba6efd64171d2a0e9edf43a8d300552000f290a919015,785,231436,1000000008
67a72e08c1827b94af98981ce055f92a097450428da0aa864a20ca1c12eb6cdd,786,231436,1000000008
c13cd5b171364501345bf5c72661676a044e47b0f8007ca27bf9184f1afb4c64,787,231436,1000000008
ce6eb4eb02cd26c4a331183d8eea9f84c3f73391fbf2a5dab44267f185044e14,788,231436,1000000008
b54616cf342494179b36b6366c2db8faf3ebaddce677fb6694e0e2522397945f,789,231436,1000000008
c1125e1a73e79f018a101c586089f8dddb0f9c98f709fc0db52688b3b0289946,790,231436,1000000008
0f86fae0d476de40de63aeb885be79bfd1b708e7278a953ad6fb0feff70d828a,791,231436,1000000008
b975071cb9c1dadeb8b3291feced3e1116d40a186a6bc0277a72a6277c9412c3,792,231436,1000000008
58e25184134f493a2128fae1822c828ac1531712110f83627e007a58ed7cd6ef,793,231436,1000000008
30a0e5584b207cd98208bea9c2afbdcc2fc1bd96d0025561f1febffca18dfab9,794,231436,1000000008
994afeaef1012e7123b091cdea2cdf043421b4ea9cc404d267c7adef528df645,795,231436,1000000008
921b51fbc7bedc7464d462f0af001d662c01941e066a4ec4ce4daed45dc21df9,796,231436,1000000008
5935cc0ed0d7d4a529459168ee99c5baa4f91cd70bdf2096449753b8c0908980,797,231436,1000000008
bf8b16f87a5774c24cf2ae45fcdd45350d81872be95d1645d108ed011472546c,798,231436,1000000008
04254681e577594e0a33b7068c3b0513065eec87b7be014ab236b7245e90d5a7,799,231436,1000000008
e5171f34666d8f4be624a5b44838e258c9ce0152197fa77e4d7a229e20dec461,800,231436,1000000008
5a9cb572ea76e8b67044c2ab611a4d7276dc51081e4863b8f39b2204164eddd7,801,231436,1000000008
fc198743fdd69450a5a3b7858941be3f34b76e7917fa017f573976caafcea79e,802,231436,1000000008
fcbfcb6b9fa6a28eb9fe385a38f9b0600329df958ddf97672ecfa067d114a312,803,231436,1000000008
fd8b536d1e383a17e5bbd108f66e0c76c613061987f1eaa2cf8a55302ad0557e,804,231436,1000000008
6cab9a48138eb6060608284db5d4cc2824448d711afeca8923e7ae201ed74943,805,231436,1000000008
1978b04cc5586fafb7402c33464bf9b8588c52f51f24998ad77bec6bb7229409,806,231436,1000000008
ca4f42a153b210fff5d7c72ec5869ada404de81bdad5d370330b9a1728da0189,807,231436,1000000008
5644596e24e95bf2ff5c6863786e80bf752e6dbdd1a999c61a29d0c20fbbcbfe,808,231436,1000000008
d6b571a53616ce0ce64bf42a6fced91da42bfa21223a13013c16bbacb7dcf7cc,809,231436,1000000008
2e0fe382099656f386aa76c40d3e20149455cb55a4bfabbb9e3a35f610a94faf,810,231436,1000000008
006196a9f8665229e8cc4fd3828b65ba4928ac12cd6100e23b43fd1cc1b2a86a,811,231436,1000000008
37745c7471f6ab65c9275d8ebb676050a2a2e335d0ecf5c8a9aa544ec6fef7d3,812,231436,1000000008
f65e9ba59843c9006d43fae782c15a4ec4b5d09abcbeb33b70a0dfbcba85379b,813,231436,1000000008
82ea52146d9c334f2abc296376941ad536292f24fd0c274f9279bcdaf472b101,814,231436,1000000008
98373cce29b925842fa314ca70903d81d8309464534d1eaa1c3bad1c9eaa6038,815,231436,1000000008
45c8c30da799185eb853dd6a70e0e6f7a8877cfe65dda1e075d3adf64b78bc81,816,231424,1000000008
6035bbd5fa9c4191b93a45371465a39c2373891684cf8542a918149a1db81004,817,231424,1000000008
8b4c40a5c069cd37ac23746613f0344d08d52d38d10d379121397051b8cd6ad3,818,231424,1000000008
c8dac49567428b33b396153a8faf5b8457e00d69b65b3d9869aa9aaa4b073209,819,231424,1000000008
22953feba030e566d44d49fba5aae6c89b362237bf2b9ba750aa96d0a0dac13b,820,231424,1000000008
557706b2aa16df2ca3c48e1e1b0af245456c27def83f9f698a03b3257a262003,821,231424,1000000008
2a5a7dac3d9ef396c6f7d35aa908ff85ad91e6c11df83c5f52947dfd6ee13daf,822,231424,1000000008
ad79006b72836b3fb366f2029a65c2ec96352191ee242d0ff2471fa197e19a41,823,231424,1000000008
86c14d20ae9a16ba6a6b60283f2313a08a7dcc04b80e429e50bf522ea2c4f0c2,824,231424,1000000008
260c57c1c5bbf7f5e02bd173ecd426355890b01575a14c488249eb0c99db2b96,825,231436,1000000008
22495662eb1803a52539762f586458a286de87af87e6d3d28375fbd06309bd05,826,231436,1000000008
069fe5bff762ff8c658560e920f82399178c78fc7af5f5bde3f6009af676552c,827,231436,1000000008
1275dc729616fee2b4d3ac0a8b902d6f48393d4bf8faf1705d2a41d209266b55,828,231436,1000000008
8ae30bfeada12681087404c8604b0b08a401f0a6418025e2401e0e11075c9e1a,829,231436,1000000008
c8510d6153662d506c1c6537cfb0e6018ab85af1f53dfe095fafc33a2ff03f35,830,231436,1000000008
21b845024d450c702c2548524113d0e80e665eed4f87cc2f65c282912157a155,831,231436,1000000008
a1da94d3e49f9fd2d8270c32fd64d13cb20f05f567ba2b36b307fbb5d8045336,832,231436,1000000008
5f5cb9f4c6d000871930004ac3ead7b38270a7b3440d03463dc6e505eded6cfc,833,231436,1000000008
4e49589ec5412e704155eb2e2d2130ca9f6c325ea80dd39f13af31d57de41177,834,231436,1000000008
25560a3898b023b6f7792aa29145dc1ff1930fbff580f1695147cbb6c70fdb73,835,231436,1000000008
800126ab7e5bad888bc927fb1b50c8e531c8b26471de25aaed00789ec2599164,836,231436,1000000008
e65c496e9248358c7b2c780b5c3f592c56d3cf1b48cc850bf091b4cdb4acae42,837,231436,1000000008
5cf405d5adb8b473a999ff7f9ad92eceecf856e5d4915cd17df12a366422c5fc,838,231436,1000000008
fc2e0f690729b47bc7e201068f18446bc68ef85ed30608999a7df33be3c89f78,839,231436,1000000008
c1276deb265898c58d55a3d3f535056c371fbd98471e5eea0a86e40bc8eec41a,840,231436,1000000008
88c2961367496a752d885a12abe00043b3c99fc5ac23044e411dcf561b7315b9,841,231436,1000000008
f53536fce67f69c048c42593941b265587ea4a1655c68329f0f41cda1e5bc449,842,231436,1000000008
fc929a499e661e2d4ae2b6d657d76bea235ae71438e627d0dfd65af50c4b0ff7,843,231436,1000000008
084228e7743806421acce7f610a3f070491e357d0a03013e649683729c730506,844,231436,1000000008
eb89bbbc71642ed50537f05898a675eb8f28f81aea0f7a0bfcfe809eea53843e,845,231436,1000000008
d6392947789043955225d94acf604b404fb70c6c80720b2ec4f95bf9b5af3ade,846,231436,1000000008
85aad5f79c108ac172776e26aa93f312b826bf933e5e93854ee345232ccb8e84,847,231436,1000000008
7b44585af850c2abc57f7e8edd92ee2b871fa1622cae4835877ed1c6da1cbd5b,848,231436,1000000008
cbeef71205d5497df19151d15013655586c1433362dbcca6f10d07a60b89d5ef,849,231436,1000000008
1070db034dcdd41a89223be8d08771817e8d50c05ea753804ea95f0763ef83a9,850,231436,1000000008
7c19978682357286299118324ad9fed8a839a59a65a7df8ff26afe1d612ba4d0,851,231436,1000000008
af4779d2dcf60321abce7128e5d38b81bc146ab9a0bd48e5ac5bc293aa129392,852,231436,1000000008
e3d1c0b710f90eaeaf8fccb38b0cf2a705aed6c10709b7bfbd49644a2203453b,853,231436,1000000008
73db4697a4696914e4a9a4250d056c6ecbadd6c7022328f186c38bd44d6309e5,854,231436,1000000008
b44160a34f73e87b6ca21b1bf52b3154b286fe71d61ac4f5242a5514531a03e0,855,231436,1000000008
df681664239e0402d1728996a019cacdbb505675e8a2e108a8821385ddcd15db,856,231436,1000000008
4fe7454734c41be4ebc4899c8517eb7e8a35bd58fb478c67ddc72b5dc6330263,857,231436,1000000008
03bb0583ea115008512dcec687c07ed6ebce2771929eccd5bb88b38ca76669d5,858,231436,1000000008
6e3cca9f928a5b6ca0bad26270c8ca2f0c512a288b08d770b2cb0f819528aa9f,859,231436,1000000008
d7d451e58d42cfe65ab84e00b25162955a6a42d600e4f60547ded73661008022,860,231436,1000000008
94415a3714760842462a32b149a4bae2cf550ef4ec596c75571b67390468e4f5,861,231436,1000000008
32ae9c61ab40ba00e49e14ff579826c1af1ec95ad4244bcac3f5cd34c2195e67,862,231436,1000000008
83fa166e10e5fccf36fd210f4f91903708138aedde9292fc2b5fdc07ae4a0436,863,231436,1000000008
9e4d4c3a7b0f33643e695fe3768e8f627b2be3865b7eb0f12187ee612ddb4158,864,231436,1000000008
e8eae03dfa34c0b5e6c43c3fc39bd7aa3491435d3706b567fed9e11b0d95ffa7,865,231436,1000000008
8b4f4439cabc17e95b1d9806760fec221d0323df25b6aa3d484fdae8f4c4814c,866,231436,1000000008
8d5e61ecee994af0a099e5b40fbaeadefd652987213807e0c8052df5299bbe34,867,231436,1000000008
43e3cf132ce26cd2be19afd02e2b253a234828b2ad908cf7d953e6b7445badda,868,231436,1000000008
38092e23bec14be0607d2828656bdb7d1a1abfd19a1821248db725cae7ee7136,869,231436,1000000008
e914ad176566543c2d6a8dc64bc41512d60bdc93fca48fe779203e03a7e440c3,870,231436,1000000008
f8f4c43f362569915b7de84d1797d24a7740d585a768ed25e785834b7b9426b8,871,231424,1000000008
33b4bb49c5c0d1625b1ede1e00a6f084e37b00196b3920f4843199cf6b926deb,872,231424,1000000008
9b6b5664c4e012c5061fcd4f415d6e26169a1a8a7ce726598f28db050aa2abdb,873,231424,1000000008
632a12aa22b93a907518eca21195728b05e3042354eefecd1abafe7a80c3dc7a,874,231424,1000000008
471eeae81ef3b3032f01d2193ef9aace0f6d52d5988c76f74c285c4473c2c2a3,875,231424,1000000008
0e56ea2bba57bd2ee5b4b12b3b8c898dc84f65046f47356934630470114cccb7,876,231424,1000000008
37957a34d71e20a96e8660652d89806c8c749298e6b29ccb0fdf21f9bc181285,877,231424,1000000008
b3303fadb7cd33519fef6b1e4d4ff1f0044d93f2051f75f3b5e924ed590ddac2,878,231424,1000000008
a817a18863e1275e38c4532479647656d4f94ebf9f7c86a94d7729863f087f2a,879,231424,1000000008
30cbc2642ec86c2219c5bfef670538f048835ac40b472e5507fd2be0337b7740,880,231436,1000000008
688f6aac2a3f4e54ddbba64a79c6ca25b2588fe1db38107c83ed8f7bd009071b,881,231436,1000000008
8f1be9cdc9e3c07695782889fe24fdc571247830e4faac14f07d641175d2ca97,882,231436,1000000008
b66e4d4aebd482b9bcffdb7a0efc8ee383f7758c48d5c499438d3127d76a695f,883,231436,1000000008
ae1b01d5bc39f8b7a3b836a1b828559781758a575a4e59372fe50ac330128d21,884,231436,1000000008
32d5cb63ca823ae17faaf342ceddeafa1e00a90dec06253ef4af8a0281410561,885,231436,1000000008
03d72aa07387b08e95aa1edf59d967863e72261a2405d05e803447808af74619,886,231436,1000000008
62e5c64079392ada499502698f8d995b9d94ee24f2bd763285f251ec4ff5fe9c,887,231436,1000000008
936a850b71458a0f12282767176d5e141f7a952183ea847a49e59a39defa5d2a,888,231436,1000000008
4d50c03915c071a1209f8265957ab74287f7f4aa9dad7f8eb6de596334b2e70d,889,231436,1000000008
c3a403170a74a4757d72c2e3a03250de298c6396b3bdc5316002412c306ccd2d,890,231436,1000000008
99393789c2b27f9d41bfedd1c8da52d24886d09583acfe3f4d0fce67c4593aaf,891,231436,1000000008
abe65f9d8f3347e1d846f3712fecf67df6250c40ec6be34f14c0bf1a3220e2c1,892,231436,1000000008
4130bdff9ab4b12e5fa365acdf5e0d86b4913bc2a3f1f0b19a721d8c1f07909b,893,231436,1000000008
33f138d40fd625c03d481b4ab2c33146b43f3f1d94c637bc6587bed38068362d,894,231436,1000000008
b9d14a482f80af71b592c68e2e8f018bc009b32fed3bf5f88e74caeb7360a3ad,895,231436,1000000008
5a0b2447b910d17459f741bab031202f34d4653d75a084826ad71d676b838cd5,896,231436,1000000008
ec4171f80bb15b8ee3689b8b5be4947c4a10546afa2b0bda702de83e09f39e18,897,231436,1000000008
1d8de5ec76bc5caa35625e9cd37917b36e12a3b1fa663112960635527579d9c9,898,231436,1000000008
0863ac8ccc0bb892e85b27b05aa1765bf7f82a097cbdcad0bf77b7d528dceeac,899,231436,1000000008
19053e3afcdc0403bde6b451e03203de4235e844808c006e1894aaf50a9ffc74,900,231436,1000000008
07030dd02742025b50ff63c524432dbe55c1d64099c5d751af7a82810d7e79dc,901,231436,1000000008
a9edb45af87cc03753ac3a04cdb6c28a73aaab3dfb46a83c9264a97d7ccef81c,902,231436,1000000008
07659af3ef11a0669e99278f967c671c98d19f12290f743858629ae82a8d08a1,903,231436,1000000008
c892948cf3990bebf2acfa088a5e01783c08382ba8098ebaa6852a0e11fbf888,904,231436,1000000008
ef345840bada7a7e00f786700b7aff89385d57106d795cbaed4e6d994f10b369,905,231436,1000000008
05fb0a98c4f1c8f56df20e48c6de07030a9e7b195245abb0b06d38407ca203a6,906,231436,1000000008
f744633fc59c2b04d32878c1335b5b43d3aee8df48b4dc4753265d358fdd8752,907,231436,1000000008
594fa487b94a8d1f3c1e27f3a1480e17aec4606a2672fc12e75c5e52c908ee0f,908,231436,1000000008
edf009d7af64e5e74f5f88e5c84319e19d0a9a77b57d1224f9369e66f72f6410,909,231436,1000000008
c2a328346abe6af9b74566b744a8637bedcb40fb9afc361743bf0921db17747c,910,231436,1000000008
5b1f779346f7ef8d49e36107fef9d257c8dbceecf0eb52b7c9e2ba1bf23ae8cf,911,231436,1000000008
a6b7a1418e7a14ef39b07c3d28f50341d6e1b0b8ea27c221454409cdc4334bac,912,231436,1000000008
fead95c2144fe3037eef2f7f30fb4c9f9b14cd37c1645f58e730107e12d7a2d7,913,231436,1000000008
92d283bb1519b745ce0c2503dfcb083f91651f6733019c6a8cb9f094f6f96b51,914,231436,1000000008
05cb69ee2e4e819f0ea36f0a684a235f5d112a57f3c6049311166ee712198bfd,915,231436,1000000008
b14ea67bbc8ff7dcd65502a6d77756083de265539ec73ba4a59d2c6b5700ae1b,916,231436,1000000008
208618164907628c1c04e802d9bc499ee09bc744e77e2e898285db0c83e58af8,917,231436,1000000008
84f575d1c04e8a9bcb700699d61c8766d26660410c6070e72ab567d1dcada13d,918,231436,1000000008
d3bbbbcf998637b5d65ef7e124c0923a63c68785d2ca59881ab502d2508a5ef2,919,231436,1000000008
a8eed0e5fac5ec3dc21ec86c64465f27085e50910207c0358964cae6ab3b728a,920,231436,1000000008
36e5ad3437f9dae4d8a5c87b9475f11299f4eb2fe8c75dc9aeac2be371ead2a6,921,231436,1000000008
45e6063b0527cadca095382f10727d74d54678710578b2c21c093c052d7eed4b,922,231436,1000000008
2526b77c7c6c747145a0ae8ae3f5f09313c94137b246d8016a587908636275ad,923,231436,1000000008
1ae7f0938a8ee3fca5515e90db999a04ef30baaa82ddd9eaec4162ed00c13a50,924,231436,1000000008
a6d7583c56f31306df1a1c3f8d3e09a32ddced8089ae26108f23526575946888,925,231436,1000000008
24df232f44e25b8fd6836f39f3ac30f7436b9bb634444d49e424873ec58c0b87,926,231424,1000000008
c00edb46e662f4e61a6800764802511e8221762fe571897497b8054957c5bdd8,927,231424,1000000008
5ac8b5c7cf5a969fc6e97b8d050a7c7be3966bfb536a1a2e948fc1fc63bcfdb1,928,231424,1000000008
d005a61ed7294f26069b0667b9e2cf016ff7d7d243cbae0a654d2215839bc6cb,929,231424,1000000008
b8fbfd7c4ce3f48d5c8b4a0258aaf2baadb13eb3f9ec720873a8257b66d6c309,930,231424,1000000008
43dbb1f66f1cf0d5518982a03dc1f27270cba0eef62361fd90755a81314c0256,931,231424,1000000008
3dc64fa26b6b52f22ca57715188743f9e2c5864eca5d6c59ee59b3f78d9e115e,932,231424,1000000008
1d086e874dc69f38845f2fa8f3271e3c7bef65d4ea6acb080b9cdc6b1ce17ac3,933,231424,1000000008
2f0a67bb46dca8037143652741743abd3091879d0b5370024146bf9ee4b56b3f,934,231424,1000000008
14a6e1e76341318c10e8121a2829b0b4d095015baf74d6340c738753c91d8234,935,231436,1000000008
a1f528fa43d95728939e3ab5dfb5243fee900e2903772ae28ef617a4fd3f8194,936,231436,1000000008
3b92955b0eccf1ba84d6bda5bac3119dd3885865e11ebbdd6bdf40ae4d2189fc,937,231436,1000000008
8787fb33ee37bba9741cf83a999c4bcfe041d646221d586d81d970adc164725b,938,231436,1000000008
9173316aacc964f9d3c41fb8a4f56f572cdf2356e4d6a23d505df4551e7521f5,939,231436,1000000008
f2cae56df6c38feaacfdb126f002174c05b48ab49604f7bcabb336628cca7391,940,231436,1000000008
6a14800ba52a6c28a0eda847e5421551c752170e1f235762aa2039b714706afd,941,231436,1000000008
46d3880139b50b9bea2988aaf01f4a13e17879462f6985fd4899b1d3ff44d436,942,231436,1000000008
53d5783bbdcce086767589fb2faa0665c64df7b82bd30eecde28884462ee428f,943,231436,1000000008
f552dea7f92f318a915457e1b3bc89253f1dd3a59946342f3fa520fceb351fac,944,231436,1000000008
abb559e665cd35ea8ac9449981c080448c1140f549aebfa9bb6e17f76d886dd5,945,231436,1000000008
2de738bbcf3b87cbf1d5abd9758333d2dba1b7b7c8cc30ef187c73f73dbb6242,946,231436,1000000008
0c773f27e0700a219abe072f618739c22593bdab70d6a71ee441a30eeca9d6e2,947,231436,1000000008
7472d6f8897364a3b83790b167181e68390d9f0c7dceae5e219a57766f13ea93,948,231436,1000000008
954f7ee7bb3b7ac3e6ee2b0f32142f42f1cdb32aa4bb39390bf4f82f522824ef,949,231436,1000000008
25342b57b4ff9e1d015bf9f57d115d26e99a92a2ca0f3229a0147d3dd5328c02,950,231436,1000000008
70c86176267b7a93e185a95b18f08441cd0c21ac489586dc0ab73bb86ef6c2df,951,231436,1000000008
5184e5899c4ce10b53b8cb68fc5fac74580b3b9a54950da81fee89cf21c9576c,952,231436,1000000008
e9f217ae2c5cf733c9339a600b8f97f791b3a23a0f0b19b17264ad821f52acad,953,231436,1000000008
d654e5a5aa409ca1ea99a442523982e8c17f4cac032084a33d2f842a13f55ded,954,231436,1000000008
bff277adf98148bbdd9fc1d8d3aacf223f5e2b8014c037beecc5fc1450b78962,955,231436,1000000008
a04922736809fa6fee22cd32943dac7b8568db62c28661f8b8188653aa1958ea,956,231436,1000000008
23c2fe8d2e6bad191d23ca70aaae609b6adb6540fd7bb8043603e41ac6d66553,957,231436,1000000008
1222205b73bcc3913825f8826700a95ab9e5500b4948d2545bfba4194de6c26e,958,231436,1000000008
e5088ef86e615d66fd80ad8429e26d9fe14a8bd3baf33c429e4d3d01e53f4aa2,959,231436,1000000008
48798eb8b938cd07fdd86659ff045f95be6f0eed2b35dd6dac3f1bf19fb46981,960,231436,1000000008
8e87b080f6ff2a81ec7d41c568a76c610ed65b574136d10c78175104615159e4,961,231436,1000000008
be479c3dc91edd56e93892677d324fbddc7488293601c887a02deb808e9f963d,962,231436,1000000008
3bfef6ff129761a28d33dab7d2fc67cc8a7c93d8ba8d9d8dafa63933ca7600b8,963,231436,1000000008
0d7cb2c6e279d16f3094e09f450922c0a3ba40fcc10b11bafd23273dc618f0a0,964,231436,1000000008
9336cc158bdd724203ef94b74688da1492d0878126e2c24e065488a126262d1e,965,231436,1000000008
f97c41eae42542afee8f0e86f3c63e941eb669533bcac2d2ce24bff55ba61169,966,231436,1000000008
3b48a184b980c13cf171db62721a010605742d0bfefea98191493dbf612d0f8b,967,231436,1000000008
3bc0aa49e7aac94fd2a0320273ca66cd2cd6a3fed0b6f2623f0cfeffbce59390,968,231436,1000000008
08d8b350e3a0d1030b4164732ea4689b659f570582675273fa1f0f13d5913917,969,231436,1000000008
c76a0d57d4b06a3c69a4ea667be1a26f1474dff813c6437e73e122af8c8efd47,970,231436,1000000008
359b5673b35fd34bcf456f5fd58d8969cb931e4cf7aab2267457e7cd2df93d9a,971,231436,1000000008
b36b42093f0a18481ec9a6b638e60b1a6d36d0f643e1f6e31d8cb9925abd5237,972,231436,1000000008
0a8ed3b2592299305c0aced6000b48c6153aea9b0f29b82c085fd81e02f86716,973,231436,1000000008
11366e27d8feda75c874e4021d5ba8fc481c07863b13cfa3d2a8c8f943199019,974,231436,1000000008
fea92e6f0c42af3adf5b64ef14b934c9f7cdb7626270d22bbe1328f7bcc12e83,975,231436,1000000008
e28bc4483800657d32a3b1853692ee9a8969ad61b972517c97267a44a5c1d60c,976,231436,1000000008
236ca4cfeb13be05015aabc274a0feb593b9c902f7b6cafa34781c6aab31618d,977,231436,1000000008
e41fff7cf29cd128bc2444b7de5d1615f0b95d80e8e48cf6f4212542e7fee772,978,231436,1000000008
fac68ee920318cec1873fa1a3dc4e95e0e4d0121f0a189c454cb1e149828b03d,979,231436,1000000008
3cbe8bf501ae9dfd8cf40bcd009b5fb711d11fa32d2f329fe6b2731651acce01,980,231436,1000000008
18b1d661f3850ec218bcd9e123401a22cd233c1ed6c31b3c3f0d5b4cc78fb489,981,231424,1000000008
61f170d040fcf958d849136689a0eb8695fb3af59326c7adf22c7d3276dd71da,982,231424,1000000008
0c3b0d175b950a356c7e9a8480db06009ec2bd83a78cfa0c788be3ee84e590a2,983,231424,1000000008
fc9aab786376ab4aca01bd8c0c7d101834067129707a2ab4223cbe532c554d40,984,231424,1000000008
e59ef51f61909d59e9ac59a030d256820d265b50f66e9df694ab3f999633fc52,985,231424,1000000008
609082750cf2ff8a15ca916d442d5c8c859446b427987b397d2c0500a8716520,986,231424,1000000008
42be6f4c9b9ee97d648fcf49f7d48622b5134e15b80970fc06f39dfd18b9265a,987,231424,1000000008
6f8479fbbb65001c99e8d96f741d45d85445f10739cb847c723ae3fe589205b1,988,231424,1000000008
82f014dba48d9c4842d82bb1782be2c71780388854db52150392b39052899983,989,231424,1000000008
dd537d326fa9b6ea8b5a139ccf6b93594f32c1c107c8d774adc3f667bca8f7b1,990,231436,1000000008
d79b0e658eb38a3ab42beb17b2cf282b80b65c3966d9b3045c28f97004a60f6e,991,231436,1000000008
3476dd0f5fbecac445be5568efc2a4d9f7e0d20b0b9490a0784da5b68a7114c6,992,231436,1000000008
43f5c6eb2c37e4e663077b910e92e3337c39b686ed6f3151461a3701991bfd86,993,231436,1000000008
66b7bbac906ee60414075b4b368c2b560cda3512d7fa701060ed2d32b91a9f02,994,231436,1000000008
968da07dd2c5dcc08feebb83ac5f2e1a7ababb011e5bc368e0d0a99c17ba69b1,995,231436,1000000008
3abbf1224de44a169a9da439a07390bb3259de45ac95949f56f33894186510cf,996,231436,1000000008
d0b2d927f314df45eb1b246ef20885d671e732d22c9908573f2ba9346c31115f,997,231436,1000000008
e5559a4095910881d99a76167007ba5d71f997b3c19038c6d3e119e83f33ba22,998,231436,1000000008
3361a71333ff34b782fd394c6cd036cb4157eeadb890383bc8e3db3562f021c8,999,231436,1000000008
43e0f71057df980af8b4f7a291abc35ac2ba0b0ffc9e3b64ddfa960678d52dc4,1000,231436,1000000008
679845db2bba2e36a100d5f60a7dd36a7f81b474a3e6191c057e05e443be5524,1001,231436,1000000008
611d8b318ea6ea21733fd682543c8f6652141a74ccc5fe82d346bdd5e8ab97ee,1002,231436,1000000008
4c911afad436a89cdd2e864b92af83be4b3c38b40023d45d04e8151219437dbd,1003,231436,1000000008
52bcbe3fe9a0114b236ec7c276c7e2b9825ed44f4ec9cfeb4c9e6e83b77027c2,1004,231436,1000000008
62618ac04d35b38cb6d7cc44314089ecb6a43e375f6494e3f45dbc611ce05f08,1005,231436,1000000008
221da7fbd887917091c1ae721828be9c53035216ac77ba7d833e78ae97e10fe6,1006,231436,1000000008
3d8261804639b938a60d7f5a0811f0608a5dcf34ff63975108a1dc062123a46a,1007,231436,1000000008
fb0afcec2a15d5fbbbbc1bcd5f083ffd2fd2df6796aca3f7e30a50d717645c82,1008,231436,1000000008
b85267635b51a11bbac34573653cbf69e24b6cfd6ee2f43e2f96991598e31577,1009,231436,1000000008
973bbc3dc91d3800273731c7c77e4f62f82617b73e1bbc988ff8179263a4a588,1010,231436,1000000008
08e21546c7d08e4ba4326123ada9d6be38baac2033e4f72e1f5b07e80ea34d3c,1011,231436,1000000008
b4ad26d7cbcda9fe8999f21a4d799e02f0fda089626933df7d4beb60b70b50c4,1012,231436,1000000008
bd7e65de36bc9cd93d0e8a155b46cc554ddd839f6ac2c331780c0b0ba4a2000d,1013,231436,1000000008
212b146d00e955d78cae720c24bdacaee707076154417097b82bd8c071354433,1014,231436,1000000008
0bdeaeba8039cb232dd495c1d57e8473dc73701d8c5f4e9c6f66aa300b2f1073,1015,231436,1000000008
528f43ad9847ac5da34a560f7ea43ddcf6a768eedb8ff1776a1cabc7a6e78f5c,1016,231436,1000000008
745d6ce6047e5ee38a5308629e01a48b6ee8882f5e05c6f11b78d015d81a4e9e,1017,231436,1000000008
aeafa02429647c1ef3b4ca0de46cdd3aab0f90c4ae7bfa8b4fec5b7badbc5264,1018,231436,1000000008
752665b6b8201061d44c838a13cde1c3184f771129b273ab219caaeee035ebf0,1019,231436,1000000008
c7e094b6fb838e2158a94221420e786c0345b5d5280fe5a5f3d1e1c47ed9ba42,1020,231436,1000000008
34de0a285191f05669903358f62449fe260b5074b4e6e6a71a693e2550d921d4,1021,231436,1000000008
eb1c67629a98ff62a176c2795a0d55a06554f993171678f9416b598524fb566e,1022,231436,1000000008
5f40d87e04f53cc74517e5d45b367959d90eb5d93b186aeab6a858ace7e51fd2,1023,231436,1000000008
e50e1b35e0bcbc466d7ff0722155810504b756300b4f07cde201d6fca4d92729,1024,231424,1000000008
bddea2a843a9ec826fa1bc7596c81617d56d0338d982d9747a1179e764deec85,1025,231424,1000000008
5ee4840888fc319288e7bf0c156b390de95ce67437d0326fd5ac58702d316653,1026,231424,1000000008
0dc8cd948cf3bc6ef5888b8a1b2803f6d8816153b376663206a5cd81c5eb5dc0,1027,231424,1000000008
413b0d9ebb2761ddc55356aa61fe50fbdff4cda77df22d161559de0db97af8de,1028,231424,1000000008
d6e8c2dba8520fae54b2393f63e642731b571528f3b36793b176db7d921899df,1029,231424,1000000008
b4357657e0480457666c0705bebe2e67b6006ff67407e0264e2e08bcb5cf6f4e,1030,231424,1000000008
acef8e53ec4e231d4c791f3a00f08ee478430ac2db260f74a965ee93d182f6f3,1031,231424,1000000008
5481175f4ddc4259b35243f71a3cb606bcaf21de85a73da4e2adb59cb5d4f6a9,1032,231424,1000000008
f598bb85c395606cb721069a4a7f248c120b85f989e83cabe07dfae400e8ecd2,1033,231436,1000000008
028643c641538cea989ebe1a5f4bd196453dcb3723411cceede30648e3c5267d,1034,231436,1000000008
01d0d573d22ae27afab2a73de637d6945bfff7b6b24aed5a15aaee96164b2521,1035,231436,1000000008
6033ad12ef45ae0835a2a4a5169c46d9a5cff81ab934f797482fea82f94dda36,1036,231436,1000000008
962dcf5607efd6869a16223ec14cb56c090fa716af9130efd1740056400a80f7,1037,231436,1000000008
dda299d31b1a8d22df32748bf1a1d77c6b868a07389cf7905be0364d0066e306,1038,231436,1000000008
41341de359a6a116145910b6ee240f71e27cf497760d5a5542dda3af8deeac3c,1039,231436,1000000008
b66e8d2f71372ddf914cb0203e188c9ac63845ad0521a13434be01269b61082e,1040,231436,1000000008
df254a589dcdf33446e77c58e0233799b3cac39dede3b283e6ad970b22dfa85f,1041,231436,1000000008
3748db17eaa1d1a4b143995084a7aab1d284c2f9bd27a39e7c2c5f8ffe5a16f2,1042,231436,1000000008
b395d4923e969e7a6f236cb184b0252a447c0cae582a3bc12c9768b65aab4a61,1043,231436,1000000008
c93d157bc0b9a408c3e2b281fc4c66ab7f9559ea32bed2aa1092c1756077b8fb,1044,231436,1000000008
7fece5960cfd01307d0e512afdd0cf795f3ea8616eaccb10b1f826b8ddf1aaaf,1045,231436,1000000008
20137c16f38094bb6436880d16861f51bb83140716b1baf6757e0cee6d03b020,1046,231436,1000000008
efdbbfb9d351ff64ede3acad9cb729acabda11b4d702f7f4bd2a5cc45185a82e,1047,231436,1000000008
b3eeed8adb99d634ed34385ec83f85291d7e501ab4e1571b105cd7e1a1225418,1048,231436,1000000008
148d21b828b3b3826e3c174ba94211dec6acf156d2ba4e5408c4527054dab160,1049,231436,1000000008
bb450e8c2b2c77c7864dac04aa46a35d415f8240d57fd09a0e87935a857925d3,1050,231436,1000000008
401e4104a41b5c9cb03802bf4472d1a152a66603136592f33d592c86924ecb6c,1051,231436,1000000008
46523196af5ca53ccb866516650ba3d18b058f03f9153250c15bc7eb5aa7efe4,1052,231436,1000000008
a73f8f5a6a2028a588702109658e3cd1720cc329894680216b2a321df139bd05,1053,231436,1000000008
ca4a334a7defbc36c6c6fcf6a675b1f83603cc837d50f289f7c1adafa3bd5c98,1054,231436,1000000008
64fbd5e1165e761806e673598ea79160d540099a8e001bd537172c0b286506f4,1055,231436,1000000008
678cbda1f1fd541f5de088d731837ccbf326626ed38415c9db1fe3d43a7a4541,1056,231436,1000000008
cd25fd582c6743bd51f79550935869a26b5e08a5a55d319d9f82d8bcd571a80f,1057,231436,1000000008
f1b2538b11a3fb9b6ac00727936b01aca6c430a3681bed1125e84da2fa89b855,1058,231436,1000000008
f566116f4adbc3ddfe81ce5ee599be10becc3511c758047f34bb3481f3056342,1059,231436,1000000008
6d12118c001367eb4c7eb39c82ecd2cbce7ea52b55f26c3efd294f8d5dbe6256,1060,231436,1000000008
84b17663b7efabdb26511232744a65324dce4901a054893911b86a4d6dcc8d49,1061,231436,1000000008
ef9510a5a8b6a53b6893ff06664bdbaabe98f9c247003f242c003448824f0683,1062,231436,1000000008
49c35d3a05bde5b6ac974ea096033113ce518cab3348fae3250e6904105e289a,1063,231436,1000000008
ec027e0c7ceb0d6520849ccff383686e8ef7fa2ba370edcb60ae0d82b16399bc,1064,231436,1000000008
8dce518312f01f0092c42ecd939f2dec6d0baeb1e2be83755cfc3461170a4501,1065,231436,1000000008
3481c7fc564b070dcd6e96122d47929f1aa0001439eb685a0a70ccf3cec0e5f8,1066,231436,1000000008
8008d0ac34b82a2b13d3fa8b3077fb47a2695440c689a7c0b0e8d7b7c20fdd4c,1067,231436,1000000008
aceda27592bd4b3061ca3ed72ccf15ed38fe28d40c3c6dfe580ed150b9d64f42,1068,231436,1000000008
8daef0df570257db07f5882c44e3bc35e29a9244466136244e98a649e1e6d0d9,1069,231424,1000000008
8b2e724eb2351878f755eb13cd3c3351b33019c0f033dc8ee2a0d96f39dde88d,1070,231424,1000000008
b68a810fce2e3d5c07bbc9a5f159c4f928d8ee576d51bf7adf4b5eff040e5ca7,1071,231424,1000000008
fcd6b26d3e623e30a33be273c26a0a964560324bc97ecb0bc36acc9287d61db7,1072,231424,1000000008
e712fdf4a88a3e806b4085235f6cca8426bbe1193a1986a6e69e1de2f54a7a5e,1073,231424,1000000008
cafa98b39ebc99a56bf501da675eefd73f31329f72d04ad5e3a194c72a8efad2,1074,231424,1000000008
31a2e5624a3a675da9b505a5b7c115e671c829d6ae84b7f8ba23ce55c9bc255e,1075,231424,1000000008
05d90ec07f6537d8abdc2cd8487e828266d70c3dca290b1c57fe79202858b338,1076,231424,1000000008
c001a3a87677e7bb76572ca89e46ada022937af9b15e125e75618a2dcfffc69b,1077,231424,1000000008
21f87029065c6a70b8ef4938d1cb1c4a80fdc71757e485c1192c4efec7c312a1,1078,231436,1000000008
e9853442a2710f94c1b47d97bbcd946ce153ab968541884b47f6e3dcddd0df33,1079,231436,1000000008
0ead8d2bfe3b37ee682c97d26f26f237dcac9ec7da4d2ee616ee12b131415396,1080,231436,1000000008
f91b0dd486c50e6cd7f95378506220ce20777851f4b2514060070d4894ef834c,1081,231436,1000000008
44a6e2e0bd8e7421079ae84ac25ebde4596f8b1d59e6d4da85a910d1187d8938,1082,231436,1000000008
6e7a81e10c0b9d547256bfc811ff8bdf18810d8e1221b37eafbc2fb1ba4584e2,1083,231436,1000000008
2945ecd0bbfd9df742707a62cb25640609f5d69c92971f77cd41d8a938f1a6ec,1084,231436,1000000008
63a832a6127688571f01f683fe983ef4446ce589fb89b6192214d7f3148ed443,1085,231436,1000000008
1c8065c21b6a4f4d97f1a906b040d268d219ccd02f6ff365cf7fc224d864c9e5,1086,231436,1000000008
319a86482d8ae38279232de9e6683456ef9af14d5d56830b45e5f9ba12e42243,1087,231436,1000000008
7ba2cfdb3d971e9a37c9a08d0d398eacf55c4868ba1581daed1d3426b9151c0d,1088,231436,1000000008
37bf2ae46ebb31e79debebd693bb27ccffdd2c9f857d2eb497e692478dbfa966,1089,231436,1000000008
f27120baf4dc2b832c18de721ebfbe73a2df2e7d20dad58f44b75ad5b15a0280,1090,231436,1000000008
36a8fdbe325ef3956e5fe9e0a3b9ffc7d3e14aea13b1d14b6b22c268439d7f63,1091,231436,1000000008
fbc7b77e15718b5404ace2e2bb0295eb5b1d061c078bf02bc6a1949fe3104774,1092,231436,1000000008
c3e8f3fc5d7ad669a32613c953201a23f8d7edc4f2d5e732585c1150d540b58c,1093,231436,1000000008
a6189dd1f887f45ab5e6c58d280aeb090449caa3b48977d063b340e123e5cb76,1094,231436,1000000008
7633835993eca59aca3c411258deb6f04116b19bc5c3c8822bb4587696313e4e,1095,231436,1000000008
deab48fea36ee6e26de7c2b07ec90304c77821c0380308632c573b9cef67cfeb,1096,231436,1000000008
9f52da70f0cd970cd45d0ed7c17ef49d57dc0840f050727f46730165951c426f,1097,231436,1000000008
6dcd1e111c3ef6b2a7094eff0657c062d74f507b2ca813bac18ab9df6067f9af,1098,231436,1000000008
13872f345a87bcd34435a7177810668c0aad5ffda667cf482d86e47423b333da,1099,231436,1000000008
706ebb3aede8091d4fdbc5dd0a9c703a2c0071a7e782658505223b3f6d9a645b,1100,231436,1000000008
e48a4cd0dd3645ac803d65dd104116c426e9ebe78cdaf375a3074ae42cf49f37,1101,231436,1000000008
eb06e8ed4ba653d796ee2d31d86a69c4ff6928e93e7b065d46abd2491b4a8a1d,1102,231436,1000000008
c820ff270aa950c91b57fef93169ded2c9346a459cb68eed4479d010ad1e851a,1103,231436,1000000008
3762f36eaa1e953efb9ed57e98c6ec455a01f73de073e14d920116aa86e272ad,1104,231436,1000000008
23c858bc8b3d88127e7808290b9e3114b3f316a87d973865df66588d63a8765e,1105,231436,1000000008
83cd0b7e73905c115c2a6384fe95d4791f8c844e68e637f0193389b67e7903a2,1106,231436,1000000008
3e4ee7b2bf2ae5582a92d2c7614030f82a1c2f68cae06552f64e29f5834c2a93,1107,231436,1000000008
0092a3178772e891a8aa688d33613dcd417f14d2004436f0579b099b429c5a9e,1108,231436,1000000008
264a0835e00aa86049406adafd0e36427da1ef3f7ff855959cc4fc292dcd255f,1109,231436,1000000008
4094a02f9ee19f6d70c5f96c630b1bdd80c38f9e8702ce07007ac53debf0d01d,1110,231436,1000000008
0ad1ad7cec0c93750034ec23773f313ccbc4abdcc8b62c57463aeeb8540d6eb4,1111,231436,1000000008
f69d2a1ecae288edd92e2e50d9390693fef4966e9a55bd19dad2ba91fc9af579,1112,231436,1000000008
4d951595c5be4f74ffab42910cecf755baf2396a697e8b1d9b324263867d9321,1113,231436,1000000008
43341219e998e4cd2d3f24283265ac5620d956b1558e34d62c1e6f49d18d5bde,1114,231436,1000000008
94f8e2fe79c524f06dcd957326ff5079878ee03283e7aa30736184afdf186ac2,1115,231436,1000000008
35f26a13bfa8c7c2fc52e233ca5fe63ea30a087027f735d134590bd63cf3a6be,1116,231436,1000000008
b09161397ce18a5ad01c025777bf360dc3bf763c9a64ae9307f5ae423e789f3e,1117,231436,1000000008
cc0357c33e431830ce335c4b721d189f0103294e2dda6adf55a2ebe4bcee88ff,1118,231436,1000000008
