lecture,slide,local_mtime,chain_timestamp,time_gap_sec
1,1,1764822749.7696824,1764825564,2814.230317592621
1,10,1764822749.77068,1764825573,2823.229320049286
1,11,1764822749.77068,1764825574,2824.229320049286
1,12,1764822749.771515,1764825575,2825.228485107422
1,13,1764822749.77255,1764825576,2826.2274498939514
1,14,1764822749.77255,1764825577,2827.2274498939514
1,15,1764822749.7734816,1764825578,2828.226518392563
1,16,1764822749.7734816,1764825579,2829.226518392563
1,17,1764822749.7734816,1764825580,2830.226518392563
1,18,1764822749.77535,1764825581,2831.2246499061584
1,19,1764822749.77535,1764825582,2832.2246499061584
1,2,1764822749.7761333,1764825565,2815.223866701126
1,20,1764822749.7770884,1764825583,2833.222911596298
1,21,1764822749.7770884,1764825584,2834.222911596298
1,22,1764822749.778092,1764825585,2835.221908092499
1,23,1764822749.778092,1764825586,2836.221908092499
1,24,1764822749.7792063,1764825587,2837.22079372406
1,25,1764822749.7792063,1764825588,2838.22079372406
1,26,1764822749.7800758,1764825589,2839.219924211502
1,27,1764822749.7800758,1764825590,2840.219924211502
1,28,1764822749.781085,1764825591,2841.2189149856567
1,29,1764822749.781085,1764825592,2842.2189149856567
1,3,1764822749.7830448,1764825566,2816.2169551849365
1,30,1764822749.7841868,1764825593,2843.2158131599426
1,31,1764822749.7841868,1764825594,2844.2158131599426
1,32,1764822749.7851415,1764825595,2845.214858531952
1,33,1764822749.785711,1764825596,2846.2142889499664
1,34,1764822749.7868412,1764825597,2847.2131588459015
1,35,1764822749.7868412,1764825598,2848.2131588459015
1,36,1764822749.7877197,1764825599,2849.2122802734375
1,37,1764822749.7887256,1764825600,2850.2112743854523
1,38,1764822749.7887256,1764825601,2851.2112743854523
1,39,1764822749.7897787,1764825602,2852.2102212905884
1,4,1764822749.790752,1764825567,2817.2092480659485
1,40,1764822749.790752,1764825603,2853.2092480659485
1,41,1764822749.791867,1764825604,2854.208132982254
1,42,1764822749.791867,1764825605,2855.208132982254
1,43,1764822749.7929146,1764825606,2856.2070853710175
1,44,1764822749.7929146,1764825607,2857.2070853710175
1,45,1764822749.7937374,1764825608,2858.206262588501
1,46,1764822749.7937374,1764825609,2859.206262588501
1,47,1764822749.7937374,1764825610,2860.206262588501
1,48,1764822749.7952573,1764825611,2861.204742670059
1,49,1764822749.7963011,1764825612,2862.20369887352
1,5,1764822749.7963011,1764825568,2818.20369887352
1,50,1764822749.7972896,1764825613,2863.202710390091
1,6,1764822749.7972896,1764825569,2819.202710390091
1,7,1764822749.7972896,1764825570,2820.202710390091
1,8,1764822749.7998314,1764825571,2821.200168609619
1,9,1764822749.7998314,1764825572,2822.200168609619
10,1,1764822749.800851,1764825964,3214.1991488933563
10,10,1764822749.8018427,1764825973,3223.198157310486
10,11,1764822749.8018427,1764825974,3224.198157310486
10,12,1764822749.8018427,1764825975,3225.198157310486
10,13,1764822749.8028407,1764825976,3226.1971592903137
10,14,1764822749.8038337,1764825977,3227.1961662769318
10,15,1764822749.8038337,1764825978,3228.1961662769318
10,16,1764822749.8038337,1764825979,3229.1961662769318
10,17,1764822749.8053432,1764825980,3230.1946568489075
10,18,1764822749.8053432,1764825981,3231.1946568489075
10,19,1764822749.8063564,1764825982,3232.1936435699463
10,2,1764822749.8063564,1764825965,3215.1936435699463
10,20,1764822749.8074083,1764825983,3233.1925916671753
10,21,1764822749.8083537,1764825984,3234.191646337509
10,22,1764822749.8083537,1764825985,3235.191646337509
10,23,1764822749.8093758,1764825986,3236.1906242370605
10,24,1764822749.8093758,1764825987,3237.1906242370605
10,25,1764822749.8103807,1764825988,3238.1896193027496
10,26,1764822749.8103807,1764825989,3239.1896193027496
10,27,1764822749.811396,1764825990,3240.18860411644
10,28,1764822749.8123858,1764825991,3241.1876142024994
10,29,1764822749.8123858,1764825992,3242.1876142024994
10,3,1764822749.8133616,1764825966,3216.186638355255
10,30,1764822749.8133616,1764825993,3243.186638355255
10,31,1764822749.8133616,1764825994,3244.186638355255
10,32,1764822749.8133616,1764825995,3245.186638355255
10,33,1764822749.816108,1764825996,3246.1838920116425
10,34,1764822749.816108,1764825997,3247.1838920116425
10,35,1764822749.8171725,1764825998,3248.1828274726868
10,36,1764822749.8171725,1764825999,3249.1828274726868
10,37,1764822749.818215,1764826000,3250.181785106659
10,38,1764822749.8191633,1764826001,3251.1808366775513
10,39,1764822749.8191633,1764826002,3252.1808366775513
10,4,1764822749.820229,1764825967,3217.1797709465027
10,40,1764822749.820229,1764826003,3253.1797709465027
10,41,1764822749.820229,1764826004,3254.1797709465027
10,42,1764822749.8213296,1764826005,3255.1786704063416
10,43,1764822749.8222146,1764826006,3256.177785396576
10,44,1764822749.8222146,1764826007,3257.177785396576
10,45,1764822749.823121,1764826008,3258.176878929138
10,46,1764822749.823121,1764826009,3259.176878929138
10,47,1764822749.8241112,1764826010,3260.175888776779
10,48,1764822749.8241112,1764826011,3261.175888776779
10,49,1764822749.8251054,1764826012,3262.1748945713043
10,5,1764822749.8256798,1764825968,3218.1743202209473
10,50,1764822749.8268652,1764826013,3263.173134803772
10,6,1764822749.8268652,1764825969,3219.173134803772
10,7,1764822749.8277378,1764825970,3220.1722621917725
10,8,1764822749.8277378,1764825971,3221.1722621917725
10,9,1764822749.828752,1764825972,3222.171247959137
11,1,1764822749.8297808,1764826014,3264.170219182968
11,10,1764822749.8297808,1764826023,3273.170219182968
11,11,1764822749.830784,1764826024,3274.1692159175873
11,12,1764822749.830784,1764826025,3275.1692159175873
11,13,1764822749.8316896,1764826026,3276.168310403824
11,14,1764822749.8327076,1764826027,3277.167292356491
11,15,1764822749.833852,1764826028,3278.1661479473114
11,16,1764822749.833852,1764826029,3279.1661479473114
11,17,1764822749.8347466,1764826030,3280.1652534008026
11,18,1764822749.835775,1764826031,3281.164225101471
11,19,1764822749.836469,1764826032,3282.163531064987
11,2,1764822749.836469,1764826015,3265.163531064987
11,20,1764822749.8374515,1764826033,3283.1625485420227
11,21,1764822749.8374515,1764826034,3284.1625485420227
11,22,1764822749.8385558,1764826035,3285.1614441871643
11,23,1764822749.8394217,1764826036,3286.160578250885
11,24,1764822749.8394217,1764826037,3287.160578250885
11,25,1764822749.8404555,1764826038,3288.159544467926
11,26,1764822749.8404555,1764826039,3289.159544467926
11,27,1764822749.8414817,1764826040,3290.1585183143616
11,28,1764822749.8424482,1764826041,3291.157551765442
11,29,1764822749.8424482,1764826042,3292.157551765442
11,3,1764822749.8435507,1764826016,3266.156449317932
11,30,1764822749.8435507,1764826043,3293.156449317932
11,31,1764822749.8435507,1764826044,3294.156449317932
11,32,1764822749.845231,1764826045,3295.1547689437866
11,33,1764822749.8455837,1764826046,3296.154416322708
11,34,1764822749.8463135,1764826047,3297.1536865234375
11,35,1764822749.8463135,1764826048,3298.1536865234375
11,36,1764822749.8472755,1764826049,3299.152724504471
11,37,1764822749.8472755,1764826050,3300.152724504471
11,38,1764822749.8484733,1764826051,3301.1515266895294
11,39,1764822749.849327,1764826052,3302.1506729125977
11,4,1764822749.8502784,1764826017,3267.149721622467
11,40,1764822749.8512423,1764826053,3303.1487576961517
11,41,1764822749.8512423,1764826054,3304.1487576961517
11,42,1764822749.8524187,1764826055,3305.1475813388824
11,43,1764822749.8524187,1764826056,3306.1475813388824
11,44,1764822749.8533201,1764826057,3307.146679878235
11,45,1764822749.8543768,1764826058,3308.1456232070923
11,46,1764822749.8550582,1764826059,3309.144941806793
11,47,1764822749.8554826,1764826060,3310.1445174217224
11,48,1764822749.8561113,1764826061,3311.1438887119293
11,49,1764822749.857153,1764826062,3312.142847061157
11,5,1764822749.857153,1764826018,3268.142847061157
11,50,1764822749.8581357,1764826063,3313.141864299774
11,51,1764822749.859087,1764826064,3314.1409130096436
11,52,1764822749.859087,1764826065,3315.1409130096436
11,53,1764822749.860243,1764826066,3316.1397569179535
11,54,1764822749.860243,1764826067,3317.1397569179535
11,55,1764822749.8610852,1764826068,3318.138914823532
11,56,1764822749.8620853,1764826069,3319.137914657593
11,57,1764822749.8620853,1764826070,3320.137914657593
11,58,1764822749.863153,1764826071,3321.1368470191956
11,59,1764822749.863153,1764826072,3322.1368470191956
11,6,1764822749.864335,1764826019,3269.1356649398804
11,60,1764822749.8654294,1764826073,3323.1345705986023
11,61,1764822749.8660762,1764826074,3324.133923768997
11,62,1764822749.8669953,1764826075,3325.1330046653748
11,63,1764822749.8679533,1764826076,3326.132046699524
11,64,1764822749.8679533,1764826077,3327.132046699524
11,7,1764822749.8689668,1764826020,3270.131033182144
11,8,1764822749.8689668,1764826021,3271.131033182144
11,9,1764822749.8700714,1764826022,3272.129928588867
12,1,1764822749.8709757,1764826078,3328.1290242671967
12,10,1764822749.8709757,1764826087,3337.1290242671967
12,11,1764822749.872078,1764826088,3338.1279220581055
12,12,1764822749.8730884,1764826089,3339.1269116401672
12,13,1764822749.8730884,1764826090,3340.1269116401672
12,14,1764822749.874138,1764826091,3341.1258618831635
12,15,1764822749.874138,1764826092,3342.1258618831635
12,16,1764822749.8751655,1764826093,3343.124834537506
12,17,1764822749.8757384,1764826094,3344.1242616176605
12,18,1764822749.8757384,1764826095,3345.1242616176605
12,19,1764822749.8767748,1764826096,3346.123225212097
12,2,1764822749.8767748,1764826079,3329.123225212097
12,20,1764822749.8779216,1764826097,3347.1220784187317
12,21,1764822749.8789115,1764826098,3348.1210885047913
12,22,1764822749.8789115,1764826099,3349.1210885047913
12,23,1764822749.8799286,1764826100,3350.120071411133
12,24,1764822749.8807473,1764826101,3351.119252681732
12,25,1764822749.8807473,1764826102,3352.119252681732
12,26,1764822749.8827467,1764826103,3353.117253303528
12,27,1764822749.8837729,1764826104,3354.1162271499634
12,28,1764822749.8837729,1764826105,3355.1162271499634
12,29,1764822749.8837729,1764826106,3356.1162271499634
12,3,1764822749.8854501,1764826080,3330.1145498752594
12,30,1764822749.8858428,1764826107,3357.1141571998596
12,31,1764822749.8866322,1764826108,3358.113367795944
12,32,1764822749.8875484,1764826109,3359.1124515533447
12,33,1764822749.8875484,1764826110,3360.1124515533447
12,34,1764822749.888611,1764826111,3361.1113889217377
12,35,1764822749.888611,1764826112,3362.1113889217377
12,36,1764822749.8895376,1764826113,3363.1104624271393
12,37,1764822749.8905997,1764826114,3364.1094002723694
12,38,1764822749.8905997,1764826115,3365.1094002723694
12,39,1764822749.8916414,1764826116,3366.1083586215973
12,4,1764822749.8916414,1764826081,3331.1083586215973
12,40,1764822749.8926165,1764826117,3367.1073834896088
12,41,1764822749.893538,1764826118,3368.1064620018005
12,42,1764822749.893538,1764826119,3369.1064620018005
12,43,1764822749.893538,1764826120,3370.1064620018005
12,44,1764822749.8950906,1764826121,3371.1049094200134
12,45,1764822749.8962042,1764826122,3372.1037957668304
12,46,1764822749.8962042,1764826123,3373.1037957668304
12,47,1764822749.8972616,1764826124,3374.102738380432
12,48,1764822749.8972616,1764826125,3375.102738380432
12,49,1764822749.8988092,1764826126,3376.101190805435
12,5,1764822749.8999364,1764826082,3332.100063562393
12,50,1764822749.8999364,1764826127,3377.100063562393
12,6,1764822749.9009356,1764826083,3333.099064350128
12,7,1764822749.9018335,1764826084,3334.0981664657593
12,8,1764822749.9018335,1764826085,3335.0981664657593
12,9,1764822749.902831,1764826086,3336.0971689224243
13,1,1764822749.9038632,1764826128,3378.0961368083954
13,10,1764822749.9038632,1764826137,3387.0961368083954
13,11,1764822749.9048707,1764826138,3388.09512925148
13,12,1764822749.9055204,1764826139,3389.094479560852
13,13,1764822749.9055204,1764826140,3390.094479560852
13,14,1764822749.9066482,1764826141,3391.093351840973
13,15,1764822749.9066482,1764826142,3392.093351840973
13,16,1764822749.9076378,1764826143,3393.092362165451
13,17,1764822749.9076378,1764826144,3394.092362165451
13,18,1764822749.9085476,1764826145,3395.091452360153
13,19,1764822749.9085476,1764826146,3396.091452360153
13,2,1764822749.909695,1764826129,3379.0903050899506
13,20,1764822749.9106073,1764826147,3397.0893926620483
13,21,1764822749.9106073,1764826148,3398.0893926620483
13,22,1764822749.9115417,1764826149,3399.088458299637
13,23,1764822749.91252,1764826150,3400.087480068207
13,24,1764822749.91252,1764826151,3401.087480068207
13,25,1764822749.913669,1764826152,3402.0863308906555
13,26,1764822749.913669,1764826153,3403.0863308906555
13,27,1764822749.913669,1764826154,3404.0863308906555
13,28,1764822749.9153028,1764826155,3405.0846972465515
13,29,1764822749.9163349,1764826156,3406.0836651325226
13,3,1764822749.9163349,1764826130,3380.0836651325226
13,30,1764822749.9174848,1764826157,3407.0825152397156
13,31,1764822749.9174848,1764826158,3408.0825152397156
13,32,1764822749.9184053,1764826159,3409.0815947055817
13,33,1764822749.9193528,1764826160,3410.0806472301483
13,34,1764822749.9193528,1764826161,3411.0806472301483
13,35,1764822749.9193528,1764826162,3412.0806472301483
13,36,1764822749.9204469,1764826163,3413.079553127289
13,37,1764822749.9214225,1764826164,3414.078577518463
13,38,1764822749.9214225,1764826165,3415.078577518463
13,39,1764822749.9223118,1764826166,3416.077688217163
13,4,1764822749.923329,1764826131,3381.076670885086
13,40,1764822749.923329,1764826167,3417.076670885086
13,41,1764822749.923329,1764826168,3418.076670885086
13,42,1764822749.9248798,1764826169,3419.0751202106476
13,43,1764822749.9252234,1764826170,3420.074776649475
13,44,1764822749.926022,1764826171,3421.073977947235
13,45,1764822749.926022,1764826172,3422.073977947235
13,46,1764822749.9268968,1764826173,3423.0731031894684
13,47,1764822749.9268968,1764826174,3424.0731031894684
13,48,1764822749.9280345,1764826175,3425.071965456009
13,49,1764822749.9280345,1764826176,3426.071965456009
13,5,1764822749.9289005,1764826132,3382.0710995197296
13,50,1764822749.9289005,1764826177,3427.0710995197296
13,6,1764822749.929915,1764826133,3383.0700850486755
13,7,1764822749.929915,1764826134,3384.0700850486755
13,8,1764822749.9308908,1764826135,3385.0691092014313
13,9,1764822749.9318938,1764826136,3386.068106174469
14,1,1764822749.9328895,1764826178,3428.0671105384827
14,10,1764822749.9328895,1764826187,3437.0671105384827
14,11,1764822749.9340816,1764826188,3438.065918445587
14,12,1764822749.9340816,1764826189,3439.065918445587
14,13,1764822749.9354556,1764826190,3440.064544439316
14,14,1764822749.9354556,1764826191,3441.064544439316
14,15,1764822749.9366186,1764826192,3442.063381433487
14,16,1764822749.9366186,1764826193,3443.063381433487
14,17,1764822749.9374633,1764826194,3444.062536716461
14,18,1764822749.9374633,1764826195,3445.062536716461
14,19,1764822749.938658,1764826196,3446.0613420009613
14,2,1764822749.9394708,1764826179,3429.060529232025
14,20,1764822749.9394708,1764826197,3447.060529232025
14,21,1764822749.9404671,1764826198,3448.059532880783
14,22,1764822749.9414725,1764826199,3449.058527469635
14,23,1764822749.942657,1764826200,3450.057343006134
14,24,1764822749.9434838,1764826201,3451.0565161705017
14,25,1764822749.9434838,1764826202,3452.0565161705017
14,26,1764822749.9450574,1764826203,3453.0549426078796
14,27,1764822749.945366,1764826204,3454.0546340942383
14,28,1764822749.9461677,1764826205,3455.0538322925568
14,29,1764822749.9470677,1764826206,3456.0529322624207
14,3,1764822749.9470677,1764826180,3430.0529322624207
14,30,1764822749.9482183,1764826207,3457.051781654358
14,31,1764822749.9491534,1764826208,3458.0508465766907
14,32,1764822749.9491534,1764826209,3459.0508465766907
14,33,1764822749.9501276,1764826210,3460.0498723983765
14,34,1764822749.9501276,1764826211,3461.0498723983765
14,35,1764822749.9512286,1764826212,3462.048771381378
14,36,1764822749.952111,1764826213,3463.047888994217
14,37,1764822749.952111,1764826214,3464.047888994217
14,38,1764822749.9532497,1764826215,3465.046750307083
14,39,1764822749.9540951,1764826216,3466.0459048748016
14,4,1764822749.9540951,1764826181,3431.0459048748016
14,40,1764822749.9551766,1764826217,3467.044823408127
14,41,1764822749.9557908,1764826218,3468.044209241867
14,42,1764822749.9557908,1764826219,3469.044209241867
14,43,1764822749.9568,1764826220,3470.0432000160217
14,44,1764822749.9578557,1764826221,3471.0421442985535
14,45,1764822749.9578557,1764826222,3472.0421442985535
14,46,1764822749.9589324,1764826223,3473.0410676002502
14,47,1764822749.9589324,1764826224,3474.0410676002502
14,48,1764822749.9598088,1764826225,3475.0401911735535
14,49,1764822749.9608192,1764826226,3476.0391807556152
14,5,1764822749.9608192,1764826182,3432.0391807556152
14,50,1764822749.9617946,1764826227,3477.038205385208
14,51,1764822749.9617946,1764826228,3478.038205385208
14,52,1764822749.9627943,1764826229,3479.037205696106
14,53,1764822749.9637966,1764826230,3480.0362033843994
14,54,1764822749.9637966,1764826231,3481.0362033843994
14,55,1764822749.965031,1764826232,3482.0349690914154
14,56,1764822749.9656067,1764826233,3483.034393310547
14,57,1764822749.966667,1764826234,3484.0333330631256
14,58,1764822749.9677064,1764826235,3485.0322935581207
14,59,1764822749.9677064,1764826236,3486.0322935581207
14,6,1764822749.9688146,1764826183,3433.031185388565
14,60,1764822749.9697962,1764826237,3487.030203819275
14,7,1764822749.9706163,1764826184,3434.029383659363
14,8,1764822749.9706163,1764826185,3435.029383659363
14,9,1764822749.9717002,1764826186,3436.028299808502
15,1,1764822749.9726536,1764826238,3488.0273463726044
15,10,1764822749.9726536,1764826247,3497.0273463726044
15,11,1764822749.9737701,1764826248,3498.0262298583984
15,12,1764822749.9737701,1764826249,3499.0262298583984
15,13,1764822749.9737701,1764826250,3500.0262298583984
15,14,1764822749.975284,1764826251,3501.024715900421
15,15,1764822749.975284,1764826252,3502.024715900421
15,16,1764822749.9763107,1764826253,3503.0236892700195
15,17,1764822749.9773462,1764826254,3504.0226538181305
15,18,1764822749.978298,1764826255,3505.0217020511627
15,19,1764822749.978298,1764826256,3506.0217020511627
15,2,1764822749.9793122,1764826239,3489.020687818527
15,20,1764822749.9793122,1764826257,3507.020687818527
15,21,1764822749.980377,1764826258,3508.019623041153
15,22,1764822749.9813368,1764826259,3509.0186631679535
15,23,1764822749.9813368,1764826260,3510.0186631679535
15,24,1764822749.9824157,1764826261,3511.017584323883
15,25,1764822749.9835384,1764826262,3512.016461610794
15,26,1764822749.9835384,1764826263,3513.016461610794
15,27,1764822749.9835384,1764826264,3514.016461610794
15,28,1764822749.985415,1764826265,3515.014585018158
15,29,1764822749.9861925,1764826266,3516.0138075351715
15,3,1764822749.9861925,1764826240,3490.0138075351715
15,30,1764822749.9872181,1764826267,3517.012781858444
15,4,1764822749.9881516,1764826241,3491.011848449707
15,5,1764822749.9881516,1764826242,3492.011848449707
15,6,1764822749.9892688,1764826243,3493.0107312202454
15,7,1764822749.9900815,1764826244,3494.009918451309
15,8,1764822749.991071,1764826245,3495.008929014206
15,9,1764822749.991071,1764826246,3496.008929014206
16,1,1764822749.992167,1764826268,3518.007833003998
16,10,1764822749.9931529,1764826277,3527.006847143173
16,11,1764822749.9931529,1764826278,3528.006847143173
16,12,1764822749.994163,1764826279,3529.0058369636536
16,13,1764822749.994163,1764826280,3530.0058369636536
16,14,1764822749.995099,1764826281,3531.004900932312
16,15,1764822749.9956503,1764826282,3532.004349708557
16,16,1764822749.9956503,1764826283,3533.004349708557
16,17,1764822749.9968195,1764826284,3534.003180503845
16,18,1764822749.997759,1764826285,3535.002240896225
16,19,1764822749.997759,1764826286,3536.002240896225
16,2,1764822749.9988434,1764826269,3519.001156568527
16,20,1764822749.9994833,1764826287,3537.000516653061
16,21,1764822750.000688,1764826288,3537.9993119239807
16,22,1764822750.000688,1764826289,3538.9993119239807
16,23,1764822750.0015032,1764826290,3539.9984967708588
16,24,1764822750.0026236,1764826291,3540.9973764419556
16,25,1764822750.0026236,1764826292,3541.9973764419556
16,26,1764822750.003575,1764826293,3542.9964249134064
16,27,1764822750.003575,1764826294,3543.9964249134064
16,28,1764822750.003575,1764826295,3544.9964249134064
16,29,1764822750.0051012,1764826296,3545.9948987960815
16,3,1764822750.0061133,1764826270,3519.9938867092133
16,30,1764822750.0061133,1764826297,3546.9938867092133
16,31,1764822750.0072532,1764826298,3547.9927468299866
16,32,1764822750.0072532,1764826299,3548.9927468299866
16,33,1764822750.008274,1764826300,3549.991725921631
16,34,1764822750.008274,1764826301,3550.991725921631
16,35,1764822750.0091863,1764826302,3551.990813732147
16,36,1764822750.0091863,1764826303,3552.990813732147
16,37,1764822750.0103872,1764826304,3553.9896128177643
16,38,1764822750.0113108,1764826305,3554.988689184189
16,39,1764822750.0121236,1764826306,3555.9878764152527
16,4,1764822750.0121236,1764826271,3520.9878764152527
16,40,1764822750.013128,1764826307,3556.986871957779
16,41,1764822750.014294,1764826308,3557.985706090927
16,42,1764822750.014811,1764826309,3558.985188961029
16,43,1764822750.0159023,1764826310,3559.9840977191925
16,44,1764822750.016884,1764826311,3560.9831159114838
16,45,1764822750.016884,1764826312,3561.9831159114838
16,46,1764822750.0179367,1764826313,3562.982063293457
16,47,1764822750.0188944,1764826314,3563.981105566025
16,48,1764822750.0188944,1764826315,3564.981105566025
16,49,1764822750.019905,1764826316,3565.980094909668
16,5,1764822750.0208588,1764826272,3521.9791412353516
16,50,1764822750.0208588,1764826317,3566.9791412353516
16,51,1764822750.02183,1764826318,3567.9781699180603
16,52,1764822750.0228698,1764826319,3568.977130174637
16,53,1764822750.0228698,1764826320,3569.977130174637
16,54,1764822750.0239289,1764826321,3570.9760711193085
16,55,1764822750.0239289,1764826322,3571.9760711193085
16,6,1764822750.0249705,1764826273,3522.9750294685364
16,7,1764822750.025664,1764826274,3523.9743359088898
16,8,1764822750.025664,1764826275,3524.9743359088898
16,9,1764822750.0268307,1764826276,3525.973169326782
17,1,1764822750.0278373,1764826323,3572.9721627235413
17,10,1764822750.0278373,1764826332,3581.9721627235413
17,11,1764822750.028857,1764826333,3582.9711430072784
17,12,1764822750.0296938,1764826334,3583.970306158066
17,13,1764822750.0296938,1764826335,3584.970306158066
17,14,1764822750.0309005,1764826336,3585.969099521637
17,15,1764822750.0309005,1764826337,3586.969099521637
17,16,1764822750.0317204,1764826338,3587.9682796001434
17,17,1764822750.0327742,1764826339,3588.967225790024
17,18,1764822750.0336726,1764826340,3589.9663274288177
17,19,1764822750.0336726,1764826341,3590.9663274288177
17,2,1764822750.0352275,1764826324,3573.964772462845
17,20,1764822750.0352275,1764826342,3591.964772462845
17,21,1764822750.0362375,1764826343,3592.963762521744
17,22,1764822750.037235,1764826344,3593.962764978409
17,23,1764822750.037235,1764826345,3594.962764978409
17,24,1764822750.0382423,1764826346,3595.961757659912
17,25,1764822750.0382423,1764826347,3596.961757659912
17,26,1764822750.0393767,1764826348,3597.9606232643127
17,27,1764822750.0393767,1764826349,3598.9606232643127
17,28,1764822750.040235,1764826350,3599.959764957428
17,29,1764822750.0412955,1764826351,3600.958704471588
17,3,1764822750.0412955,1764826325,3574.958704471588
17,30,1764822750.0423336,1764826352,3601.9576663970947
17,31,1764822750.0423336,1764826353,3602.9576663970947
17,32,1764822750.0432446,1764826354,3603.956755399704
17,33,1764822750.0432446,1764826355,3604.956755399704
17,34,1764822750.0449576,1764826356,3605.955042362213
17,35,1764822750.0449576,1764826357,3606.955042362213
17,36,1764822750.0460703,1764826358,3607.9539296627045
17,37,1764822750.0460703,1764826359,3608.9539296627045
17,38,1764822750.0470908,1764826360,3609.952909231186
17,39,1764822750.0480468,1764826361,3610.9519531726837
17,4,1764822750.0490146,1764826326,3575.950985431671
17,40,1764822750.0490146,1764826362,3611.950985431671
17,41,1764822750.0500915,1764826363,3612.9499084949493
17,42,1764822750.0510223,1764826364,3613.9489777088165
17,43,1764822750.0510223,1764826365,3614.9489777088165
17,44,1764822750.051997,1764826366,3615.948003053665
17,45,1764822750.0530095,1764826367,3616.9469904899597
17,46,1764822750.0539796,1764826368,3617.9460203647614
17,47,1764822750.055525,1764826369,3618.9444749355316
17,48,1764822750.0566392,1764826370,3619.9433608055115
17,49,1764822750.0566392,1764826371,3620.9433608055115
17,5,1764822750.0577922,1764826327,3576.942207813263
17,50,1764822750.0577922,1764826372,3621.942207813263
17,51,1764822750.058527,1764826373,3622.941473007202
17,52,1764822750.0595918,1764826374,3623.940408229828
17,53,1764822750.0595918,1764826375,3624.940408229828
17,54,1764822750.0607066,1764826376,3625.939293384552
17,55,1764822750.0607066,1764826377,3626.939293384552
17,6,1764822750.0616562,1764826328,3577.9383437633514
17,7,1764822750.0625374,1764826329,3578.937462568283
17,8,1764822750.0625374,1764826330,3579.937462568283
17,9,1764822750.0636022,1764826331,3580.936397790909
18,1,1764822750.0636022,1764826378,3627.936397790909
18,10,1764822750.0652442,1764826387,3636.9347558021545
18,11,1764822750.0663915,1764826388,3637.933608531952
18,12,1764822750.0673044,1764826389,3638.9326956272125
18,13,1764822750.0673044,1764826390,3639.9326956272125
18,14,1764822750.0683599,1764826391,3640.931640148163
18,15,1764822750.0693963,1764826392,3641.9306037425995
18,16,1764822750.0693963,1764826393,3642.9306037425995
18,17,1764822750.0703533,1764826394,3643.929646730423
18,18,1764822750.0703533,1764826395,3644.929646730423
18,19,1764822750.0713985,1764826396,3645.928601503372
18,2,1764822750.072334,1764826379,3628.927665948868
18,20,1764822750.073264,1764826397,3646.9267361164093
18,21,1764822750.073264,1764826398,3647.9267361164093
18,22,1764822750.073264,1764826399,3648.9267361164093
18,23,1764822750.074983,1764826400,3649.925017118454
18,24,1764822750.0753775,1764826401,3650.9246225357056
18,25,1764822750.0761259,1764826402,3651.9238741397858
18,26,1764822750.0770297,1764826403,3652.9229702949524
18,27,1764822750.0770297,1764826404,3653.9229702949524
18,28,1764822750.0780356,1764826405,3654.921964406967
18,29,1764822750.0780356,1764826406,3655.921964406967
18,3,1764822750.0790396,1764826380,3629.9209604263306
18,30,1764822750.0800152,1764826407,3656.919984817505
18,31,1764822750.081013,1764826408,3657.9189870357513
18,32,1764822750.081013,1764826409,3658.9189870357513
18,33,1764822750.0820136,1764826410,3659.917986392975
18,34,1764822750.0829997,1764826411,3660.9170002937317
18,35,1764822750.0829997,1764826412,3661.9170002937317
18,36,1764822750.0841196,1764826413,3662.9158804416656
18,37,1764822750.0841196,1764826414,3663.9158804416656
18,38,1764822750.0850346,1764826415,3664.914965391159
18,39,1764822750.0856266,1764826416,3665.914373397827
18,4,1764822750.0856266,1764826381,3630.914373397827
18,40,1764822750.086727,1764826417,3666.9132730960846
18,41,1764822750.0876791,1764826418,3667.9123208522797
18,42,1764822750.0876791,1764826419,3668.9123208522797
18,43,1764822750.0886855,1764826420,3669.9113144874573
18,44,1764822750.0886855,1764826421,3670.9113144874573
18,45,1764822750.0898042,1764826422,3671.910195827484
18,46,1764822750.0906615,1764826423,3672.9093384742737
18,47,1764822750.0916388,1764826424,3673.908361196518
18,48,1764822750.0916388,1764826425,3674.908361196518
18,49,1764822750.092688,1764826426,3675.9073119163513
18,5,1764822750.092688,1764826382,3631.9073119163513
18,50,1764822750.0936408,1764826427,3676.9063591957092
18,51,1764822750.0936408,1764826428,3677.9063591957092
18,52,1764822750.0936408,1764826429,3678.9063591957092
18,53,1764822750.0955682,1764826430,3679.9044318199158
18,54,1764822750.0962493,1764826431,3680.9037506580353
18,55,1764822750.0962493,1764826432,3681.9037506580353
18,6,1764822750.0973258,1764826383,3632.9026741981506
18,7,1764822750.0973258,1764826384,3633.9026741981506
18,8,1764822750.0988605,1764826385,3634.901139497757
18,9,1764822750.1000009,1764826386,3635.899999141693
19,1,1764822750.1009462,1764826433,3682.899053812027
19,10,1764822750.1009462,1764826442,3691.899053812027
19,11,1764822750.1019206,1764826443,3692.898079395294
19,12,1764822750.1019206,1764826444,3693.898079395294
19,13,1764822750.102978,1764826445,3694.897022008896
19,14,1764822750.103898,1764826446,3695.896101951599
19,15,1764822750.103898,1764826447,3696.896101951599
19,16,1764822750.104913,1764826448,3697.895087003708
19,17,1764822750.1055937,1764826449,3698.8944063186646
19,18,1764822750.1055937,1764826450,3699.8944063186646
19,19,1764822750.10674,1764826451,3700.8932600021362
19,2,1764822750.10674,1764826434,3683.8932600021362
19,20,1764822750.107593,1764826452,3701.89240694046
19,21,1764822750.1087093,1764826453,3702.891290664673
19,22,1764822750.1087093,1764826454,3703.891290664673
19,23,1764822750.109666,1764826455,3704.890333890915
19,24,1764822750.109666,1764826456,3705.890333890915
19,25,1764822750.110723,1764826457,3706.8892769813538
19,26,1764822750.110723,1764826458,3707.8892769813538
19,27,1764822750.1118186,1764826459,3708.888181447983
19,28,1764822750.1118186,1764826460,3709.888181447983
19,29,1764822750.1128259,1764826461,3710.887174129486
19,3,1764822750.113657,1764826435,3684.8863430023193
19,30,1764822750.113657,1764826462,3711.8863430023193
19,31,1764822750.113657,1764826463,3712.8863430023193
19,32,1764822750.115317,1764826464,3713.884682893753
19,33,1764822750.115317,1764826465,3714.884682893753
19,34,1764822750.1163592,1764826466,3715.883640766144
19,35,1764822750.1163592,1764826467,3716.883640766144
19,36,1764822750.117329,1764826468,3717.8826711177826
19,37,1764822750.117329,1764826469,3718.8826711177826
19,38,1764822750.1183367,1764826470,3719.8816633224487
19,39,1764822750.1194243,1764826471,3720.880575656891
19,4,1764822750.1194243,1764826436,3685.880575656891
19,40,1764822750.1203449,1764826472,3721.879655122757
19,41,1764822750.1203449,1764826473,3722.879655122757
19,42,1764822750.121335,1764826474,3723.878664970398
19,43,1764822750.121335,1764826475,3724.878664970398
19,44,1764822750.122373,1764826476,3725.8776268959045
19,45,1764822750.122373,1764826477,3726.8776268959045
19,46,1764822750.1234694,1764826478,3727.876530647278
19,47,1764822750.1234694,1764826479,3728.876530647278
19,48,1764822750.1234694,1764826480,3729.876530647278
19,49,1764822750.125178,1764826481,3730.8748219013214
19,5,1764822750.1255016,1764826437,3686.8744983673096
19,50,1764822750.1263492,1764826482,3731.873650789261
19,51,1764822750.1263492,1764826483,3732.873650789261
19,52,1764822750.1272514,1764826484,3733.8727486133575
19,53,1764822750.1272514,1764826485,3734.8727486133575
19,54,1764822750.1283128,1764826486,3735.8716871738434
19,55,1764822750.1283128,1764826487,3736.8716871738434
19,6,1764822750.1293285,1764826438,3687.8706715106964
19,7,1764822750.1301935,1764826439,3688.8698065280914
19,8,1764822750.1301935,1764826440,3689.8698065280914
19,9,1764822750.1301935,1764826441,3690.8698065280914
2,1,1764822750.1313057,1764825614,2863.86869430542
2,10,1764822750.1322892,1764825623,2872.867710828781
2,11,1764822750.1332915,1764825624,2873.8667085170746
2,12,1764822750.1332915,1764825625,2874.8667085170746
2,13,1764822750.1348107,1764825626,2875.8651893138885
2,14,1764822750.1348107,1764825627,2876.8651893138885
2,15,1764822750.135875,1764825628,2877.8641250133514
2,16,1764822750.1368198,1764825629,2878.8631801605225
2,17,1764822750.1368198,1764825630,2879.8631801605225
2,18,1764822750.1378262,1764825631,2880.8621737957
2,19,1764822750.1378262,1764825632,2881.8621737957
2,2,1764822750.1389148,1764825615,2864.861085176468
2,20,1764822750.1389148,1764825633,2882.861085176468
2,21,1764822750.1399324,1764825634,2883.8600676059723
2,22,1764822750.140933,1764825635,2884.859066963196
2,23,1764822750.140933,1764825636,2885.859066963196
2,24,1764822750.14204,1764825637,2886.857959985733
2,25,1764822750.1428375,1764825638,2887.857162475586
2,26,1764822750.1428375,1764825639,2888.857162475586
2,27,1764822750.1440043,1764825640,2889.85599565506
2,28,1764822750.1448884,1764825641,2890.8551115989685
2,29,1764822750.1448884,1764825642,2891.8551115989685
2,3,1764822750.145496,1764825616,2865.854504108429
2,30,1764822750.145496,1764825643,2892.854504108429
2,31,1764822750.146707,1764825644,2893.853292942047
2,32,1764822750.147588,1764825645,2894.8524119853973
2,33,1764822750.147588,1764825646,2895.8524119853973
2,34,1764822750.1495626,1764825647,2896.850437402725
2,35,1764822750.1495626,1764825648,2897.850437402725
2,36,1764822750.1505103,1764825649,2898.8494896888733
2,37,1764822750.1516058,1764825650,2899.8483941555023
2,38,1764822750.1516058,1764825651,2900.8483941555023
2,39,1764822750.1526344,1764825652,2901.847365617752
2,4,1764822750.1526344,1764825617,2866.847365617752
2,40,1764822750.1535738,1764825653,2902.8464262485504
2,41,1764822750.1535738,1764825654,2903.8464262485504
2,42,1764822750.155186,1764825655,2904.8448140621185
2,43,1764822750.155186,1764825656,2905.8448140621185
2,44,1764822750.1562126,1764825657,2906.843787431717
2,45,1764822750.1562126,1764825658,2907.843787431717
2,46,1764822750.1572113,1764825659,2908.842788696289
2,47,1764822750.1572113,1764825660,2909.842788696289
2,48,1764822750.158292,1764825661,2910.84170794487
2,49,1764822750.1593752,1764825662,2911.840624809265
2,5,1764822750.1602418,1764825618,2867.83975815773
2,50,1764822750.1602418,1764825663,2912.83975815773
2,6,1764822750.1622515,1764825619,2868.837748527527
2,7,1764822750.1632218,1764825620,2869.83677816391
2,8,1764822750.165186,1764825621,2870.8348140716553
2,9,1764822750.165871,1764825622,2871.8341290950775
20,1,1764822750.167071,1764826488,3737.8329288959503
20,10,1764822750.1678884,1764826497,3746.832111597061
20,11,1764822750.1678884,1764826498,3747.832111597061
20,12,1764822750.1688623,1764826499,3748.8311376571655
20,13,1764822750.170007,1764826500,3749.8299930095673
20,14,1764822750.170007,1764826501,3750.8299930095673
20,15,1764822750.1709337,1764826502,3751.8290662765503
20,16,1764822750.1719208,1764826503,3752.828079223633
20,17,1764822750.1719208,1764826504,3753.828079223633
20,18,1764822750.172964,1764826505,3754.8270359039307
20,19,1764822750.172964,1764826506,3755.8270359039307
20,2,1764822750.1739092,1764826489,3738.826090812683
20,20,1764822750.1749225,1764826507,3756.825077533722
20,21,1764822750.1754396,1764826508,3757.824560403824
20,22,1764822750.1765037,1764826509,3758.8234963417053
20,23,1764822750.1765037,1764826510,3759.8234963417053
20,24,1764822750.1775281,1764826511,3760.822471857071
20,25,1764822750.1775281,1764826512,3761.822471857071
20,26,1764822750.1784575,1764826513,3762.8215425014496
20,27,1764822750.1784575,1764826514,3763.8215425014496
20,28,1764822750.1794431,1764826515,3764.8205568790436
20,29,1764822750.1804507,1764826516,3765.8195493221283
20,3,1764822750.1804507,1764826490,3739.8195493221283
20,30,1764822750.1815856,1764826517,3766.8184144496918
20,31,1764822750.1824687,1764826518,3767.817531347275
20,32,1764822750.1834443,1764826519,3768.816555738449
20,33,1764822750.1834443,1764826520,3769.816555738449
20,34,1764822750.1834443,1764826521,3770.816555738449
20,35,1764822750.1851492,1764826522,3771.81485080719
20,36,1764822750.1851492,1764826523,3772.81485080719
20,37,1764822750.1861727,1764826524,3773.81382727623
20,38,1764822750.1861727,1764826525,3774.81382727623
20,39,1764822750.1873055,1764826526,3775.8126945495605
20,4,1764822750.188334,1764826491,3740.8116660118103
20,40,1764822750.188334,1764826527,3776.8116660118103
20,41,1764822750.189176,1764826528,3777.810823917389
20,42,1764822750.1901581,1764826529,3778.8098418712616
20,43,1764822750.1901581,1764826530,3779.8098418712616
20,44,1764822750.191185,1764826531,3780.8088150024414
20,45,1764822750.192174,1764826532,3781.8078260421753
20,46,1764822750.192174,1764826533,3782.8078260421753
20,47,1764822750.1932418,1764826534,3783.8067581653595
20,48,1764822750.1932418,1764826535,3784.8067581653595
20,49,1764822750.1932418,1764826536,3785.8067581653595
20,5,1764822750.194965,1764826492,3741.8050351142883
20,50,1764822750.1952727,1764826537,3786.8047273159027
20,51,1764822750.1960099,1764826538,3787.803990125656
20,52,1764822750.1960099,1764826539,3788.803990125656
20,53,1764822750.1969845,1764826540,3789.8030154705048
20,54,1764822750.1980252,1764826541,3790.801974773407
20,55,1764822750.1989799,1764826542,3791.8010201454163
20,6,1764822750.199498,1764826493,3742.800502061844
20,7,1764822750.2005105,1764826494,3743.7994894981384
20,8,1764822750.2005105,1764826495,3744.7994894981384
20,9,1764822750.201602,1764826496,3745.7983980178833
21,1,1764822750.2025714,1764826543,3792.7974286079407
21,10,1764822750.2025714,1764826552,3801.7974286079407
21,11,1764822750.2036273,1764826553,3802.796372652054
21,12,1764822750.2036273,1764826554,3803.796372652054
21,13,1764822750.2036273,1764826555,3804.796372652054
21,14,1764822750.2051356,1764826556,3805.7948644161224
21,15,1764822750.2071495,1764826557,3806.7928504943848
21,16,1764822750.2071495,1764826558,3807.7928504943848
21,17,1764822750.208155,1764826559,3808.7918450832367
21,18,1764822750.208155,1764826560,3809.7918450832367
21,19,1764822750.209276,1764826561,3810.7907240390778
21,2,1764822750.2103262,1764826544,3793.789673805237
21,20,1764822750.2103262,1764826562,3811.789673805237
21,21,1764822750.211163,1764826563,3812.788836956024
21,22,1764822750.211163,1764826564,3813.788836956024
21,23,1764822750.2122557,1764826565,3814.787744283676
21,24,1764822750.2133007,1764826566,3815.786699295044
21,25,1764822750.2133007,1764826567,3816.786699295044
21,26,1764822750.2133007,1764826568,3817.786699295044
21,27,1764822750.2150228,1764826569,3818.784977197647
21,28,1764822750.2160394,1764826570,3819.783960580826
21,29,1764822750.2170377,1764826571,3820.782962322235
21,3,1764822750.218035,1764826545,3794.7819650173187
21,30,1764822750.218035,1764826572,3821.7819650173187
21,31,1764822750.2191086,1764826573,3822.780891418457
21,32,1764822750.2191086,1764826574,3823.780891418457
21,33,1764822750.2200317,1764826575,3824.7799682617188
21,34,1764822750.2210495,1764826576,3825.7789504528046
21,35,1764822750.2210495,1764826577,3826.7789504528046
21,36,1764822750.2220392,1764826578,3827.7779607772827
21,37,1764822750.22304,1764826579,3828.7769598960876
21,38,1764822750.22304,1764826580,3829.7769598960876
21,39,1764822750.2241585,1764826581,3830.775841474533
21,4,1764822750.225093,1764826546,3795.7749071121216
21,40,1764822750.225093,1764826582,3831.7749071121216
21,41,1764822750.225093,1764826583,3832.7749071121216
21,42,1764822750.2267375,1764826584,3833.773262500763
21,43,1764822750.2275968,1764826585,3834.772403240204
21,5,1764822750.2275968,1764826547,3796.772403240204
21,6,1764822750.2286403,1764826548,3797.771359682083
21,7,1764822750.2286403,1764826549,3798.771359682083
21,8,1764822750.2296057,1764826550,3799.7703943252563
21,9,1764822750.2305975,1764826551,3800.7694025039673
22,1,1764822750.2315917,1764826586,3835.7684082984924
22,10,1764822750.2326548,1764826595,3844.767345190048
22,11,1764822750.2326548,1764826596,3845.767345190048
22,12,1764822750.2336595,1764826597,3846.766340494156
22,13,1764822750.2336595,1764826598,3847.766340494156
22,14,1764822750.2351766,1764826599,3848.764823436737
22,15,1764822750.2351766,1764826600,3849.764823436737
22,16,1764822750.236191,1764826601,3850.763808965683
22,17,1764822750.2373252,1764826602,3851.762674808502
22,18,1764822750.2373252,1764826603,3852.762674808502
22,19,1764822750.2383225,1764826604,3853.761677503586
22,2,1764822750.2383225,1764826587,3836.761677503586
22,20,1764822750.2392883,1764826605,3854.760711669922
22,21,1764822750.2402396,1764826606,3855.7597603797913
22,22,1764822750.2412598,1764826607,3856.7587401866913
22,23,1764822750.2422407,1764826608,3857.757759332657
22,24,1764822750.2422407,1764826609,3858.757759332657
22,25,1764822750.2433827,1764826610,3859.756617307663
22,26,1764822750.2433827,1764826611,3860.756617307663
22,27,1764822750.2433827,1764826612,3861.756617307663
22,28,1764822750.244918,1764826613,3862.7550818920135
22,29,1764822750.245977,1764826614,3863.7540230751038
22,3,1764822750.245977,1764826588,3837.7540230751038
22,30,1764822750.246975,1764826615,3864.7530250549316
22,31,1764822750.2479331,1764826616,3865.7520668506622
22,32,1764822750.2479331,1764826617,3866.7520668506622
22,33,1764822750.249077,1764826618,3867.7509229183197
22,34,1764822750.2499375,1764826619,3868.7500624656677
22,35,1764822750.2499375,1764826620,3869.7500624656677
22,36,1764822750.2509444,1764826621,3870.749055624008
22,37,1764822750.2520382,1764826622,3871.7479617595673
22,38,1764822750.2520382,1764826623,3872.7479617595673
22,39,1764822750.2530403,1764826624,3873.7469596862793
22,4,1764822750.2530403,1764826589,3838.7469596862793
22,40,1764822750.2544937,1764826625,3874.745506286621
22,41,1764822750.255006,1764826626,3875.7449939250946
22,42,1764822750.2557216,1764826627,3876.7442784309387
22,43,1764822750.2563038,1764826628,3877.7436962127686
22,44,1764822750.2563038,1764826629,3878.7436962127686
22,45,1764822750.2574039,1764826630,3879.7425961494446
22,5,1764822750.2579083,1764826590,3839.742091655731
22,6,1764822750.2579083,1764826591,3840.742091655731
22,7,1764822750.259486,1764826592,3841.7405140399933
22,8,1764822750.259486,1764826593,3842.7405140399933
22,9,1764822750.2605119,1764826594,3843.7394881248474
23,1,1764822750.26097,1764826631,3880.7390298843384
23,10,1764822750.2620928,1764826640,3889.7379071712494
23,11,1764822750.26266,1764826641,3890.7373399734497
23,12,1764822750.2636735,1764826642,3891.73632645607
23,13,1764822750.2636735,1764826643,3892.73632645607
23,14,1764822750.2636735,1764826644,3893.73632645607
23,15,1764822750.2656815,1764826645,3894.7343184947968
23,16,1764822750.2666917,1764826646,3895.733308315277
23,17,1764822750.267107,1764826647,3896.7328929901123
23,18,1764822750.268129,1764826648,3897.7318708896637
23,19,1764822750.268129,1764826649,3898.7318708896637
23,2,1764822750.2691512,1764826632,3881.730848789215
23,20,1764822750.2691512,1764826650,3899.730848789215
23,21,1764822750.270912,1764826651,3900.7290880680084
23,22,1764822750.2716165,1764826652,3901.728383541107
23,23,1764822750.271966,1764826653,3902.72803401947
23,24,1764822750.271966,1764826654,3903.72803401947
23,25,1764822750.273597,1764826655,3904.7264029979706
23,26,1764822750.273597,1764826656,3905.7264029979706
23,27,1764822750.2747493,1764826657,3906.725250720978
23,28,1764822750.2752585,1764826658,3907.724741458893
23,29,1764822750.2752585,1764826659,3908.724741458893
23,3,1764822750.276415,1764826633,3882.7235848903656
23,30,1764822750.2769635,1764826660,3909.7230365276337
23,31,1764822750.27798,1764826661,3910.7220199108124
23,32,1764822750.2785697,1764826662,3911.7214303016663
23,33,1764822750.2785697,1764826663,3912.7214303016663
23,34,1764822750.2797778,1764826664,3913.720222234726
23,35,1764822750.280122,1764826665,3914.7198779582977
23,36,1764822750.2812614,1764826666,3915.718738555908
23,37,1764822750.282282,1764826667,3916.717717885971
23,38,1764822750.2832782,1764826668,3917.7167217731476
23,39,1764822750.284868,1764826669,3918.715131998062
23,4,1764822750.284868,1764826634,3883.715131998062
23,40,1764822750.2858846,1764826670,3919.714115381241
23,41,1764822750.2870424,1764826671,3920.7129576206207
23,42,1764822750.2870424,1764826672,3921.7129576206207
23,43,1764822750.2885277,1764826673,3922.711472272873
23,44,1764822750.2889926,1764826674,3923.7110073566437
23,45,1764822750.289884,1764826675,3924.7101159095764
23,46,1764822750.289884,1764826676,3925.7101159095764
23,47,1764822750.2909133,1764826677,3926.7090866565704
23,48,1764822750.2909133,1764826678,3927.7090866565704
23,49,1764822750.2919378,1764826679,3928.708062171936
23,5,1764822750.2929509,1764826635,3884.7070491313934
23,50,1764822750.2929509,1764826680,3929.7070491313934
23,6,1764822750.2940018,1764826636,3885.7059981822968
23,7,1764822750.2940018,1764826637,3886.7059981822968
23,8,1764822750.2949512,1764826638,3887.7050487995148
23,9,1764822750.2954729,1764826639,3888.7045271396637
3,1,1764822750.2965765,1764825664,2913.703423500061
3,10,1764822750.2965765,1764825673,2922.703423500061
3,11,1764822750.2974794,1764825674,2923.702520608902
3,12,1764822750.29939,1764825675,2924.700609922409
3,13,1764822750.300415,1764825676,2925.6995849609375
3,14,1764822750.3009133,1764825677,2926.699086666107
3,15,1764822750.3009133,1764825678,2927.699086666107
3,16,1764822750.3019488,1764825679,2928.698051214218
3,17,1764822750.3019488,1764825680,2929.698051214218
3,18,1764822750.3030217,1764825681,2930.696978330612
3,19,1764822750.3041089,1764825682,2931.6958911418915
3,2,1764822750.3041089,1764825665,2914.6958911418915
3,20,1764822750.305025,1764825683,2932.694974899292
3,21,1764822750.3056712,1764825684,2933.6943287849426
3,22,1764822750.3056712,1764825685,2934.6943287849426
3,23,1764822750.3067608,1764825686,2935.693239212036
3,24,1764822750.307796,1764825687,2936.6922039985657
3,25,1764822750.307796,1764825688,2937.6922039985657
3,26,1764822750.3086941,1764825689,2938.691305875778
3,27,1764822750.3097308,1764825690,2939.6902692317963
3,28,1764822750.3097308,1764825691,2940.6902692317963
3,29,1764822750.310879,1764825692,2941.6891210079193
3,3,1764822750.3117564,1764825666,2915.688243627548
3,30,1764822750.3117564,1764825693,2942.688243627548
3,31,1764822750.3127117,1764825694,2943.6872882843018
3,32,1764822750.3127117,1764825695,2944.6872882843018
3,33,1764822750.3137,1764825696,2945.6863000392914
3,34,1764822750.3137,1764825697,2946.6863000392914
3,35,1764822750.3147604,1764825698,2947.6852395534515
3,36,1764822750.316278,1764825699,2948.6837220191956
3,37,1764822750.3174136,1764825700,2949.6825864315033
3,38,1764822750.3184056,1764825701,2950.6815943717957
3,39,1764822750.3184056,1764825702,2951.6815943717957
3,4,1764822750.3194444,1764825667,2916.6805555820465
3,40,1764822750.3194444,1764825703,2952.6805555820465
3,5,1764822750.3202684,1764825668,2917.679731607437
3,6,1764822750.3213677,1764825669,2918.678632259369
3,7,1764822750.3213677,1764825670,2919.678632259369
3,8,1764822750.3223858,1764825671,2920.677614212036
3,9,1764822750.3232896,1764825672,2921.6767103672028
4,1,1764822750.3232896,1764825704,2953.6767103672028
4,10,1764822750.3232896,1764825713,2962.6767103672028
4,11,1764822750.3250086,1764825714,2963.6749913692474
4,12,1764822750.326167,1764825715,2964.6738328933716
4,13,1764822750.326167,1764825716,2965.6738328933716
4,14,1764822750.3272243,1764825717,2966.672775745392
4,15,1764822750.3272243,1764825718,2967.672775745392
4,16,1764822750.3280602,1764825719,2968.6719398498535
4,17,1764822750.3291388,1764825720,2969.6708612442017
4,18,1764822750.3291388,1764825721,2970.6708612442017
4,19,1764822750.3301442,1764825722,2971.6698558330536
4,2,1764822750.3311818,1764825705,2954.6688182353973
4,20,1764822750.3311818,1764825723,2972.6688182353973
4,21,1764822750.3321497,1764825724,2973.667850255966
4,22,1764822750.3331356,1764825725,2974.6668643951416
4,23,1764822750.334181,1764825726,2975.6658189296722
4,24,1764822750.334181,1764825727,2976.6658189296722
4,25,1764822750.3352191,1764825728,2977.664780855179
4,26,1764822750.3359718,1764825729,2978.6640281677246
4,27,1764822750.3359718,1764825730,2979.6640281677246
4,28,1764822750.3370872,1764825731,2980.6629128456116
4,29,1764822750.3370872,1764825732,2981.6629128456116
4,3,1764822750.3381479,1764825706,2955.661852121353
4,30,1764822750.3381479,1764825733,2982.661852121353
4,31,1764822750.3391402,1764825734,2983.660859823227
4,32,1764822750.3401847,1764825735,2984.659815311432
4,33,1764822750.3401847,1764825736,2985.659815311432
4,34,1764822750.3410916,1764825737,2986.658908367157
4,35,1764822750.3410916,1764825738,2987.658908367157
4,36,1764822750.3422265,1764825739,2988.6577734947205
4,37,1764822750.3430457,1764825740,2989.6569542884827
4,38,1764822750.3430457,1764825741,2990.6569542884827
4,39,1764822750.3440309,1764825742,2991.655969142914
4,4,1764822750.3451035,1764825707,2956.6548964977264
4,40,1764822750.3451035,1764825743,2992.6548964977264
4,41,1764822750.3456798,1764825744,2993.6543202400208
4,42,1764822750.3468962,1764825745,2994.65310382843
4,43,1764822750.3468962,1764825746,2995.65310382843
4,44,1764822750.3477452,1764825747,2996.65225481987
4,45,1764822750.3487625,1764825748,2997.651237487793
4,46,1764822750.3497634,1764825749,2998.650236606598
4,47,1764822750.3497634,1764825750,2999.650236606598
4,48,1764822750.3507538,1764825751,3000.6492462158203
4,49,1764822750.3516843,1764825752,3001.648315668106
4,5,1764822750.3516843,1764825708,2957.648315668106
4,6,1764822750.352684,1764825709,2958.647315979004
4,7,1764822750.352684,1764825710,2959.647315979004
4,8,1764822750.3537877,1764825711,2960.6462123394012
4,9,1764822750.3537877,1764825712,2961.6462123394012
5,1,1764822750.355516,1764825753,3002.6444840431213
5,10,1764822750.355516,1764825762,3011.6444840431213
5,11,1764822750.3566947,1764825763,3012.6433053016663
5,12,1764822750.3566947,1764825764,3013.6433053016663
5,13,1764822750.357722,1764825765,3014.642277956009
5,14,1764822750.357722,1764825766,3015.642277956009
5,15,1764822750.358761,1764825767,3016.641238927841
5,16,1764822750.358761,1764825768,3017.641238927841
5,17,1764822750.3596387,1764825769,3018.6403613090515
5,18,1764822750.3596387,1764825770,3019.6403613090515
5,19,1764822750.36073,1764825771,3020.639270067215
5,2,1764822750.36073,1764825754,3003.639270067215
5,20,1764822750.3622568,1764825772,3021.6377432346344
5,21,1764822750.3622568,1764825773,3022.6377432346344
5,22,1764822750.3622568,1764825774,3023.6377432346344
5,23,1764822750.363515,1764825775,3024.6364850997925
5,24,1764822750.363515,1764825776,3025.6364850997925
5,25,1764822750.363515,1764825777,3026.6364850997925
5,26,1764822750.3652115,1764825778,3027.6347885131836
5,27,1764822750.366443,1764825779,3028.6335570812225
5,28,1764822750.366443,1764825780,3029.6335570812225
5,29,1764822750.367297,1764825781,3030.632703065872
5,3,1764822750.368261,1764825755,3004.6317389011383
5,30,1764822750.368261,1764825782,3031.6317389011383
5,31,1764822750.3692248,1764825783,3032.6307752132416
5,32,1764822750.3702416,1764825784,3033.6297583580017
5,33,1764822750.3702416,1764825785,3034.6297583580017
5,34,1764822750.3712254,1764825786,3035.6287746429443
5,35,1764822750.3712254,1764825787,3036.6287746429443
5,36,1764822750.3722298,1764825788,3037.6277701854706
5,37,1764822750.3722298,1764825789,3038.6277701854706
5,38,1764822750.3722298,1764825790,3039.6277701854706
5,39,1764822750.373396,1764825791,3040.6266040802
5,4,1764822750.373396,1764825756,3005.6266040802
5,40,1764822750.373396,1764825792,3041.6266040802
5,41,1764822750.3750234,1764825793,3042.6249766349792
5,42,1764822750.3753347,1764825794,3043.624665260315
5,43,1764822750.376316,1764825795,3044.6236839294434
5,44,1764822750.376316,1764825796,3045.6236839294434
5,45,1764822750.3772106,1764825797,3046.6227893829346
5,46,1764822750.3777978,1764825798,3047.6222021579742
5,47,1764822750.3777978,1764825799,3048.6222021579742
5,48,1764822750.3789408,1764825800,3049.621059179306
5,49,1764822750.3789408,1764825801,3050.621059179306
5,5,1764822750.380102,1764825757,3006.619898080826
5,50,1764822750.380102,1764825802,3051.619898080826
5,6,1764822750.3811095,1764825758,3007.6188905239105
5,7,1764822750.3811095,1764825759,3008.6188905239105
5,8,1764822750.3820717,1764825760,3009.6179282665253
5,9,1764822750.3820717,1764825761,3010.6179282665253
6,1,1764822750.3830125,1764825803,3052.616987466812
6,10,1764822750.384067,1764825812,3061.6159329414368
6,11,1764822750.384067,1764825813,3062.6159329414368
6,12,1764822750.385138,1764825814,3063.6148619651794
6,13,1764822750.3857017,1764825815,3064.6142983436584
6,14,1764822750.3857017,1764825816,3065.6142983436584
6,15,1764822750.3868382,1764825817,3066.613161802292
6,16,1764822750.3868382,1764825818,3067.613161802292
6,17,1764822750.3877063,1764825819,3068.6122937202454
6,18,1764822750.3877063,1764825820,3069.6122937202454
6,19,1764822750.3887029,1764825821,3070.6112971305847
6,2,1764822750.3887029,1764825804,3053.6112971305847
6,20,1764822750.38991,1764825822,3071.6100900173187
6,21,1764822750.38991,1764825823,3072.6100900173187
6,22,1764822750.39081,1764825824,3073.6091899871826
6,23,1764822750.39081,1764825825,3074.6091899871826
6,24,1764822750.391703,1764825826,3075.608297109604
6,25,1764822750.3927057,1764825827,3076.60729432106
6,26,1764822750.3927057,1764825828,3077.60729432106
6,27,1764822750.3937368,1764825829,3078.6062631607056
6,28,1764822750.3937368,1764825830,3079.6062631607056
6,29,1764822750.3947096,1764825831,3080.605290412903
6,3,1764822750.3952317,1764825805,3054.6047682762146
6,30,1764822750.3952317,1764825832,3081.6047682762146
6,31,1764822750.3962348,1764825833,3082.6037652492523
6,32,1764822750.3962348,1764825834,3083.6037652492523
6,33,1764822750.3972454,1764825835,3084.6027545928955
6,34,1764822750.3972454,1764825836,3085.6027545928955
6,35,1764822750.3982346,1764825837,3086.601765394211
6,36,1764822750.3992527,1764825838,3087.600747346878
6,37,1764822750.3992527,1764825839,3088.600747346878
6,38,1764822750.3992527,1764825840,3089.600747346878
6,39,1764822750.4007297,1764825841,3090.5992703437805
6,4,1764822750.4007297,1764825806,3055.5992703437805
6,40,1764822750.4018576,1764825842,3091.598142385483
6,41,1764822750.4018576,1764825843,3092.598142385483
6,42,1764822750.402891,1764825844,3093.597109079361
6,5,1764822750.402891,1764825807,3056.597109079361
6,6,1764822750.4039392,1764825808,3057.5960607528687
6,7,1764822750.4048471,1764825809,3058.5951528549194
6,8,1764822750.4048471,1764825810,3059.5951528549194
6,9,1764822750.4059803,1764825811,3060.594019651413
7,1,1764822750.40674,1764825845,3094.59326004982
7,10,1764822750.40674,1764825854,3103.59326004982
7,11,1764822750.4075768,1764825855,3104.5924232006073
7,12,1764822750.4086459,1764825856,3105.5913541316986
7,13,1764822750.4091825,1764825857,3106.590817451477
7,14,1764822750.4102206,1764825858,3107.5897793769836
7,15,1764822750.4102206,1764825859,3108.5897793769836
7,16,1764822750.411414,1764825860,3109.5885860919952
7,17,1764822750.411414,1764825861,3110.5885860919952
7,18,1764822750.4123676,1764825862,3111.587632417679
7,19,1764822750.4123676,1764825863,3112.587632417679
7,2,1764822750.413249,1764825846,3095.586750984192
7,20,1764822750.413249,1764825864,3113.586750984192
7,21,1764822750.414916,1764825865,3114.585083961487
7,22,1764822750.4159575,1764825866,3115.5840425491333
7,23,1764822750.4159575,1764825867,3116.5840425491333
7,24,1764822750.4171233,1764825868,3117.5828766822815
7,25,1764822750.4171233,1764825869,3118.5828766822815
7,26,1764822750.417929,1764825870,3119.5820710659027
7,27,1764822750.417929,1764825871,3120.5820710659027
7,28,1764822750.4191577,1764825872,3121.580842256546
7,29,1764822750.4191577,1764825873,3122.580842256546
7,3,1764822750.4201844,1764825847,3096.5798156261444
7,30,1764822750.4210818,1764825874,3123.5789182186127
7,31,1764822750.4210818,1764825875,3124.5789182186127
7,32,1764822750.4219997,1764825876,3125.578000307083
7,33,1764822750.4219997,1764825877,3126.578000307083
7,34,1764822750.4229474,1764825878,3127.577052593231
7,35,1764822750.4241035,1764825879,3128.575896501541
7,36,1764822750.4241035,1764825880,3129.575896501541
7,37,1764822750.4250276,1764825881,3130.5749723911285
7,38,1764822750.42573,1764825882,3131.5742700099945
7,39,1764822750.42573,1764825883,3132.5742700099945
7,4,1764822750.4268048,1764825848,3097.57319521904
7,40,1764822750.4268048,1764825884,3133.57319521904
7,41,1764822750.427916,1764825885,3134.5720839500427
7,42,1764822750.4288585,1764825886,3135.5711414813995
7,43,1764822750.4288585,1764825887,3136.5711414813995
7,44,1764822750.4298148,1764825888,3137.5701851844788
7,45,1764822750.4308894,1764825889,3138.5691106319427
7,46,1764822750.4308894,1764825890,3139.5691106319427
7,47,1764822750.4319906,1764825891,3140.568009376526
7,5,1764822750.4319906,1764825849,3098.568009376526
7,6,1764822750.4329264,1764825850,3099.567073583603
7,7,1764822750.4338114,1764825851,3100.5661885738373
7,8,1764822750.434741,1764825852,3101.5652589797974
7,9,1764822750.434741,1764825853,3102.5652589797974
8,1,1764822750.434741,1764825892,3141.5652589797974
8,10,1764822750.4364135,1764825901,3150.563586473465
8,11,1764822750.4372356,1764825902,3151.562764406204
8,12,1764822750.4372356,1764825903,3152.562764406204
8,13,1764822750.4383478,1764825904,3153.5616521835327
8,14,1764822750.4383478,1764825905,3154.5616521835327
8,15,1764822750.4392507,1764825906,3155.5607492923737
8,16,1764822750.4402752,1764825907,3156.5597248077393
8,17,1764822750.4412239,1764825908,3157.558776140213
8,18,1764822750.4412239,1764825909,3158.558776140213
8,19,1764822750.442398,1764825910,3159.557601928711
8,2,1764822750.442398,1764825893,3142.557601928711
8,20,1764822750.443391,1764825911,3160.556608915329
8,21,1764822750.443391,1764825912,3161.556608915329
8,22,1764822750.443391,1764825913,3162.556608915329
8,23,1764822750.445087,1764825914,3163.554913043976
8,24,1764822750.4453983,1764825915,3164.5546016693115
8,25,1764822750.446162,1764825916,3165.5538380146027
8,26,1764822750.446162,1764825917,3166.5538380146027
8,27,1764822750.4473035,1764825918,3167.552696466446
8,28,1764822750.4473035,1764825919,3168.552696466446
8,29,1764822750.4481769,1764825920,3169.5518231391907
8,3,1764822750.4490945,1764825894,3143.5509054660797
8,30,1764822750.4502437,1764825921,3170.5497562885284
8,31,1764822750.4502437,1764825922,3171.5497562885284
8,32,1764822750.4512887,1764825923,3172.5487112998962
8,33,1764822750.4512887,1764825924,3173.5487112998962
8,34,1764822750.452299,1764825925,3174.547700881958
8,35,1764822750.4532502,1764825926,3175.546749830246
8,36,1764822750.4532502,1764825927,3176.546749830246
8,37,1764822750.4532502,1764825928,3177.546749830246
8,38,1764822750.4549544,1764825929,3178.5450456142426
8,39,1764822750.4549544,1764825930,3179.5450456142426
8,4,1764822750.4559758,1764825895,3144.5440242290497
8,40,1764822750.4569821,1764825931,3180.5430178642273
8,41,1764822750.4569821,1764825932,3181.5430178642273
8,42,1764822750.4579706,1764825933,3182.5420293807983
8,43,1764822750.4579706,1764825934,3183.5420293807983
8,5,1764822750.4590528,1764825896,3145.540947198868
8,6,1764822750.4599786,1764825897,3146.540021419525
8,7,1764822750.4599786,1764825898,3147.540021419525
8,8,1764822750.4609725,1764825899,3148.539027452469
8,9,1764822750.46197,1764825900,3149.538029909134
9,1,1764822750.46197,1764825935,3184.538029909134
9,10,1764822750.4629805,1764825944,3193.5370194911957
9,11,1764822750.4640388,1764825945,3194.535961151123
9,12,1764822750.4640388,1764825946,3195.535961151123
9,13,1764822750.4650216,1764825947,3196.53497838974
9,14,1764822750.4656346,1764825948,3197.534365415573
9,15,1764822750.4668417,1764825949,3198.533158302307
9,16,1764822750.4668417,1764825950,3199.533158302307
9,17,1764822750.467827,1764825951,3200.5321729183197
9,18,1764822750.46888,1764825952,3201.5311200618744
9,19,1764822750.46888,1764825953,3202.5311200618744
9,2,1764822750.4697595,1764825936,3185.530240535736
9,20,1764822750.4706385,1764825954,3203.529361486435
9,21,1764822750.4706385,1764825955,3204.529361486435
9,22,1764822750.4717805,1764825956,3205.528219461441
9,23,1764822750.4717805,1764825957,3206.528219461441
9,24,1764822750.4726653,1764825958,3207.527334690094
9,25,1764822750.4737966,1764825959,3208.526203393936
9,26,1764822750.4737966,1764825960,3209.526203393936
9,27,1764822750.4748623,1764825961,3210.5251376628876
9,28,1764822750.4754074,1764825962,3211.5245926380157
9,29,1764822750.4765565,1764825963,3212.5234434604645
9,3,1764822750.4765565,1764825937,3186.5234434604645
9,4,1764822750.477412,1764825938,3187.5225880146027
9,5,1764822750.477412,1764825939,3188.5225880146027
9,6,1764822750.4785435,1764825940,3189.5214564800262
9,7,1764822750.4794137,1764825941,3190.5205862522125
9,8,1764822750.4794137,1764825942,3191.5205862522125
9,9,1764822750.4804125,1764825943,3192.5195875167847
